ubigeo,district,organization_id,organization,votes,pct_valid,pct_emitted,valid_votes,emitted_votes,blank_votes,null_votes,total_actas,counted_actas,jee_actas,pending_actas,counted_pct,source_updated_at,retrieved_at,source_url
140102,ANCÓN,00000137,RENOVACIÓN POPULAR PERÚ,8998,30.857,27.502,29160,32718,1291,2267,164,144,20,0,87.805,2026-10-06T10:06:02-05:00,2026-10-06T15:12:11.994Z,https://resultadoelectoral.onpe.gob.pe/main/elecciones-municipales
140102,ANCÓN,00000100,PODEMOS PERÚ,4785,16.409,14.625,29160,32718,1291,2267,164,144,20,0,87.805,2026-10-06T10:06:02-05:00,2026-10-06T15:12:11.994Z,https://resultadoelectoral.onpe.gob.pe/main/elecciones-municipales
140102,ANCÓN,00000098,AVANZA PAÍS - PARTIDO DE INTEGRACIÓN SOCIAL,4070,13.957,12.44,29160,32718,1291,2267,164,144,20,0,87.805,2026-10-06T10:06:02-05:00,2026-10-06T15:12:11.994Z,https://resultadoelectoral.onpe.gob.pe/main/elecciones-municipales
140102,ANCÓN,00000097,FUERZA POPULAR,3912,13.416,11.957,29160,32718,1291,2267,164,144,20,0,87.805,2026-10-06T10:06:02-05:00,2026-10-06T15:12:11.994Z,https://resultadoelectoral.onpe.gob.pe/main/elecciones-municipales
140102,ANCÓN,00000094,PARTIDO DEMOCRÁTICO SOMOS PERÚ,1999,6.855,6.11,29160,32718,1291,2267,164,144,20,0,87.805,2026-10-06T10:06:02-05:00,2026-10-06T15:12:11.994Z,https://resultadoelectoral.onpe.gob.pe/main/elecciones-municipales
140102,ANCÓN,00000122,PROGRESEMOS,1656,5.679,5.061,29160,32718,1291,2267,164,144,20,0,87.805,2026-10-06T10:06:02-05:00,2026-10-06T15:12:11.994Z,https://resultadoelectoral.onpe.gob.pe/main/elecciones-municipales
140102,ANCÓN,00000123,AHORA NACIÓN - AN,760,2.606,2.323,29160,32718,1291,2267,164,144,20,0,87.805,2026-10-06T10:06:02-05:00,2026-10-06T15:12:11.994Z,https://resultadoelectoral.onpe.gob.pe/main/elecciones-municipales
140102,ANCÓN,00000117,PARTIDO CÍVICO OBRAS,554,1.9,1.693,29160,32718,1291,2267,164,144,20,0,87.805,2026-10-06T10:06:02-05:00,2026-10-06T15:12:11.994Z,https://resultadoelectoral.onpe.gob.pe/main/elecciones-municipales
140102,ANCÓN,00000095,ALIANZA PARA EL PROGRESO,553,1.896,1.69,29160,32718,1291,2267,164,144,20,0,87.805,2026-10-06T10:06:02-05:00,2026-10-06T15:12:11.994Z,https://resultadoelectoral.onpe.gob.pe/main/elecciones-municipales
140102,ANCÓN,00000096,JUNTOS POR EL PERÚ,482,1.653,1.473,29160,32718,1291,2267,164,144,20,0,87.805,2026-10-06T10:06:02-05:00,2026-10-06T15:12:11.994Z,https://resultadoelectoral.onpe.gob.pe/main/elecciones-municipales
140102,ANCÓN,00000093,ACCIÓN POPULAR,384,1.317,1.174,29160,32718,1291,2267,164,144,20,0,87.805,2026-10-06T10:06:02-05:00,2026-10-06T15:12:11.994Z,https://resultadoelectoral.onpe.gob.pe/main/elecciones-municipales
140102,ANCÓN,00000107,FRENTE POPULAR AGRÍCOLA FÍA DEL PERÚ,211,0.724,0.645,29160,32718,1291,2267,164,144,20,0,87.805,2026-10-06T10:06:02-05:00,2026-10-06T15:12:11.994Z,https://resultadoelectoral.onpe.gob.pe/main/elecciones-municipales
140102,ANCÓN,00000121,PARTIDO DEL BUEN GOBIERNO,144,0.494,0.44,29160,32718,1291,2267,164,144,20,0,87.805,2026-10-06T10:06:02-05:00,2026-10-06T15:12:11.994Z,https://resultadoelectoral.onpe.gob.pe/main/elecciones-municipales
140102,ANCÓN,00000105,PARTIDO DEMÓCRATA VERDE,101,0.346,0.309,29160,32718,1291,2267,164,144,20,0,87.805,2026-10-06T10:06:02-05:00,2026-10-06T15:12:11.994Z,https://resultadoelectoral.onpe.gob.pe/main/elecciones-municipales
140102,ANCÓN,00000099,PARTIDO POLÍTICO NACIONAL PERÚ LIBRE,92,0.316,0.281,29160,32718,1291,2267,164,144,20,0,87.805,2026-10-06T10:06:02-05:00,2026-10-06T15:12:11.994Z,https://resultadoelectoral.onpe.gob.pe/main/elecciones-municipales
140102,ANCÓN,00000102,PARTIDO FRENTE DE LA ESPERANZA 2021,91,0.312,0.278,29160,32718,1291,2267,164,144,20,0,87.805,2026-10-06T10:06:02-05:00,2026-10-06T15:12:11.994Z,https://resultadoelectoral.onpe.gob.pe/main/elecciones-municipales
140102,ANCÓN,00000104,PARTIDO PATRIÓTICO DEL PERÚ,70,0.24,0.214,29160,32718,1291,2267,164,144,20,0,87.805,2026-10-06T10:06:02-05:00,2026-10-06T15:12:11.994Z,https://resultadoelectoral.onpe.gob.pe/main/elecciones-municipales
140102,ANCÓN,00000135,ALIANZA ELECTORAL VENCEREMOS,54,0.185,0.165,29160,32718,1291,2267,164,144,20,0,87.805,2026-10-06T10:06:02-05:00,2026-10-06T15:12:11.994Z,https://resultadoelectoral.onpe.gob.pe/main/elecciones-municipales
140102,ANCÓN,00000101,PARTIDO MORADO,48,0.165,0.147,29160,32718,1291,2267,164,144,20,0,87.805,2026-10-06T10:06:02-05:00,2026-10-06T15:12:11.994Z,https://resultadoelectoral.onpe.gob.pe/main/elecciones-municipales
140102,ANCÓN,00000112,PARTIDO APRISTA PERUANO,44,0.151,0.134,29160,32718,1291,2267,164,144,20,0,87.805,2026-10-06T10:06:02-05:00,2026-10-06T15:12:11.994Z,https://resultadoelectoral.onpe.gob.pe/main/elecciones-municipales
140102,ANCÓN,00000118,PARTIDO POPULAR CRISTIANO - PPC,32,0.11,0.098,29160,32718,1291,2267,164,144,20,0,87.805,2026-10-06T10:06:02-05:00,2026-10-06T15:12:11.994Z,https://resultadoelectoral.onpe.gob.pe/main/elecciones-municipales
140102,ANCÓN,00000124,COALICIÓN TRANSFORMADORA TIERRA VERDE,31,0.106,0.095,29160,32718,1291,2267,164,144,20,0,87.805,2026-10-06T10:06:02-05:00,2026-10-06T15:12:11.994Z,https://resultadoelectoral.onpe.gob.pe/main/elecciones-municipales
140102,ANCÓN,00000125,BATALLA PERÚ,30,0.103,0.092,29160,32718,1291,2267,164,144,20,0,87.805,2026-10-06T10:06:02-05:00,2026-10-06T15:12:11.994Z,https://resultadoelectoral.onpe.gob.pe/main/elecciones-municipales
140102,ANCÓN,00000130,PARTIDO POLÍTICO PUEBLO CONSCIENTE,30,0.103,0.092,29160,32718,1291,2267,164,144,20,0,87.805,2026-10-06T10:06:02-05:00,2026-10-06T15:12:11.994Z,https://resultadoelectoral.onpe.gob.pe/main/elecciones-municipales
140102,ANCÓN,00000132,FUERZA CIUDADANA,15,0.051,0.046,29160,32718,1291,2267,164,144,20,0,87.805,2026-10-06T10:06:02-05:00,2026-10-06T15:12:11.994Z,https://resultadoelectoral.onpe.gob.pe/main/elecciones-municipales
140102,ANCÓN,00000127,VISIÓN PERÚ,14,0.048,0.043,29160,32718,1291,2267,164,144,20,0,87.805,2026-10-06T10:06:02-05:00,2026-10-06T15:12:11.994Z,https://resultadoelectoral.onpe.gob.pe/main/elecciones-municipales
140103,ATE,00000098,AVANZA PAÍS - PARTIDO DE INTEGRACIÓN SOCIAL,185201,54.137,51.025,342098,362959,7487,13374,1671,1548,123,0,92.639,2026-10-06T10:06:02-05:00,2026-10-06T15:13:04.069Z,https://resultadoelectoral.onpe.gob.pe/main/elecciones-municipales
140103,ATE,00000137,RENOVACIÓN POPULAR PERÚ,64920,18.977,17.886,342098,362959,7487,13374,1671,1548,123,0,92.639,2026-10-06T10:06:02-05:00,2026-10-06T15:13:04.069Z,https://resultadoelectoral.onpe.gob.pe/main/elecciones-municipales
140103,ATE,00000100,PODEMOS PERÚ,24542,7.174,6.762,342098,362959,7487,13374,1671,1548,123,0,92.639,2026-10-06T10:06:02-05:00,2026-10-06T15:13:04.069Z,https://resultadoelectoral.onpe.gob.pe/main/elecciones-municipales
140103,ATE,00000094,PARTIDO DEMOCRÁTICO SOMOS PERÚ,16369,4.785,4.51,342098,362959,7487,13374,1671,1548,123,0,92.639,2026-10-06T10:06:02-05:00,2026-10-06T15:13:04.069Z,https://resultadoelectoral.onpe.gob.pe/main/elecciones-municipales
140103,ATE,00000123,AHORA NACIÓN - AN,9976,2.916,2.749,342098,362959,7487,13374,1671,1548,123,0,92.639,2026-10-06T10:06:02-05:00,2026-10-06T15:13:04.069Z,https://resultadoelectoral.onpe.gob.pe/main/elecciones-municipales
140103,ATE,00000122,PROGRESEMOS,5793,1.693,1.596,342098,362959,7487,13374,1671,1548,123,0,92.639,2026-10-06T10:06:02-05:00,2026-10-06T15:13:04.069Z,https://resultadoelectoral.onpe.gob.pe/main/elecciones-municipales
140103,ATE,00000096,JUNTOS POR EL PERÚ,5612,1.64,1.546,342098,362959,7487,13374,1671,1548,123,0,92.639,2026-10-06T10:06:02-05:00,2026-10-06T15:13:04.069Z,https://resultadoelectoral.onpe.gob.pe/main/elecciones-municipales
140103,ATE,00000117,PARTIDO CÍVICO OBRAS,4742,1.386,1.306,342098,362959,7487,13374,1671,1548,123,0,92.639,2026-10-06T10:06:02-05:00,2026-10-06T15:13:04.069Z,https://resultadoelectoral.onpe.gob.pe/main/elecciones-municipales
140103,ATE,00000093,ACCIÓN POPULAR,4186,1.224,1.153,342098,362959,7487,13374,1671,1548,123,0,92.639,2026-10-06T10:06:02-05:00,2026-10-06T15:13:04.069Z,https://resultadoelectoral.onpe.gob.pe/main/elecciones-municipales
140103,ATE,00000095,ALIANZA PARA EL PROGRESO,3770,1.102,1.039,342098,362959,7487,13374,1671,1548,123,0,92.639,2026-10-06T10:06:02-05:00,2026-10-06T15:13:04.069Z,https://resultadoelectoral.onpe.gob.pe/main/elecciones-municipales
140103,ATE,00000107,FRENTE POPULAR AGRÍCOLA FÍA DEL PERÚ,3692,1.079,1.017,342098,362959,7487,13374,1671,1548,123,0,92.639,2026-10-06T10:06:02-05:00,2026-10-06T15:13:04.069Z,https://resultadoelectoral.onpe.gob.pe/main/elecciones-municipales
140103,ATE,00000097,FUERZA POPULAR,3678,1.075,1.013,342098,362959,7487,13374,1671,1548,123,0,92.639,2026-10-06T10:06:02-05:00,2026-10-06T15:13:04.069Z,https://resultadoelectoral.onpe.gob.pe/main/elecciones-municipales
140103,ATE,00000102,PARTIDO FRENTE DE LA ESPERANZA 2021,1194,0.349,0.329,342098,362959,7487,13374,1671,1548,123,0,92.639,2026-10-06T10:06:02-05:00,2026-10-06T15:13:04.069Z,https://resultadoelectoral.onpe.gob.pe/main/elecciones-municipales
140103,ATE,00000118,PARTIDO POPULAR CRISTIANO - PPC,1174,0.343,0.323,342098,362959,7487,13374,1671,1548,123,0,92.639,2026-10-06T10:06:02-05:00,2026-10-06T15:13:04.069Z,https://resultadoelectoral.onpe.gob.pe/main/elecciones-municipales
140103,ATE,00000121,PARTIDO DEL BUEN GOBIERNO,1070,0.313,0.295,342098,362959,7487,13374,1671,1548,123,0,92.639,2026-10-06T10:06:02-05:00,2026-10-06T15:13:04.069Z,https://resultadoelectoral.onpe.gob.pe/main/elecciones-municipales
140103,ATE,00000112,PARTIDO APRISTA PERUANO,1058,0.309,0.291,342098,362959,7487,13374,1671,1548,123,0,92.639,2026-10-06T10:06:02-05:00,2026-10-06T15:13:04.069Z,https://resultadoelectoral.onpe.gob.pe/main/elecciones-municipales
140103,ATE,00000099,PARTIDO POLÍTICO NACIONAL PERÚ LIBRE,801,0.234,0.221,342098,362959,7487,13374,1671,1548,123,0,92.639,2026-10-06T10:06:02-05:00,2026-10-06T15:13:04.069Z,https://resultadoelectoral.onpe.gob.pe/main/elecciones-municipales
140103,ATE,00000135,ALIANZA ELECTORAL VENCEREMOS,761,0.222,0.21,342098,362959,7487,13374,1671,1548,123,0,92.639,2026-10-06T10:06:02-05:00,2026-10-06T15:13:04.069Z,https://resultadoelectoral.onpe.gob.pe/main/elecciones-municipales
140103,ATE,00000104,PARTIDO PATRIÓTICO DEL PERÚ,753,0.22,0.207,342098,362959,7487,13374,1671,1548,123,0,92.639,2026-10-06T10:06:02-05:00,2026-10-06T15:13:04.069Z,https://resultadoelectoral.onpe.gob.pe/main/elecciones-municipales
140103,ATE,00000101,PARTIDO MORADO,717,0.21,0.198,342098,362959,7487,13374,1671,1548,123,0,92.639,2026-10-06T10:06:02-05:00,2026-10-06T15:13:04.069Z,https://resultadoelectoral.onpe.gob.pe/main/elecciones-municipales
140103,ATE,00000105,PARTIDO DEMÓCRATA VERDE,655,0.191,0.18,342098,362959,7487,13374,1671,1548,123,0,92.639,2026-10-06T10:06:02-05:00,2026-10-06T15:13:04.069Z,https://resultadoelectoral.onpe.gob.pe/main/elecciones-municipales
140103,ATE,00000124,COALICIÓN TRANSFORMADORA TIERRA VERDE,413,0.121,0.114,342098,362959,7487,13374,1671,1548,123,0,92.639,2026-10-06T10:06:02-05:00,2026-10-06T15:13:04.069Z,https://resultadoelectoral.onpe.gob.pe/main/elecciones-municipales
140103,ATE,00000127,VISIÓN PERÚ,291,0.085,0.08,342098,362959,7487,13374,1671,1548,123,0,92.639,2026-10-06T10:06:02-05:00,2026-10-06T15:13:04.069Z,https://resultadoelectoral.onpe.gob.pe/main/elecciones-municipales
140103,ATE,00000130,PARTIDO POLÍTICO PUEBLO CONSCIENTE,270,0.079,0.074,342098,362959,7487,13374,1671,1548,123,0,92.639,2026-10-06T10:06:02-05:00,2026-10-06T15:13:04.069Z,https://resultadoelectoral.onpe.gob.pe/main/elecciones-municipales
140103,ATE,00000125,BATALLA PERÚ,258,0.075,0.071,342098,362959,7487,13374,1671,1548,123,0,92.639,2026-10-06T10:06:02-05:00,2026-10-06T15:13:04.069Z,https://resultadoelectoral.onpe.gob.pe/main/elecciones-municipales
140103,ATE,00000132,FUERZA CIUDADANA,202,0.059,0.056,342098,362959,7487,13374,1671,1548,123,0,92.639,2026-10-06T10:06:02-05:00,2026-10-06T15:13:04.069Z,https://resultadoelectoral.onpe.gob.pe/main/elecciones-municipales
140125,BARRANCO,00000137,RENOVACIÓN POPULAR PERÚ,10654,35.581,33.659,29943,31653,542,1168,149,142,7,0,95.302,2026-10-06T10:06:02-05:00,2026-10-06T15:13:11.667Z,https://resultadoelectoral.onpe.gob.pe/main/elecciones-municipales
140125,BARRANCO,00000094,PARTIDO DEMOCRÁTICO SOMOS PERÚ,7807,26.073,24.664,29943,31653,542,1168,149,142,7,0,95.302,2026-10-06T10:06:02-05:00,2026-10-06T15:13:11.667Z,https://resultadoelectoral.onpe.gob.pe/main/elecciones-municipales
140125,BARRANCO,00000098,AVANZA PAÍS - PARTIDO DE INTEGRACIÓN SOCIAL,6857,22.9,21.663,29943,31653,542,1168,149,142,7,0,95.302,2026-10-06T10:06:02-05:00,2026-10-06T15:13:11.667Z,https://resultadoelectoral.onpe.gob.pe/main/elecciones-municipales
140125,BARRANCO,00000095,ALIANZA PARA EL PROGRESO,694,2.318,2.193,29943,31653,542,1168,149,142,7,0,95.302,2026-10-06T10:06:02-05:00,2026-10-06T15:13:11.667Z,https://resultadoelectoral.onpe.gob.pe/main/elecciones-municipales
140125,BARRANCO,00000093,ACCIÓN POPULAR,691,2.308,2.183,29943,31653,542,1168,149,142,7,0,95.302,2026-10-06T10:06:02-05:00,2026-10-06T15:13:11.667Z,https://resultadoelectoral.onpe.gob.pe/main/elecciones-municipales
140125,BARRANCO,00000100,PODEMOS PERÚ,622,2.077,1.965,29943,31653,542,1168,149,142,7,0,95.302,2026-10-06T10:06:02-05:00,2026-10-06T15:13:11.667Z,https://resultadoelectoral.onpe.gob.pe/main/elecciones-municipales
140125,BARRANCO,00000123,AHORA NACIÓN - AN,510,1.703,1.611,29943,31653,542,1168,149,142,7,0,95.302,2026-10-06T10:06:02-05:00,2026-10-06T15:13:11.667Z,https://resultadoelectoral.onpe.gob.pe/main/elecciones-municipales
140125,BARRANCO,00000097,FUERZA POPULAR,442,1.476,1.396,29943,31653,542,1168,149,142,7,0,95.302,2026-10-06T10:06:02-05:00,2026-10-06T15:13:11.667Z,https://resultadoelectoral.onpe.gob.pe/main/elecciones-municipales
140125,BARRANCO,00000122,PROGRESEMOS,279,0.932,0.881,29943,31653,542,1168,149,142,7,0,95.302,2026-10-06T10:06:02-05:00,2026-10-06T15:13:11.667Z,https://resultadoelectoral.onpe.gob.pe/main/elecciones-municipales
140125,BARRANCO,00000096,JUNTOS POR EL PERÚ,202,0.675,0.638,29943,31653,542,1168,149,142,7,0,95.302,2026-10-06T10:06:02-05:00,2026-10-06T15:13:11.667Z,https://resultadoelectoral.onpe.gob.pe/main/elecciones-municipales
140125,BARRANCO,00000117,PARTIDO CÍVICO OBRAS,196,0.655,0.619,29943,31653,542,1168,149,142,7,0,95.302,2026-10-06T10:06:02-05:00,2026-10-06T15:13:11.667Z,https://resultadoelectoral.onpe.gob.pe/main/elecciones-municipales
140125,BARRANCO,00000118,PARTIDO POPULAR CRISTIANO - PPC,196,0.655,0.619,29943,31653,542,1168,149,142,7,0,95.302,2026-10-06T10:06:02-05:00,2026-10-06T15:13:11.667Z,https://resultadoelectoral.onpe.gob.pe/main/elecciones-municipales
140125,BARRANCO,00000112,PARTIDO APRISTA PERUANO,183,0.611,0.578,29943,31653,542,1168,149,142,7,0,95.302,2026-10-06T10:06:02-05:00,2026-10-06T15:13:11.667Z,https://resultadoelectoral.onpe.gob.pe/main/elecciones-municipales
140125,BARRANCO,00000101,PARTIDO MORADO,161,0.538,0.509,29943,31653,542,1168,149,142,7,0,95.302,2026-10-06T10:06:02-05:00,2026-10-06T15:13:11.667Z,https://resultadoelectoral.onpe.gob.pe/main/elecciones-municipales
140125,BARRANCO,00000121,PARTIDO DEL BUEN GOBIERNO,110,0.367,0.348,29943,31653,542,1168,149,142,7,0,95.302,2026-10-06T10:06:02-05:00,2026-10-06T15:13:11.667Z,https://resultadoelectoral.onpe.gob.pe/main/elecciones-municipales
140125,BARRANCO,00000102,PARTIDO FRENTE DE LA ESPERANZA 2021,59,0.197,0.186,29943,31653,542,1168,149,142,7,0,95.302,2026-10-06T10:06:02-05:00,2026-10-06T15:13:11.667Z,https://resultadoelectoral.onpe.gob.pe/main/elecciones-municipales
140125,BARRANCO,00000107,FRENTE POPULAR AGRÍCOLA FÍA DEL PERÚ,55,0.184,0.174,29943,31653,542,1168,149,142,7,0,95.302,2026-10-06T10:06:02-05:00,2026-10-06T15:13:11.667Z,https://resultadoelectoral.onpe.gob.pe/main/elecciones-municipales
140125,BARRANCO,00000135,ALIANZA ELECTORAL VENCEREMOS,43,0.144,0.136,29943,31653,542,1168,149,142,7,0,95.302,2026-10-06T10:06:02-05:00,2026-10-06T15:13:11.667Z,https://resultadoelectoral.onpe.gob.pe/main/elecciones-municipales
140125,BARRANCO,00000105,PARTIDO DEMÓCRATA VERDE,40,0.134,0.126,29943,31653,542,1168,149,142,7,0,95.302,2026-10-06T10:06:02-05:00,2026-10-06T15:13:11.667Z,https://resultadoelectoral.onpe.gob.pe/main/elecciones-municipales
140125,BARRANCO,00000099,PARTIDO POLÍTICO NACIONAL PERÚ LIBRE,33,0.11,0.104,29943,31653,542,1168,149,142,7,0,95.302,2026-10-06T10:06:02-05:00,2026-10-06T15:13:11.667Z,https://resultadoelectoral.onpe.gob.pe/main/elecciones-municipales
140125,BARRANCO,00000104,PARTIDO PATRIÓTICO DEL PERÚ,27,0.09,0.085,29943,31653,542,1168,149,142,7,0,95.302,2026-10-06T10:06:02-05:00,2026-10-06T15:13:11.667Z,https://resultadoelectoral.onpe.gob.pe/main/elecciones-municipales
140125,BARRANCO,00000125,BATALLA PERÚ,22,0.073,0.07,29943,31653,542,1168,149,142,7,0,95.302,2026-10-06T10:06:02-05:00,2026-10-06T15:13:11.667Z,https://resultadoelectoral.onpe.gob.pe/main/elecciones-municipales
140125,BARRANCO,00000124,COALICIÓN TRANSFORMADORA TIERRA VERDE,21,0.07,0.066,29943,31653,542,1168,149,142,7,0,95.302,2026-10-06T10:06:02-05:00,2026-10-06T15:13:11.667Z,https://resultadoelectoral.onpe.gob.pe/main/elecciones-municipales
140125,BARRANCO,00000127,VISIÓN PERÚ,15,0.05,0.047,29943,31653,542,1168,149,142,7,0,95.302,2026-10-06T10:06:02-05:00,2026-10-06T15:13:11.667Z,https://resultadoelectoral.onpe.gob.pe/main/elecciones-municipales
140125,BARRANCO,00000132,FUERZA CIUDADANA,12,0.04,0.038,29943,31653,542,1168,149,142,7,0,95.302,2026-10-06T10:06:02-05:00,2026-10-06T15:13:11.667Z,https://resultadoelectoral.onpe.gob.pe/main/elecciones-municipales
140125,BARRANCO,00000130,PARTIDO POLÍTICO PUEBLO CONSCIENTE,12,0.04,0.038,29943,31653,542,1168,149,142,7,0,95.302,2026-10-06T10:06:02-05:00,2026-10-06T15:13:11.667Z,https://resultadoelectoral.onpe.gob.pe/main/elecciones-municipales
140104,BREÑA,00000098,AVANZA PAÍS - PARTIDO DE INTEGRACIÓN SOCIAL,22814,33.239,30.915,68636,73795,1825,3334,349,323,26,0,92.55,2026-10-06T10:06:02-05:00,2026-10-06T15:13:19.333Z,https://resultadoelectoral.onpe.gob.pe/main/elecciones-municipales
140104,BREÑA,00000137,RENOVACIÓN POPULAR PERÚ,18794,27.382,25.468,68636,73795,1825,3334,349,323,26,0,92.55,2026-10-06T10:06:02-05:00,2026-10-06T15:13:19.333Z,https://resultadoelectoral.onpe.gob.pe/main/elecciones-municipales
140104,BREÑA,00000094,PARTIDO DEMOCRÁTICO SOMOS PERÚ,8385,12.217,11.363,68636,73795,1825,3334,349,323,26,0,92.55,2026-10-06T10:06:02-05:00,2026-10-06T15:13:19.333Z,https://resultadoelectoral.onpe.gob.pe/main/elecciones-municipales
140104,BREÑA,00000100,PODEMOS PERÚ,5313,7.741,7.2,68636,73795,1825,3334,349,323,26,0,92.55,2026-10-06T10:06:02-05:00,2026-10-06T15:13:19.333Z,https://resultadoelectoral.onpe.gob.pe/main/elecciones-municipales
140104,BREÑA,00000097,FUERZA POPULAR,2295,3.344,3.11,68636,73795,1825,3334,349,323,26,0,92.55,2026-10-06T10:06:02-05:00,2026-10-06T15:13:19.333Z,https://resultadoelectoral.onpe.gob.pe/main/elecciones-municipales
140104,BREÑA,00000123,AHORA NACIÓN - AN,2256,3.287,3.057,68636,73795,1825,3334,349,323,26,0,92.55,2026-10-06T10:06:02-05:00,2026-10-06T15:13:19.333Z,https://resultadoelectoral.onpe.gob.pe/main/elecciones-municipales
140104,BREÑA,00000093,ACCIÓN POPULAR,1538,2.241,2.084,68636,73795,1825,3334,349,323,26,0,92.55,2026-10-06T10:06:02-05:00,2026-10-06T15:13:19.333Z,https://resultadoelectoral.onpe.gob.pe/main/elecciones-municipales
140104,BREÑA,00000095,ALIANZA PARA EL PROGRESO,1270,1.85,1.721,68636,73795,1825,3334,349,323,26,0,92.55,2026-10-06T10:06:02-05:00,2026-10-06T15:13:19.333Z,https://resultadoelectoral.onpe.gob.pe/main/elecciones-municipales
140104,BREÑA,00000096,JUNTOS POR EL PERÚ,1156,1.684,1.567,68636,73795,1825,3334,349,323,26,0,92.55,2026-10-06T10:06:02-05:00,2026-10-06T15:13:19.333Z,https://resultadoelectoral.onpe.gob.pe/main/elecciones-municipales
140104,BREÑA,00000112,PARTIDO APRISTA PERUANO,1008,1.469,1.366,68636,73795,1825,3334,349,323,26,0,92.55,2026-10-06T10:06:02-05:00,2026-10-06T15:13:19.333Z,https://resultadoelectoral.onpe.gob.pe/main/elecciones-municipales
140104,BREÑA,00000117,PARTIDO CÍVICO OBRAS,907,1.321,1.229,68636,73795,1825,3334,349,323,26,0,92.55,2026-10-06T10:06:02-05:00,2026-10-06T15:13:19.333Z,https://resultadoelectoral.onpe.gob.pe/main/elecciones-municipales
140104,BREÑA,00000118,PARTIDO POPULAR CRISTIANO - PPC,467,0.68,0.633,68636,73795,1825,3334,349,323,26,0,92.55,2026-10-06T10:06:02-05:00,2026-10-06T15:13:19.333Z,https://resultadoelectoral.onpe.gob.pe/main/elecciones-municipales
140104,BREÑA,00000105,PARTIDO DEMÓCRATA VERDE,403,0.587,0.546,68636,73795,1825,3334,349,323,26,0,92.55,2026-10-06T10:06:02-05:00,2026-10-06T15:13:19.333Z,https://resultadoelectoral.onpe.gob.pe/main/elecciones-municipales
140104,BREÑA,00000122,PROGRESEMOS,367,0.535,0.497,68636,73795,1825,3334,349,323,26,0,92.55,2026-10-06T10:06:02-05:00,2026-10-06T15:13:19.333Z,https://resultadoelectoral.onpe.gob.pe/main/elecciones-municipales
140104,BREÑA,00000121,PARTIDO DEL BUEN GOBIERNO,364,0.53,0.493,68636,73795,1825,3334,349,323,26,0,92.55,2026-10-06T10:06:02-05:00,2026-10-06T15:13:19.333Z,https://resultadoelectoral.onpe.gob.pe/main/elecciones-municipales
140104,BREÑA,00000102,PARTIDO FRENTE DE LA ESPERANZA 2021,282,0.411,0.382,68636,73795,1825,3334,349,323,26,0,92.55,2026-10-06T10:06:02-05:00,2026-10-06T15:13:19.333Z,https://resultadoelectoral.onpe.gob.pe/main/elecciones-municipales
140104,BREÑA,00000107,FRENTE POPULAR AGRÍCOLA FÍA DEL PERÚ,179,0.261,0.243,68636,73795,1825,3334,349,323,26,0,92.55,2026-10-06T10:06:02-05:00,2026-10-06T15:13:19.333Z,https://resultadoelectoral.onpe.gob.pe/main/elecciones-municipales
140104,BREÑA,00000104,PARTIDO PATRIÓTICO DEL PERÚ,138,0.201,0.187,68636,73795,1825,3334,349,323,26,0,92.55,2026-10-06T10:06:02-05:00,2026-10-06T15:13:19.333Z,https://resultadoelectoral.onpe.gob.pe/main/elecciones-municipales
140104,BREÑA,00000099,PARTIDO POLÍTICO NACIONAL PERÚ LIBRE,124,0.181,0.168,68636,73795,1825,3334,349,323,26,0,92.55,2026-10-06T10:06:02-05:00,2026-10-06T15:13:19.333Z,https://resultadoelectoral.onpe.gob.pe/main/elecciones-municipales
140104,BREÑA,00000101,PARTIDO MORADO,121,0.176,0.164,68636,73795,1825,3334,349,323,26,0,92.55,2026-10-06T10:06:02-05:00,2026-10-06T15:13:19.333Z,https://resultadoelectoral.onpe.gob.pe/main/elecciones-municipales
140104,BREÑA,00000130,PARTIDO POLÍTICO PUEBLO CONSCIENTE,114,0.166,0.154,68636,73795,1825,3334,349,323,26,0,92.55,2026-10-06T10:06:02-05:00,2026-10-06T15:13:19.333Z,https://resultadoelectoral.onpe.gob.pe/main/elecciones-municipales
140104,BREÑA,00000124,COALICIÓN TRANSFORMADORA TIERRA VERDE,90,0.131,0.122,68636,73795,1825,3334,349,323,26,0,92.55,2026-10-06T10:06:02-05:00,2026-10-06T15:13:19.333Z,https://resultadoelectoral.onpe.gob.pe/main/elecciones-municipales
140104,BREÑA,00000135,ALIANZA ELECTORAL VENCEREMOS,88,0.128,0.119,68636,73795,1825,3334,349,323,26,0,92.55,2026-10-06T10:06:02-05:00,2026-10-06T15:13:19.333Z,https://resultadoelectoral.onpe.gob.pe/main/elecciones-municipales
140104,BREÑA,00000132,FUERZA CIUDADANA,64,0.093,0.087,68636,73795,1825,3334,349,323,26,0,92.55,2026-10-06T10:06:02-05:00,2026-10-06T15:13:19.333Z,https://resultadoelectoral.onpe.gob.pe/main/elecciones-municipales
140104,BREÑA,00000127,VISIÓN PERÚ,53,0.077,0.072,68636,73795,1825,3334,349,323,26,0,92.55,2026-10-06T10:06:02-05:00,2026-10-06T15:13:19.333Z,https://resultadoelectoral.onpe.gob.pe/main/elecciones-municipales
140104,BREÑA,00000125,BATALLA PERÚ,46,0.067,0.062,68636,73795,1825,3334,349,323,26,0,92.55,2026-10-06T10:06:02-05:00,2026-10-06T15:13:19.333Z,https://resultadoelectoral.onpe.gob.pe/main/elecciones-municipales
140105,CARABAYLLO,00000137,RENOVACIÓN POPULAR PERÚ,46009,27.46,24.876,167548,184953,5473,11932,861,793,68,0,92.102,2026-10-06T10:06:02-05:00,2026-10-06T15:13:27.079Z,https://resultadoelectoral.onpe.gob.pe/main/elecciones-municipales
140105,CARABAYLLO,00000098,AVANZA PAÍS - PARTIDO DE INTEGRACIÓN SOCIAL,32402,19.339,17.519,167548,184953,5473,11932,861,793,68,0,92.102,2026-10-06T10:06:02-05:00,2026-10-06T15:13:27.079Z,https://resultadoelectoral.onpe.gob.pe/main/elecciones-municipales
140105,CARABAYLLO,00000095,ALIANZA PARA EL PROGRESO,18594,11.098,10.053,167548,184953,5473,11932,861,793,68,0,92.102,2026-10-06T10:06:02-05:00,2026-10-06T15:13:27.079Z,https://resultadoelectoral.onpe.gob.pe/main/elecciones-municipales
140105,CARABAYLLO,00000100,PODEMOS PERÚ,17018,10.157,9.201,167548,184953,5473,11932,861,793,68,0,92.102,2026-10-06T10:06:02-05:00,2026-10-06T15:13:27.079Z,https://resultadoelectoral.onpe.gob.pe/main/elecciones-municipales
140105,CARABAYLLO,00000094,PARTIDO DEMOCRÁTICO SOMOS PERÚ,14984,8.943,8.102,167548,184953,5473,11932,861,793,68,0,92.102,2026-10-06T10:06:02-05:00,2026-10-06T15:13:27.079Z,https://resultadoelectoral.onpe.gob.pe/main/elecciones-municipales
140105,CARABAYLLO,00000123,AHORA NACIÓN - AN,10535,6.288,5.696,167548,184953,5473,11932,861,793,68,0,92.102,2026-10-06T10:06:02-05:00,2026-10-06T15:13:27.079Z,https://resultadoelectoral.onpe.gob.pe/main/elecciones-municipales
140105,CARABAYLLO,00000097,FUERZA POPULAR,6368,3.801,3.443,167548,184953,5473,11932,861,793,68,0,92.102,2026-10-06T10:06:02-05:00,2026-10-06T15:13:27.079Z,https://resultadoelectoral.onpe.gob.pe/main/elecciones-municipales
140105,CARABAYLLO,00000096,JUNTOS POR EL PERÚ,4549,2.715,2.46,167548,184953,5473,11932,861,793,68,0,92.102,2026-10-06T10:06:02-05:00,2026-10-06T15:13:27.079Z,https://resultadoelectoral.onpe.gob.pe/main/elecciones-municipales
140105,CARABAYLLO,00000117,PARTIDO CÍVICO OBRAS,3836,2.289,2.074,167548,184953,5473,11932,861,793,68,0,92.102,2026-10-06T10:06:02-05:00,2026-10-06T15:13:27.079Z,https://resultadoelectoral.onpe.gob.pe/main/elecciones-municipales
140105,CARABAYLLO,00000107,FRENTE POPULAR AGRÍCOLA FÍA DEL PERÚ,3021,1.803,1.633,167548,184953,5473,11932,861,793,68,0,92.102,2026-10-06T10:06:02-05:00,2026-10-06T15:13:27.079Z,https://resultadoelectoral.onpe.gob.pe/main/elecciones-municipales
140105,CARABAYLLO,00000093,ACCIÓN POPULAR,2758,1.646,1.491,167548,184953,5473,11932,861,793,68,0,92.102,2026-10-06T10:06:02-05:00,2026-10-06T15:13:27.079Z,https://resultadoelectoral.onpe.gob.pe/main/elecciones-municipales
140105,CARABAYLLO,00000122,PROGRESEMOS,1333,0.796,0.721,167548,184953,5473,11932,861,793,68,0,92.102,2026-10-06T10:06:02-05:00,2026-10-06T15:13:27.079Z,https://resultadoelectoral.onpe.gob.pe/main/elecciones-municipales
140105,CARABAYLLO,00000121,PARTIDO DEL BUEN GOBIERNO,946,0.565,0.511,167548,184953,5473,11932,861,793,68,0,92.102,2026-10-06T10:06:02-05:00,2026-10-06T15:13:27.079Z,https://resultadoelectoral.onpe.gob.pe/main/elecciones-municipales
140105,CARABAYLLO,00000118,PARTIDO POPULAR CRISTIANO - PPC,824,0.492,0.446,167548,184953,5473,11932,861,793,68,0,92.102,2026-10-06T10:06:02-05:00,2026-10-06T15:13:27.079Z,https://resultadoelectoral.onpe.gob.pe/main/elecciones-municipales
140105,CARABAYLLO,00000112,PARTIDO APRISTA PERUANO,808,0.482,0.437,167548,184953,5473,11932,861,793,68,0,92.102,2026-10-06T10:06:02-05:00,2026-10-06T15:13:27.079Z,https://resultadoelectoral.onpe.gob.pe/main/elecciones-municipales
140105,CARABAYLLO,00000102,PARTIDO FRENTE DE LA ESPERANZA 2021,627,0.374,0.339,167548,184953,5473,11932,861,793,68,0,92.102,2026-10-06T10:06:02-05:00,2026-10-06T15:13:27.079Z,https://resultadoelectoral.onpe.gob.pe/main/elecciones-municipales
140105,CARABAYLLO,00000105,PARTIDO DEMÓCRATA VERDE,587,0.35,0.317,167548,184953,5473,11932,861,793,68,0,92.102,2026-10-06T10:06:02-05:00,2026-10-06T15:13:27.079Z,https://resultadoelectoral.onpe.gob.pe/main/elecciones-municipales
140105,CARABAYLLO,00000099,PARTIDO POLÍTICO NACIONAL PERÚ LIBRE,511,0.305,0.276,167548,184953,5473,11932,861,793,68,0,92.102,2026-10-06T10:06:02-05:00,2026-10-06T15:13:27.079Z,https://resultadoelectoral.onpe.gob.pe/main/elecciones-municipales
140105,CARABAYLLO,00000104,PARTIDO PATRIÓTICO DEL PERÚ,425,0.254,0.23,167548,184953,5473,11932,861,793,68,0,92.102,2026-10-06T10:06:02-05:00,2026-10-06T15:13:27.079Z,https://resultadoelectoral.onpe.gob.pe/main/elecciones-municipales
140105,CARABAYLLO,00000135,ALIANZA ELECTORAL VENCEREMOS,323,0.193,0.175,167548,184953,5473,11932,861,793,68,0,92.102,2026-10-06T10:06:02-05:00,2026-10-06T15:13:27.079Z,https://resultadoelectoral.onpe.gob.pe/main/elecciones-municipales
140105,CARABAYLLO,00000101,PARTIDO MORADO,315,0.188,0.17,167548,184953,5473,11932,861,793,68,0,92.102,2026-10-06T10:06:02-05:00,2026-10-06T15:13:27.079Z,https://resultadoelectoral.onpe.gob.pe/main/elecciones-municipales
140105,CARABAYLLO,00000124,COALICIÓN TRANSFORMADORA TIERRA VERDE,255,0.152,0.138,167548,184953,5473,11932,861,793,68,0,92.102,2026-10-06T10:06:02-05:00,2026-10-06T15:13:27.079Z,https://resultadoelectoral.onpe.gob.pe/main/elecciones-municipales
140105,CARABAYLLO,00000125,BATALLA PERÚ,174,0.104,0.094,167548,184953,5473,11932,861,793,68,0,92.102,2026-10-06T10:06:02-05:00,2026-10-06T15:13:27.079Z,https://resultadoelectoral.onpe.gob.pe/main/elecciones-municipales
140105,CARABAYLLO,00000132,FUERZA CIUDADANA,134,0.08,0.072,167548,184953,5473,11932,861,793,68,0,92.102,2026-10-06T10:06:02-05:00,2026-10-06T15:13:27.079Z,https://resultadoelectoral.onpe.gob.pe/main/elecciones-municipales
140105,CARABAYLLO,00000130,PARTIDO POLÍTICO PUEBLO CONSCIENTE,130,0.078,0.07,167548,184953,5473,11932,861,793,68,0,92.102,2026-10-06T10:06:02-05:00,2026-10-06T15:13:27.079Z,https://resultadoelectoral.onpe.gob.pe/main/elecciones-municipales
140105,CARABAYLLO,00000127,VISIÓN PERÚ,82,0.049,0.044,167548,184953,5473,11932,861,793,68,0,92.102,2026-10-06T10:06:02-05:00,2026-10-06T15:13:27.079Z,https://resultadoelectoral.onpe.gob.pe/main/elecciones-municipales
140107,CHACLACAYO,00000137,RENOVACIÓN POPULAR PERÚ,10531,39.848,37.054,26428,28421,670,1323,138,124,14,0,89.855,2026-10-06T10:06:02-05:00,2026-10-06T15:13:34.905Z,https://resultadoelectoral.onpe.gob.pe/main/elecciones-municipales
140107,CHACLACAYO,00000098,AVANZA PAÍS - PARTIDO DE INTEGRACIÓN SOCIAL,6708,25.382,23.602,26428,28421,670,1323,138,124,14,0,89.855,2026-10-06T10:06:02-05:00,2026-10-06T15:13:34.905Z,https://resultadoelectoral.onpe.gob.pe/main/elecciones-municipales
140107,CHACLACAYO,00000100,PODEMOS PERÚ,2462,9.316,8.663,26428,28421,670,1323,138,124,14,0,89.855,2026-10-06T10:06:02-05:00,2026-10-06T15:13:34.905Z,https://resultadoelectoral.onpe.gob.pe/main/elecciones-municipales
140107,CHACLACAYO,00000094,PARTIDO DEMOCRÁTICO SOMOS PERÚ,1609,6.088,5.661,26428,28421,670,1323,138,124,14,0,89.855,2026-10-06T10:06:02-05:00,2026-10-06T15:13:34.905Z,https://resultadoelectoral.onpe.gob.pe/main/elecciones-municipales
140107,CHACLACAYO,00000132,FUERZA CIUDADANA,842,3.186,2.963,26428,28421,670,1323,138,124,14,0,89.855,2026-10-06T10:06:02-05:00,2026-10-06T15:13:34.905Z,https://resultadoelectoral.onpe.gob.pe/main/elecciones-municipales
140107,CHACLACAYO,00000123,AHORA NACIÓN - AN,777,2.94,2.734,26428,28421,670,1323,138,124,14,0,89.855,2026-10-06T10:06:02-05:00,2026-10-06T15:13:34.905Z,https://resultadoelectoral.onpe.gob.pe/main/elecciones-municipales
140107,CHACLACAYO,00000095,ALIANZA PARA EL PROGRESO,674,2.55,2.371,26428,28421,670,1323,138,124,14,0,89.855,2026-10-06T10:06:02-05:00,2026-10-06T15:13:34.905Z,https://resultadoelectoral.onpe.gob.pe/main/elecciones-municipales
140107,CHACLACAYO,00000096,JUNTOS POR EL PERÚ,560,2.119,1.97,26428,28421,670,1323,138,124,14,0,89.855,2026-10-06T10:06:02-05:00,2026-10-06T15:13:34.905Z,https://resultadoelectoral.onpe.gob.pe/main/elecciones-municipales
140107,CHACLACAYO,00000093,ACCIÓN POPULAR,467,1.767,1.643,26428,28421,670,1323,138,124,14,0,89.855,2026-10-06T10:06:02-05:00,2026-10-06T15:13:34.905Z,https://resultadoelectoral.onpe.gob.pe/main/elecciones-municipales
140107,CHACLACAYO,00000097,FUERZA POPULAR,330,1.249,1.161,26428,28421,670,1323,138,124,14,0,89.855,2026-10-06T10:06:02-05:00,2026-10-06T15:13:34.905Z,https://resultadoelectoral.onpe.gob.pe/main/elecciones-municipales
140107,CHACLACAYO,00000117,PARTIDO CÍVICO OBRAS,324,1.226,1.14,26428,28421,670,1323,138,124,14,0,89.855,2026-10-06T10:06:02-05:00,2026-10-06T15:13:34.905Z,https://resultadoelectoral.onpe.gob.pe/main/elecciones-municipales
140107,CHACLACAYO,00000105,PARTIDO DEMÓCRATA VERDE,302,1.143,1.063,26428,28421,670,1323,138,124,14,0,89.855,2026-10-06T10:06:02-05:00,2026-10-06T15:13:34.905Z,https://resultadoelectoral.onpe.gob.pe/main/elecciones-municipales
140107,CHACLACAYO,00000122,PROGRESEMOS,191,0.723,0.672,26428,28421,670,1323,138,124,14,0,89.855,2026-10-06T10:06:02-05:00,2026-10-06T15:13:34.905Z,https://resultadoelectoral.onpe.gob.pe/main/elecciones-municipales
140107,CHACLACAYO,00000099,PARTIDO POLÍTICO NACIONAL PERÚ LIBRE,142,0.537,0.5,26428,28421,670,1323,138,124,14,0,89.855,2026-10-06T10:06:02-05:00,2026-10-06T15:13:34.905Z,https://resultadoelectoral.onpe.gob.pe/main/elecciones-municipales
140107,CHACLACAYO,00000107,FRENTE POPULAR AGRÍCOLA FÍA DEL PERÚ,86,0.325,0.303,26428,28421,670,1323,138,124,14,0,89.855,2026-10-06T10:06:02-05:00,2026-10-06T15:13:34.905Z,https://resultadoelectoral.onpe.gob.pe/main/elecciones-municipales
140107,CHACLACAYO,00000121,PARTIDO DEL BUEN GOBIERNO,86,0.325,0.303,26428,28421,670,1323,138,124,14,0,89.855,2026-10-06T10:06:02-05:00,2026-10-06T15:13:34.905Z,https://resultadoelectoral.onpe.gob.pe/main/elecciones-municipales
140107,CHACLACAYO,00000102,PARTIDO FRENTE DE LA ESPERANZA 2021,74,0.28,0.26,26428,28421,670,1323,138,124,14,0,89.855,2026-10-06T10:06:02-05:00,2026-10-06T15:13:34.905Z,https://resultadoelectoral.onpe.gob.pe/main/elecciones-municipales
140107,CHACLACAYO,00000112,PARTIDO APRISTA PERUANO,60,0.227,0.211,26428,28421,670,1323,138,124,14,0,89.855,2026-10-06T10:06:02-05:00,2026-10-06T15:13:34.905Z,https://resultadoelectoral.onpe.gob.pe/main/elecciones-municipales
140107,CHACLACAYO,00000104,PARTIDO PATRIÓTICO DEL PERÚ,50,0.189,0.176,26428,28421,670,1323,138,124,14,0,89.855,2026-10-06T10:06:02-05:00,2026-10-06T15:13:34.905Z,https://resultadoelectoral.onpe.gob.pe/main/elecciones-municipales
140107,CHACLACAYO,00000135,ALIANZA ELECTORAL VENCEREMOS,41,0.155,0.144,26428,28421,670,1323,138,124,14,0,89.855,2026-10-06T10:06:02-05:00,2026-10-06T15:13:34.905Z,https://resultadoelectoral.onpe.gob.pe/main/elecciones-municipales
140107,CHACLACAYO,00000101,PARTIDO MORADO,30,0.114,0.106,26428,28421,670,1323,138,124,14,0,89.855,2026-10-06T10:06:02-05:00,2026-10-06T15:13:34.905Z,https://resultadoelectoral.onpe.gob.pe/main/elecciones-municipales
140107,CHACLACAYO,00000118,PARTIDO POPULAR CRISTIANO - PPC,25,0.095,0.088,26428,28421,670,1323,138,124,14,0,89.855,2026-10-06T10:06:02-05:00,2026-10-06T15:13:34.905Z,https://resultadoelectoral.onpe.gob.pe/main/elecciones-municipales
140107,CHACLACAYO,00000125,BATALLA PERÚ,20,0.076,0.07,26428,28421,670,1323,138,124,14,0,89.855,2026-10-06T10:06:02-05:00,2026-10-06T15:13:34.905Z,https://resultadoelectoral.onpe.gob.pe/main/elecciones-municipales
140107,CHACLACAYO,00000124,COALICIÓN TRANSFORMADORA TIERRA VERDE,15,0.057,0.053,26428,28421,670,1323,138,124,14,0,89.855,2026-10-06T10:06:02-05:00,2026-10-06T15:13:34.905Z,https://resultadoelectoral.onpe.gob.pe/main/elecciones-municipales
140107,CHACLACAYO,00000130,PARTIDO POLÍTICO PUEBLO CONSCIENTE,14,0.053,0.049,26428,28421,670,1323,138,124,14,0,89.855,2026-10-06T10:06:02-05:00,2026-10-06T15:13:34.905Z,https://resultadoelectoral.onpe.gob.pe/main/elecciones-municipales
140107,CHACLACAYO,00000127,VISIÓN PERÚ,8,0.03,0.028,26428,28421,670,1323,138,124,14,0,89.855,2026-10-06T10:06:02-05:00,2026-10-06T15:13:34.905Z,https://resultadoelectoral.onpe.gob.pe/main/elecciones-municipales
140108,CHORRILLOS,00000137,RENOVACIÓN POPULAR PERÚ,55246,30.501,28.098,181129,196619,4791,10699,899,832,67,0,92.547,2026-10-06T10:06:02-05:00,2026-10-06T15:13:42.772Z,https://resultadoelectoral.onpe.gob.pe/main/elecciones-municipales
140108,CHORRILLOS,00000098,AVANZA PAÍS - PARTIDO DE INTEGRACIÓN SOCIAL,39778,21.961,20.231,181129,196619,4791,10699,899,832,67,0,92.547,2026-10-06T10:06:02-05:00,2026-10-06T15:13:42.772Z,https://resultadoelectoral.onpe.gob.pe/main/elecciones-municipales
140108,CHORRILLOS,00000094,PARTIDO DEMOCRÁTICO SOMOS PERÚ,28654,15.82,14.573,181129,196619,4791,10699,899,832,67,0,92.547,2026-10-06T10:06:02-05:00,2026-10-06T15:13:42.772Z,https://resultadoelectoral.onpe.gob.pe/main/elecciones-municipales
140108,CHORRILLOS,00000095,ALIANZA PARA EL PROGRESO,10378,5.73,5.278,181129,196619,4791,10699,899,832,67,0,92.547,2026-10-06T10:06:02-05:00,2026-10-06T15:13:42.772Z,https://resultadoelectoral.onpe.gob.pe/main/elecciones-municipales
140108,CHORRILLOS,00000093,ACCIÓN POPULAR,8923,4.926,4.538,181129,196619,4791,10699,899,832,67,0,92.547,2026-10-06T10:06:02-05:00,2026-10-06T15:13:42.772Z,https://resultadoelectoral.onpe.gob.pe/main/elecciones-municipales
140108,CHORRILLOS,00000097,FUERZA POPULAR,8781,4.848,4.466,181129,196619,4791,10699,899,832,67,0,92.547,2026-10-06T10:06:02-05:00,2026-10-06T15:13:42.772Z,https://resultadoelectoral.onpe.gob.pe/main/elecciones-municipales
140108,CHORRILLOS,00000100,PODEMOS PERÚ,8750,4.831,4.45,181129,196619,4791,10699,899,832,67,0,92.547,2026-10-06T10:06:02-05:00,2026-10-06T15:13:42.772Z,https://resultadoelectoral.onpe.gob.pe/main/elecciones-municipales
140108,CHORRILLOS,00000123,AHORA NACIÓN - AN,4558,2.516,2.318,181129,196619,4791,10699,899,832,67,0,92.547,2026-10-06T10:06:02-05:00,2026-10-06T15:13:42.772Z,https://resultadoelectoral.onpe.gob.pe/main/elecciones-municipales
140108,CHORRILLOS,00000096,JUNTOS POR EL PERÚ,2898,1.6,1.474,181129,196619,4791,10699,899,832,67,0,92.547,2026-10-06T10:06:02-05:00,2026-10-06T15:13:42.772Z,https://resultadoelectoral.onpe.gob.pe/main/elecciones-municipales
140108,CHORRILLOS,00000122,PROGRESEMOS,2440,1.347,1.241,181129,196619,4791,10699,899,832,67,0,92.547,2026-10-06T10:06:02-05:00,2026-10-06T15:13:42.772Z,https://resultadoelectoral.onpe.gob.pe/main/elecciones-municipales
140108,CHORRILLOS,00000107,FRENTE POPULAR AGRÍCOLA FÍA DEL PERÚ,2245,1.239,1.142,181129,196619,4791,10699,899,832,67,0,92.547,2026-10-06T10:06:02-05:00,2026-10-06T15:13:42.772Z,https://resultadoelectoral.onpe.gob.pe/main/elecciones-municipales
140108,CHORRILLOS,00000117,PARTIDO CÍVICO OBRAS,2080,1.148,1.058,181129,196619,4791,10699,899,832,67,0,92.547,2026-10-06T10:06:02-05:00,2026-10-06T15:13:42.772Z,https://resultadoelectoral.onpe.gob.pe/main/elecciones-municipales
140108,CHORRILLOS,00000101,PARTIDO MORADO,1224,0.676,0.623,181129,196619,4791,10699,899,832,67,0,92.547,2026-10-06T10:06:02-05:00,2026-10-06T15:13:42.772Z,https://resultadoelectoral.onpe.gob.pe/main/elecciones-municipales
140108,CHORRILLOS,00000121,PARTIDO DEL BUEN GOBIERNO,880,0.486,0.448,181129,196619,4791,10699,899,832,67,0,92.547,2026-10-06T10:06:02-05:00,2026-10-06T15:13:42.772Z,https://resultadoelectoral.onpe.gob.pe/main/elecciones-municipales
140108,CHORRILLOS,00000112,PARTIDO APRISTA PERUANO,856,0.473,0.435,181129,196619,4791,10699,899,832,67,0,92.547,2026-10-06T10:06:02-05:00,2026-10-06T15:13:42.772Z,https://resultadoelectoral.onpe.gob.pe/main/elecciones-municipales
140108,CHORRILLOS,00000105,PARTIDO DEMÓCRATA VERDE,733,0.405,0.373,181129,196619,4791,10699,899,832,67,0,92.547,2026-10-06T10:06:02-05:00,2026-10-06T15:13:42.772Z,https://resultadoelectoral.onpe.gob.pe/main/elecciones-municipales
140108,CHORRILLOS,00000102,PARTIDO FRENTE DE LA ESPERANZA 2021,622,0.343,0.316,181129,196619,4791,10699,899,832,67,0,92.547,2026-10-06T10:06:02-05:00,2026-10-06T15:13:42.772Z,https://resultadoelectoral.onpe.gob.pe/main/elecciones-municipales
140108,CHORRILLOS,00000118,PARTIDO POPULAR CRISTIANO - PPC,555,0.306,0.282,181129,196619,4791,10699,899,832,67,0,92.547,2026-10-06T10:06:02-05:00,2026-10-06T15:13:42.772Z,https://resultadoelectoral.onpe.gob.pe/main/elecciones-municipales
140108,CHORRILLOS,00000099,PARTIDO POLÍTICO NACIONAL PERÚ LIBRE,370,0.204,0.188,181129,196619,4791,10699,899,832,67,0,92.547,2026-10-06T10:06:02-05:00,2026-10-06T15:13:42.772Z,https://resultadoelectoral.onpe.gob.pe/main/elecciones-municipales
140108,CHORRILLOS,00000124,COALICIÓN TRANSFORMADORA TIERRA VERDE,245,0.135,0.125,181129,196619,4791,10699,899,832,67,0,92.547,2026-10-06T10:06:02-05:00,2026-10-06T15:13:42.772Z,https://resultadoelectoral.onpe.gob.pe/main/elecciones-municipales
140108,CHORRILLOS,00000135,ALIANZA ELECTORAL VENCEREMOS,244,0.135,0.124,181129,196619,4791,10699,899,832,67,0,92.547,2026-10-06T10:06:02-05:00,2026-10-06T15:13:42.772Z,https://resultadoelectoral.onpe.gob.pe/main/elecciones-municipales
140108,CHORRILLOS,00000104,PARTIDO PATRIÓTICO DEL PERÚ,196,0.108,0.1,181129,196619,4791,10699,899,832,67,0,92.547,2026-10-06T10:06:02-05:00,2026-10-06T15:13:42.772Z,https://resultadoelectoral.onpe.gob.pe/main/elecciones-municipales
140108,CHORRILLOS,00000130,PARTIDO POLÍTICO PUEBLO CONSCIENTE,154,0.085,0.078,181129,196619,4791,10699,899,832,67,0,92.547,2026-10-06T10:06:02-05:00,2026-10-06T15:13:42.772Z,https://resultadoelectoral.onpe.gob.pe/main/elecciones-municipales
140108,CHORRILLOS,00000127,VISIÓN PERÚ,115,0.063,0.058,181129,196619,4791,10699,899,832,67,0,92.547,2026-10-06T10:06:02-05:00,2026-10-06T15:13:42.772Z,https://resultadoelectoral.onpe.gob.pe/main/elecciones-municipales
140108,CHORRILLOS,00000132,FUERZA CIUDADANA,106,0.059,0.054,181129,196619,4791,10699,899,832,67,0,92.547,2026-10-06T10:06:02-05:00,2026-10-06T15:13:42.772Z,https://resultadoelectoral.onpe.gob.pe/main/elecciones-municipales
140108,CHORRILLOS,00000125,BATALLA PERÚ,98,0.054,0.05,181129,196619,4791,10699,899,832,67,0,92.547,2026-10-06T10:06:02-05:00,2026-10-06T15:13:42.772Z,https://resultadoelectoral.onpe.gob.pe/main/elecciones-municipales
140139,CIENEGUILLA,00000137,RENOVACIÓN POPULAR PERÚ,6512,31.712,29.189,20535,22310,459,1316,105,92,13,0,87.619,2026-10-06T10:12:01-05:00,2026-10-06T15:18:56.067Z,https://resultadoelectoral.onpe.gob.pe/main/elecciones-municipales
140139,CIENEGUILLA,00000094,PARTIDO DEMOCRÁTICO SOMOS PERÚ,4128,20.102,18.503,20535,22310,459,1316,105,92,13,0,87.619,2026-10-06T10:12:01-05:00,2026-10-06T15:18:56.067Z,https://resultadoelectoral.onpe.gob.pe/main/elecciones-municipales
140139,CIENEGUILLA,00000100,PODEMOS PERÚ,3529,17.185,15.818,20535,22310,459,1316,105,92,13,0,87.619,2026-10-06T10:12:01-05:00,2026-10-06T15:18:56.067Z,https://resultadoelectoral.onpe.gob.pe/main/elecciones-municipales
140139,CIENEGUILLA,00000098,AVANZA PAÍS - PARTIDO DE INTEGRACIÓN SOCIAL,3282,15.982,14.711,20535,22310,459,1316,105,92,13,0,87.619,2026-10-06T10:12:01-05:00,2026-10-06T15:18:56.067Z,https://resultadoelectoral.onpe.gob.pe/main/elecciones-municipales
140139,CIENEGUILLA,00000107,FRENTE POPULAR AGRÍCOLA FÍA DEL PERÚ,787,3.832,3.528,20535,22310,459,1316,105,92,13,0,87.619,2026-10-06T10:12:01-05:00,2026-10-06T15:18:56.067Z,https://resultadoelectoral.onpe.gob.pe/main/elecciones-municipales
140139,CIENEGUILLA,00000095,ALIANZA PARA EL PROGRESO,520,2.532,2.331,20535,22310,459,1316,105,92,13,0,87.619,2026-10-06T10:12:01-05:00,2026-10-06T15:18:56.067Z,https://resultadoelectoral.onpe.gob.pe/main/elecciones-municipales
140139,CIENEGUILLA,00000123,AHORA NACIÓN - AN,454,2.211,2.035,20535,22310,459,1316,105,92,13,0,87.619,2026-10-06T10:12:01-05:00,2026-10-06T15:18:56.067Z,https://resultadoelectoral.onpe.gob.pe/main/elecciones-municipales
140139,CIENEGUILLA,00000117,PARTIDO CÍVICO OBRAS,375,1.826,1.681,20535,22310,459,1316,105,92,13,0,87.619,2026-10-06T10:12:01-05:00,2026-10-06T15:18:56.067Z,https://resultadoelectoral.onpe.gob.pe/main/elecciones-municipales
140139,CIENEGUILLA,00000096,JUNTOS POR EL PERÚ,206,1.003,0.923,20535,22310,459,1316,105,92,13,0,87.619,2026-10-06T10:12:01-05:00,2026-10-06T15:18:56.067Z,https://resultadoelectoral.onpe.gob.pe/main/elecciones-municipales
140139,CIENEGUILLA,00000093,ACCIÓN POPULAR,161,0.784,0.722,20535,22310,459,1316,105,92,13,0,87.619,2026-10-06T10:12:01-05:00,2026-10-06T15:18:56.067Z,https://resultadoelectoral.onpe.gob.pe/main/elecciones-municipales
140139,CIENEGUILLA,00000097,FUERZA POPULAR,120,0.584,0.538,20535,22310,459,1316,105,92,13,0,87.619,2026-10-06T10:12:01-05:00,2026-10-06T15:18:56.067Z,https://resultadoelectoral.onpe.gob.pe/main/elecciones-municipales
140139,CIENEGUILLA,00000122,PROGRESEMOS,116,0.565,0.52,20535,22310,459,1316,105,92,13,0,87.619,2026-10-06T10:12:01-05:00,2026-10-06T15:18:56.067Z,https://resultadoelectoral.onpe.gob.pe/main/elecciones-municipales
140139,CIENEGUILLA,00000102,PARTIDO FRENTE DE LA ESPERANZA 2021,51,0.248,0.229,20535,22310,459,1316,105,92,13,0,87.619,2026-10-06T10:12:01-05:00,2026-10-06T15:18:56.067Z,https://resultadoelectoral.onpe.gob.pe/main/elecciones-municipales
140139,CIENEGUILLA,00000121,PARTIDO DEL BUEN GOBIERNO,46,0.224,0.206,20535,22310,459,1316,105,92,13,0,87.619,2026-10-06T10:12:01-05:00,2026-10-06T15:18:56.067Z,https://resultadoelectoral.onpe.gob.pe/main/elecciones-municipales
140139,CIENEGUILLA,00000112,PARTIDO APRISTA PERUANO,37,0.18,0.166,20535,22310,459,1316,105,92,13,0,87.619,2026-10-06T10:12:01-05:00,2026-10-06T15:18:56.067Z,https://resultadoelectoral.onpe.gob.pe/main/elecciones-municipales
140139,CIENEGUILLA,00000105,PARTIDO DEMÓCRATA VERDE,34,0.166,0.152,20535,22310,459,1316,105,92,13,0,87.619,2026-10-06T10:12:01-05:00,2026-10-06T15:18:56.067Z,https://resultadoelectoral.onpe.gob.pe/main/elecciones-municipales
140139,CIENEGUILLA,00000099,PARTIDO POLÍTICO NACIONAL PERÚ LIBRE,32,0.156,0.143,20535,22310,459,1316,105,92,13,0,87.619,2026-10-06T10:12:01-05:00,2026-10-06T15:18:56.067Z,https://resultadoelectoral.onpe.gob.pe/main/elecciones-municipales
140139,CIENEGUILLA,00000118,PARTIDO POPULAR CRISTIANO - PPC,32,0.156,0.143,20535,22310,459,1316,105,92,13,0,87.619,2026-10-06T10:12:01-05:00,2026-10-06T15:18:56.067Z,https://resultadoelectoral.onpe.gob.pe/main/elecciones-municipales
140139,CIENEGUILLA,00000104,PARTIDO PATRIÓTICO DEL PERÚ,26,0.127,0.117,20535,22310,459,1316,105,92,13,0,87.619,2026-10-06T10:12:01-05:00,2026-10-06T15:18:56.067Z,https://resultadoelectoral.onpe.gob.pe/main/elecciones-municipales
140139,CIENEGUILLA,00000135,ALIANZA ELECTORAL VENCEREMOS,23,0.112,0.103,20535,22310,459,1316,105,92,13,0,87.619,2026-10-06T10:12:01-05:00,2026-10-06T15:18:56.067Z,https://resultadoelectoral.onpe.gob.pe/main/elecciones-municipales
140139,CIENEGUILLA,00000101,PARTIDO MORADO,21,0.102,0.094,20535,22310,459,1316,105,92,13,0,87.619,2026-10-06T10:12:01-05:00,2026-10-06T15:18:56.067Z,https://resultadoelectoral.onpe.gob.pe/main/elecciones-municipales
140139,CIENEGUILLA,00000124,COALICIÓN TRANSFORMADORA TIERRA VERDE,12,0.058,0.054,20535,22310,459,1316,105,92,13,0,87.619,2026-10-06T10:12:01-05:00,2026-10-06T15:18:56.067Z,https://resultadoelectoral.onpe.gob.pe/main/elecciones-municipales
140139,CIENEGUILLA,00000125,BATALLA PERÚ,10,0.049,0.045,20535,22310,459,1316,105,92,13,0,87.619,2026-10-06T10:12:01-05:00,2026-10-06T15:18:56.067Z,https://resultadoelectoral.onpe.gob.pe/main/elecciones-municipales
140139,CIENEGUILLA,00000130,PARTIDO POLÍTICO PUEBLO CONSCIENTE,10,0.049,0.045,20535,22310,459,1316,105,92,13,0,87.619,2026-10-06T10:12:01-05:00,2026-10-06T15:18:56.067Z,https://resultadoelectoral.onpe.gob.pe/main/elecciones-municipales
140139,CIENEGUILLA,00000127,VISIÓN PERÚ,8,0.039,0.036,20535,22310,459,1316,105,92,13,0,87.619,2026-10-06T10:12:01-05:00,2026-10-06T15:18:56.067Z,https://resultadoelectoral.onpe.gob.pe/main/elecciones-municipales
140139,CIENEGUILLA,00000132,FUERZA CIUDADANA,3,0.015,0.013,20535,22310,459,1316,105,92,13,0,87.619,2026-10-06T10:12:01-05:00,2026-10-06T15:18:56.067Z,https://resultadoelectoral.onpe.gob.pe/main/elecciones-municipales
140106,COMAS,00000137,RENOVACIÓN POPULAR PERÚ,83898,28.14,25.582,298148,327955,8842,20965,1499,1412,87,0,94.196,2026-10-06T10:16:02-05:00,2026-10-06T15:20:03.383Z,https://resultadoelectoral.onpe.gob.pe/main/elecciones-municipales
140106,COMAS,00000098,AVANZA PAÍS - PARTIDO DE INTEGRACIÓN SOCIAL,78005,26.163,23.785,298148,327955,8842,20965,1499,1412,87,0,94.196,2026-10-06T10:16:02-05:00,2026-10-06T15:20:03.383Z,https://resultadoelectoral.onpe.gob.pe/main/elecciones-municipales
140106,COMAS,00000100,PODEMOS PERÚ,39167,13.137,11.943,298148,327955,8842,20965,1499,1412,87,0,94.196,2026-10-06T10:16:02-05:00,2026-10-06T15:20:03.383Z,https://resultadoelectoral.onpe.gob.pe/main/elecciones-municipales
140106,COMAS,00000094,PARTIDO DEMOCRÁTICO SOMOS PERÚ,22824,7.655,6.959,298148,327955,8842,20965,1499,1412,87,0,94.196,2026-10-06T10:16:02-05:00,2026-10-06T15:20:03.383Z,https://resultadoelectoral.onpe.gob.pe/main/elecciones-municipales
140106,COMAS,00000095,ALIANZA PARA EL PROGRESO,13932,4.673,4.248,298148,327955,8842,20965,1499,1412,87,0,94.196,2026-10-06T10:16:02-05:00,2026-10-06T15:20:03.383Z,https://resultadoelectoral.onpe.gob.pe/main/elecciones-municipales
140106,COMAS,00000123,AHORA NACIÓN - AN,12948,4.343,3.948,298148,327955,8842,20965,1499,1412,87,0,94.196,2026-10-06T10:16:02-05:00,2026-10-06T15:20:03.383Z,https://resultadoelectoral.onpe.gob.pe/main/elecciones-municipales
140106,COMAS,00000097,FUERZA POPULAR,11316,3.795,3.45,298148,327955,8842,20965,1499,1412,87,0,94.196,2026-10-06T10:16:02-05:00,2026-10-06T15:20:03.383Z,https://resultadoelectoral.onpe.gob.pe/main/elecciones-municipales
140106,COMAS,00000093,ACCIÓN POPULAR,8359,2.804,2.549,298148,327955,8842,20965,1499,1412,87,0,94.196,2026-10-06T10:16:02-05:00,2026-10-06T15:20:03.383Z,https://resultadoelectoral.onpe.gob.pe/main/elecciones-municipales
140106,COMAS,00000117,PARTIDO CÍVICO OBRAS,5418,1.817,1.652,298148,327955,8842,20965,1499,1412,87,0,94.196,2026-10-06T10:16:02-05:00,2026-10-06T15:20:03.383Z,https://resultadoelectoral.onpe.gob.pe/main/elecciones-municipales
140106,COMAS,00000096,JUNTOS POR EL PERÚ,5114,1.715,1.559,298148,327955,8842,20965,1499,1412,87,0,94.196,2026-10-06T10:16:02-05:00,2026-10-06T15:20:03.383Z,https://resultadoelectoral.onpe.gob.pe/main/elecciones-municipales
140106,COMAS,00000122,PROGRESEMOS,3022,1.014,0.921,298148,327955,8842,20965,1499,1412,87,0,94.196,2026-10-06T10:16:02-05:00,2026-10-06T15:20:03.383Z,https://resultadoelectoral.onpe.gob.pe/main/elecciones-municipales
140106,COMAS,00000107,FRENTE POPULAR AGRÍCOLA FÍA DEL PERÚ,2422,0.812,0.739,298148,327955,8842,20965,1499,1412,87,0,94.196,2026-10-06T10:16:02-05:00,2026-10-06T15:20:03.383Z,https://resultadoelectoral.onpe.gob.pe/main/elecciones-municipales
140106,COMAS,00000121,PARTIDO DEL BUEN GOBIERNO,1611,0.54,0.491,298148,327955,8842,20965,1499,1412,87,0,94.196,2026-10-06T10:16:02-05:00,2026-10-06T15:20:03.383Z,https://resultadoelectoral.onpe.gob.pe/main/elecciones-municipales
140106,COMAS,00000118,PARTIDO POPULAR CRISTIANO - PPC,1443,0.484,0.44,298148,327955,8842,20965,1499,1412,87,0,94.196,2026-10-06T10:16:02-05:00,2026-10-06T15:20:03.383Z,https://resultadoelectoral.onpe.gob.pe/main/elecciones-municipales
140106,COMAS,00000101,PARTIDO MORADO,1427,0.479,0.435,298148,327955,8842,20965,1499,1412,87,0,94.196,2026-10-06T10:16:02-05:00,2026-10-06T15:20:03.383Z,https://resultadoelectoral.onpe.gob.pe/main/elecciones-municipales
140106,COMAS,00000112,PARTIDO APRISTA PERUANO,1313,0.44,0.4,298148,327955,8842,20965,1499,1412,87,0,94.196,2026-10-06T10:16:02-05:00,2026-10-06T15:20:03.383Z,https://resultadoelectoral.onpe.gob.pe/main/elecciones-municipales
140106,COMAS,00000102,PARTIDO FRENTE DE LA ESPERANZA 2021,1258,0.422,0.384,298148,327955,8842,20965,1499,1412,87,0,94.196,2026-10-06T10:16:02-05:00,2026-10-06T15:20:03.383Z,https://resultadoelectoral.onpe.gob.pe/main/elecciones-municipales
140106,COMAS,00000099,PARTIDO POLÍTICO NACIONAL PERÚ LIBRE,915,0.307,0.279,298148,327955,8842,20965,1499,1412,87,0,94.196,2026-10-06T10:16:02-05:00,2026-10-06T15:20:03.383Z,https://resultadoelectoral.onpe.gob.pe/main/elecciones-municipales
140106,COMAS,00000105,PARTIDO DEMÓCRATA VERDE,871,0.292,0.266,298148,327955,8842,20965,1499,1412,87,0,94.196,2026-10-06T10:16:02-05:00,2026-10-06T15:20:03.383Z,https://resultadoelectoral.onpe.gob.pe/main/elecciones-municipales
140106,COMAS,00000104,PARTIDO PATRIÓTICO DEL PERÚ,784,0.263,0.239,298148,327955,8842,20965,1499,1412,87,0,94.196,2026-10-06T10:16:02-05:00,2026-10-06T15:20:03.383Z,https://resultadoelectoral.onpe.gob.pe/main/elecciones-municipales
140106,COMAS,00000135,ALIANZA ELECTORAL VENCEREMOS,603,0.202,0.184,298148,327955,8842,20965,1499,1412,87,0,94.196,2026-10-06T10:16:02-05:00,2026-10-06T15:20:03.383Z,https://resultadoelectoral.onpe.gob.pe/main/elecciones-municipales
140106,COMAS,00000124,COALICIÓN TRANSFORMADORA TIERRA VERDE,545,0.183,0.166,298148,327955,8842,20965,1499,1412,87,0,94.196,2026-10-06T10:16:02-05:00,2026-10-06T15:20:03.383Z,https://resultadoelectoral.onpe.gob.pe/main/elecciones-municipales
140106,COMAS,00000132,FUERZA CIUDADANA,315,0.106,0.096,298148,327955,8842,20965,1499,1412,87,0,94.196,2026-10-06T10:16:02-05:00,2026-10-06T15:20:03.383Z,https://resultadoelectoral.onpe.gob.pe/main/elecciones-municipales
140106,COMAS,00000125,BATALLA PERÚ,227,0.076,0.069,298148,327955,8842,20965,1499,1412,87,0,94.196,2026-10-06T10:16:02-05:00,2026-10-06T15:20:03.383Z,https://resultadoelectoral.onpe.gob.pe/main/elecciones-municipales
140106,COMAS,00000127,VISIÓN PERÚ,216,0.072,0.066,298148,327955,8842,20965,1499,1412,87,0,94.196,2026-10-06T10:16:02-05:00,2026-10-06T15:20:03.383Z,https://resultadoelectoral.onpe.gob.pe/main/elecciones-municipales
140106,COMAS,00000130,PARTIDO POLÍTICO PUEBLO CONSCIENTE,195,0.065,0.059,298148,327955,8842,20965,1499,1412,87,0,94.196,2026-10-06T10:16:02-05:00,2026-10-06T15:20:03.383Z,https://resultadoelectoral.onpe.gob.pe/main/elecciones-municipales
140135,EL AGUSTINO,00000098,AVANZA PAÍS - PARTIDO DE INTEGRACIÓN SOCIAL,26504,24.727,22.559,107186,117490,3435,6869,566,501,65,0,88.516,2026-10-06T10:16:02-05:00,2026-10-06T15:20:10.770Z,https://resultadoelectoral.onpe.gob.pe/main/elecciones-municipales
140135,EL AGUSTINO,00000100,PODEMOS PERÚ,21918,20.449,18.655,107186,117490,3435,6869,566,501,65,0,88.516,2026-10-06T10:16:02-05:00,2026-10-06T15:20:10.770Z,https://resultadoelectoral.onpe.gob.pe/main/elecciones-municipales
140135,EL AGUSTINO,00000137,RENOVACIÓN POPULAR PERÚ,21256,19.831,18.092,107186,117490,3435,6869,566,501,65,0,88.516,2026-10-06T10:16:02-05:00,2026-10-06T15:20:10.770Z,https://resultadoelectoral.onpe.gob.pe/main/elecciones-municipales
140135,EL AGUSTINO,00000095,ALIANZA PARA EL PROGRESO,8639,8.06,7.353,107186,117490,3435,6869,566,501,65,0,88.516,2026-10-06T10:16:02-05:00,2026-10-06T15:20:10.770Z,https://resultadoelectoral.onpe.gob.pe/main/elecciones-municipales
140135,EL AGUSTINO,00000094,PARTIDO DEMOCRÁTICO SOMOS PERÚ,6384,5.956,5.434,107186,117490,3435,6869,566,501,65,0,88.516,2026-10-06T10:16:02-05:00,2026-10-06T15:20:10.770Z,https://resultadoelectoral.onpe.gob.pe/main/elecciones-municipales
140135,EL AGUSTINO,00000123,AHORA NACIÓN - AN,5188,4.84,4.416,107186,117490,3435,6869,566,501,65,0,88.516,2026-10-06T10:16:02-05:00,2026-10-06T15:20:10.770Z,https://resultadoelectoral.onpe.gob.pe/main/elecciones-municipales
140135,EL AGUSTINO,00000097,FUERZA POPULAR,3780,3.527,3.217,107186,117490,3435,6869,566,501,65,0,88.516,2026-10-06T10:16:02-05:00,2026-10-06T15:20:10.770Z,https://resultadoelectoral.onpe.gob.pe/main/elecciones-municipales
140135,EL AGUSTINO,00000096,JUNTOS POR EL PERÚ,2593,2.419,2.207,107186,117490,3435,6869,566,501,65,0,88.516,2026-10-06T10:16:02-05:00,2026-10-06T15:20:10.770Z,https://resultadoelectoral.onpe.gob.pe/main/elecciones-municipales
140135,EL AGUSTINO,00000093,ACCIÓN POPULAR,2149,2.005,1.829,107186,117490,3435,6869,566,501,65,0,88.516,2026-10-06T10:16:02-05:00,2026-10-06T15:20:10.770Z,https://resultadoelectoral.onpe.gob.pe/main/elecciones-municipales
140135,EL AGUSTINO,00000117,PARTIDO CÍVICO OBRAS,1954,1.823,1.663,107186,117490,3435,6869,566,501,65,0,88.516,2026-10-06T10:16:02-05:00,2026-10-06T15:20:10.770Z,https://resultadoelectoral.onpe.gob.pe/main/elecciones-municipales
140135,EL AGUSTINO,00000107,FRENTE POPULAR AGRÍCOLA FÍA DEL PERÚ,1485,1.385,1.264,107186,117490,3435,6869,566,501,65,0,88.516,2026-10-06T10:16:02-05:00,2026-10-06T15:20:10.770Z,https://resultadoelectoral.onpe.gob.pe/main/elecciones-municipales
140135,EL AGUSTINO,00000105,PARTIDO DEMÓCRATA VERDE,1228,1.146,1.045,107186,117490,3435,6869,566,501,65,0,88.516,2026-10-06T10:16:02-05:00,2026-10-06T15:20:10.770Z,https://resultadoelectoral.onpe.gob.pe/main/elecciones-municipales
140135,EL AGUSTINO,00000122,PROGRESEMOS,895,0.835,0.762,107186,117490,3435,6869,566,501,65,0,88.516,2026-10-06T10:16:02-05:00,2026-10-06T15:20:10.770Z,https://resultadoelectoral.onpe.gob.pe/main/elecciones-municipales
140135,EL AGUSTINO,00000121,PARTIDO DEL BUEN GOBIERNO,507,0.473,0.432,107186,117490,3435,6869,566,501,65,0,88.516,2026-10-06T10:16:02-05:00,2026-10-06T15:20:10.770Z,https://resultadoelectoral.onpe.gob.pe/main/elecciones-municipales
140135,EL AGUSTINO,00000102,PARTIDO FRENTE DE LA ESPERANZA 2021,447,0.417,0.38,107186,117490,3435,6869,566,501,65,0,88.516,2026-10-06T10:16:02-05:00,2026-10-06T15:20:10.770Z,https://resultadoelectoral.onpe.gob.pe/main/elecciones-municipales
140135,EL AGUSTINO,00000112,PARTIDO APRISTA PERUANO,444,0.414,0.378,107186,117490,3435,6869,566,501,65,0,88.516,2026-10-06T10:16:02-05:00,2026-10-06T15:20:10.770Z,https://resultadoelectoral.onpe.gob.pe/main/elecciones-municipales
140135,EL AGUSTINO,00000099,PARTIDO POLÍTICO NACIONAL PERÚ LIBRE,411,0.383,0.35,107186,117490,3435,6869,566,501,65,0,88.516,2026-10-06T10:16:02-05:00,2026-10-06T15:20:10.770Z,https://resultadoelectoral.onpe.gob.pe/main/elecciones-municipales
140135,EL AGUSTINO,00000118,PARTIDO POPULAR CRISTIANO - PPC,251,0.234,0.214,107186,117490,3435,6869,566,501,65,0,88.516,2026-10-06T10:16:02-05:00,2026-10-06T15:20:10.770Z,https://resultadoelectoral.onpe.gob.pe/main/elecciones-municipales
140135,EL AGUSTINO,00000135,ALIANZA ELECTORAL VENCEREMOS,220,0.205,0.187,107186,117490,3435,6869,566,501,65,0,88.516,2026-10-06T10:16:02-05:00,2026-10-06T15:20:10.770Z,https://resultadoelectoral.onpe.gob.pe/main/elecciones-municipales
140135,EL AGUSTINO,00000101,PARTIDO MORADO,214,0.2,0.182,107186,117490,3435,6869,566,501,65,0,88.516,2026-10-06T10:16:02-05:00,2026-10-06T15:20:10.770Z,https://resultadoelectoral.onpe.gob.pe/main/elecciones-municipales
140135,EL AGUSTINO,00000104,PARTIDO PATRIÓTICO DEL PERÚ,206,0.192,0.175,107186,117490,3435,6869,566,501,65,0,88.516,2026-10-06T10:16:02-05:00,2026-10-06T15:20:10.770Z,https://resultadoelectoral.onpe.gob.pe/main/elecciones-municipales
140135,EL AGUSTINO,00000124,COALICIÓN TRANSFORMADORA TIERRA VERDE,152,0.142,0.129,107186,117490,3435,6869,566,501,65,0,88.516,2026-10-06T10:16:02-05:00,2026-10-06T15:20:10.770Z,https://resultadoelectoral.onpe.gob.pe/main/elecciones-municipales
140135,EL AGUSTINO,00000125,BATALLA PERÚ,109,0.102,0.093,107186,117490,3435,6869,566,501,65,0,88.516,2026-10-06T10:16:02-05:00,2026-10-06T15:20:10.770Z,https://resultadoelectoral.onpe.gob.pe/main/elecciones-municipales
140135,EL AGUSTINO,00000132,FUERZA CIUDADANA,87,0.081,0.074,107186,117490,3435,6869,566,501,65,0,88.516,2026-10-06T10:16:02-05:00,2026-10-06T15:20:10.770Z,https://resultadoelectoral.onpe.gob.pe/main/elecciones-municipales
140135,EL AGUSTINO,00000130,PARTIDO POLÍTICO PUEBLO CONSCIENTE,87,0.081,0.074,107186,117490,3435,6869,566,501,65,0,88.516,2026-10-06T10:16:02-05:00,2026-10-06T15:20:10.770Z,https://resultadoelectoral.onpe.gob.pe/main/elecciones-municipales
140135,EL AGUSTINO,00000127,VISIÓN PERÚ,78,0.073,0.066,107186,117490,3435,6869,566,501,65,0,88.516,2026-10-06T10:16:02-05:00,2026-10-06T15:20:10.770Z,https://resultadoelectoral.onpe.gob.pe/main/elecciones-municipales
140134,INDEPENDENCIA,00000137,RENOVACIÓN POPULAR PERÚ,31744,26.701,24.23,118885,131011,3735,8391,595,556,39,0,93.445,2026-10-06T10:16:02-05:00,2026-10-06T15:20:18.142Z,https://resultadoelectoral.onpe.gob.pe/main/elecciones-municipales
140134,INDEPENDENCIA,00000098,AVANZA PAÍS - PARTIDO DE INTEGRACIÓN SOCIAL,24301,20.441,18.549,118885,131011,3735,8391,595,556,39,0,93.445,2026-10-06T10:16:02-05:00,2026-10-06T15:20:18.142Z,https://resultadoelectoral.onpe.gob.pe/main/elecciones-municipales
140134,INDEPENDENCIA,00000100,PODEMOS PERÚ,17041,14.334,13.007,118885,131011,3735,8391,595,556,39,0,93.445,2026-10-06T10:16:02-05:00,2026-10-06T15:20:18.142Z,https://resultadoelectoral.onpe.gob.pe/main/elecciones-municipales
140134,INDEPENDENCIA,00000094,PARTIDO DEMOCRÁTICO SOMOS PERÚ,15826,13.312,12.08,118885,131011,3735,8391,595,556,39,0,93.445,2026-10-06T10:16:02-05:00,2026-10-06T15:20:18.142Z,https://resultadoelectoral.onpe.gob.pe/main/elecciones-municipales
140134,INDEPENDENCIA,00000123,AHORA NACIÓN - AN,6640,5.585,5.068,118885,131011,3735,8391,595,556,39,0,93.445,2026-10-06T10:16:02-05:00,2026-10-06T15:20:18.142Z,https://resultadoelectoral.onpe.gob.pe/main/elecciones-municipales
140134,INDEPENDENCIA,00000097,FUERZA POPULAR,4738,3.985,3.616,118885,131011,3735,8391,595,556,39,0,93.445,2026-10-06T10:16:02-05:00,2026-10-06T15:20:18.142Z,https://resultadoelectoral.onpe.gob.pe/main/elecciones-municipales
140134,INDEPENDENCIA,00000096,JUNTOS POR EL PERÚ,2676,2.251,2.043,118885,131011,3735,8391,595,556,39,0,93.445,2026-10-06T10:16:02-05:00,2026-10-06T15:20:18.142Z,https://resultadoelectoral.onpe.gob.pe/main/elecciones-municipales
140134,INDEPENDENCIA,00000117,PARTIDO CÍVICO OBRAS,2670,2.246,2.038,118885,131011,3735,8391,595,556,39,0,93.445,2026-10-06T10:16:02-05:00,2026-10-06T15:20:18.142Z,https://resultadoelectoral.onpe.gob.pe/main/elecciones-municipales
140134,INDEPENDENCIA,00000095,ALIANZA PARA EL PROGRESO,2552,2.147,1.948,118885,131011,3735,8391,595,556,39,0,93.445,2026-10-06T10:16:02-05:00,2026-10-06T15:20:18.142Z,https://resultadoelectoral.onpe.gob.pe/main/elecciones-municipales
140134,INDEPENDENCIA,00000093,ACCIÓN POPULAR,2386,2.007,1.821,118885,131011,3735,8391,595,556,39,0,93.445,2026-10-06T10:16:02-05:00,2026-10-06T15:20:18.142Z,https://resultadoelectoral.onpe.gob.pe/main/elecciones-municipales
140134,INDEPENDENCIA,00000118,PARTIDO POPULAR CRISTIANO - PPC,2103,1.769,1.605,118885,131011,3735,8391,595,556,39,0,93.445,2026-10-06T10:16:02-05:00,2026-10-06T15:20:18.142Z,https://resultadoelectoral.onpe.gob.pe/main/elecciones-municipales
140134,INDEPENDENCIA,00000107,FRENTE POPULAR AGRÍCOLA FÍA DEL PERÚ,1030,0.866,0.786,118885,131011,3735,8391,595,556,39,0,93.445,2026-10-06T10:16:02-05:00,2026-10-06T15:20:18.142Z,https://resultadoelectoral.onpe.gob.pe/main/elecciones-municipales
140134,INDEPENDENCIA,00000122,PROGRESEMOS,1013,0.852,0.773,118885,131011,3735,8391,595,556,39,0,93.445,2026-10-06T10:16:02-05:00,2026-10-06T15:20:18.142Z,https://resultadoelectoral.onpe.gob.pe/main/elecciones-municipales
140134,INDEPENDENCIA,00000105,PARTIDO DEMÓCRATA VERDE,650,0.547,0.496,118885,131011,3735,8391,595,556,39,0,93.445,2026-10-06T10:16:02-05:00,2026-10-06T15:20:18.142Z,https://resultadoelectoral.onpe.gob.pe/main/elecciones-municipales
140134,INDEPENDENCIA,00000121,PARTIDO DEL BUEN GOBIERNO,610,0.513,0.466,118885,131011,3735,8391,595,556,39,0,93.445,2026-10-06T10:16:02-05:00,2026-10-06T15:20:18.142Z,https://resultadoelectoral.onpe.gob.pe/main/elecciones-municipales
140134,INDEPENDENCIA,00000112,PARTIDO APRISTA PERUANO,526,0.442,0.401,118885,131011,3735,8391,595,556,39,0,93.445,2026-10-06T10:16:02-05:00,2026-10-06T15:20:18.142Z,https://resultadoelectoral.onpe.gob.pe/main/elecciones-municipales
140134,INDEPENDENCIA,00000101,PARTIDO MORADO,491,0.413,0.375,118885,131011,3735,8391,595,556,39,0,93.445,2026-10-06T10:16:02-05:00,2026-10-06T15:20:18.142Z,https://resultadoelectoral.onpe.gob.pe/main/elecciones-municipales
140134,INDEPENDENCIA,00000102,PARTIDO FRENTE DE LA ESPERANZA 2021,454,0.382,0.347,118885,131011,3735,8391,595,556,39,0,93.445,2026-10-06T10:16:02-05:00,2026-10-06T15:20:18.142Z,https://resultadoelectoral.onpe.gob.pe/main/elecciones-municipales
140134,INDEPENDENCIA,00000099,PARTIDO POLÍTICO NACIONAL PERÚ LIBRE,399,0.336,0.305,118885,131011,3735,8391,595,556,39,0,93.445,2026-10-06T10:16:02-05:00,2026-10-06T15:20:18.142Z,https://resultadoelectoral.onpe.gob.pe/main/elecciones-municipales
140134,INDEPENDENCIA,00000104,PARTIDO PATRIÓTICO DEL PERÚ,253,0.213,0.193,118885,131011,3735,8391,595,556,39,0,93.445,2026-10-06T10:16:02-05:00,2026-10-06T15:20:18.142Z,https://resultadoelectoral.onpe.gob.pe/main/elecciones-municipales
140134,INDEPENDENCIA,00000135,ALIANZA ELECTORAL VENCEREMOS,237,0.199,0.181,118885,131011,3735,8391,595,556,39,0,93.445,2026-10-06T10:16:02-05:00,2026-10-06T15:20:18.142Z,https://resultadoelectoral.onpe.gob.pe/main/elecciones-municipales
140134,INDEPENDENCIA,00000127,VISIÓN PERÚ,164,0.138,0.125,118885,131011,3735,8391,595,556,39,0,93.445,2026-10-06T10:16:02-05:00,2026-10-06T15:20:18.142Z,https://resultadoelectoral.onpe.gob.pe/main/elecciones-municipales
140134,INDEPENDENCIA,00000124,COALICIÓN TRANSFORMADORA TIERRA VERDE,150,0.126,0.114,118885,131011,3735,8391,595,556,39,0,93.445,2026-10-06T10:16:02-05:00,2026-10-06T15:20:18.142Z,https://resultadoelectoral.onpe.gob.pe/main/elecciones-municipales
140134,INDEPENDENCIA,00000125,BATALLA PERÚ,91,0.077,0.069,118885,131011,3735,8391,595,556,39,0,93.445,2026-10-06T10:16:02-05:00,2026-10-06T15:20:18.142Z,https://resultadoelectoral.onpe.gob.pe/main/elecciones-municipales
140134,INDEPENDENCIA,00000130,PARTIDO POLÍTICO PUEBLO CONSCIENTE,76,0.064,0.058,118885,131011,3735,8391,595,556,39,0,93.445,2026-10-06T10:16:02-05:00,2026-10-06T15:20:18.142Z,https://resultadoelectoral.onpe.gob.pe/main/elecciones-municipales
140134,INDEPENDENCIA,00000132,FUERZA CIUDADANA,64,0.054,0.049,118885,131011,3735,8391,595,556,39,0,93.445,2026-10-06T10:16:02-05:00,2026-10-06T15:20:18.142Z,https://resultadoelectoral.onpe.gob.pe/main/elecciones-municipales
140133,JESÚS MARÍA,00000137,RENOVACIÓN POPULAR PERÚ,26122,30.039,28.704,86960,91005,1026,3019,427,409,18,0,95.785,2026-10-06T10:16:02-05:00,2026-10-06T15:20:25.582Z,https://resultadoelectoral.onpe.gob.pe/main/elecciones-municipales
140133,JESÚS MARÍA,00000098,AVANZA PAÍS - PARTIDO DE INTEGRACIÓN SOCIAL,25877,29.757,28.435,86960,91005,1026,3019,427,409,18,0,95.785,2026-10-06T10:16:02-05:00,2026-10-06T15:20:25.582Z,https://resultadoelectoral.onpe.gob.pe/main/elecciones-municipales
140133,JESÚS MARÍA,00000094,PARTIDO DEMOCRÁTICO SOMOS PERÚ,19018,21.87,20.898,86960,91005,1026,3019,427,409,18,0,95.785,2026-10-06T10:16:02-05:00,2026-10-06T15:20:25.582Z,https://resultadoelectoral.onpe.gob.pe/main/elecciones-municipales
140133,JESÚS MARÍA,00000123,AHORA NACIÓN - AN,2882,3.314,3.167,86960,91005,1026,3019,427,409,18,0,95.785,2026-10-06T10:16:02-05:00,2026-10-06T15:20:25.582Z,https://resultadoelectoral.onpe.gob.pe/main/elecciones-municipales
140133,JESÚS MARÍA,00000093,ACCIÓN POPULAR,2780,3.197,3.055,86960,91005,1026,3019,427,409,18,0,95.785,2026-10-06T10:16:02-05:00,2026-10-06T15:20:25.582Z,https://resultadoelectoral.onpe.gob.pe/main/elecciones-municipales
140133,JESÚS MARÍA,00000100,PODEMOS PERÚ,2767,3.182,3.04,86960,91005,1026,3019,427,409,18,0,95.785,2026-10-06T10:16:02-05:00,2026-10-06T15:20:25.582Z,https://resultadoelectoral.onpe.gob.pe/main/elecciones-municipales
140133,JESÚS MARÍA,00000097,FUERZA POPULAR,1693,1.947,1.86,86960,91005,1026,3019,427,409,18,0,95.785,2026-10-06T10:16:02-05:00,2026-10-06T15:20:25.582Z,https://resultadoelectoral.onpe.gob.pe/main/elecciones-municipales
140133,JESÚS MARÍA,00000095,ALIANZA PARA EL PROGRESO,1641,1.887,1.803,86960,91005,1026,3019,427,409,18,0,95.785,2026-10-06T10:16:02-05:00,2026-10-06T15:20:25.582Z,https://resultadoelectoral.onpe.gob.pe/main/elecciones-municipales
140133,JESÚS MARÍA,00000117,PARTIDO CÍVICO OBRAS,749,0.861,0.823,86960,91005,1026,3019,427,409,18,0,95.785,2026-10-06T10:16:02-05:00,2026-10-06T15:20:25.582Z,https://resultadoelectoral.onpe.gob.pe/main/elecciones-municipales
140133,JESÚS MARÍA,00000112,PARTIDO APRISTA PERUANO,686,0.789,0.754,86960,91005,1026,3019,427,409,18,0,95.785,2026-10-06T10:16:02-05:00,2026-10-06T15:20:25.582Z,https://resultadoelectoral.onpe.gob.pe/main/elecciones-municipales
140133,JESÚS MARÍA,00000096,JUNTOS POR EL PERÚ,592,0.681,0.651,86960,91005,1026,3019,427,409,18,0,95.785,2026-10-06T10:16:02-05:00,2026-10-06T15:20:25.582Z,https://resultadoelectoral.onpe.gob.pe/main/elecciones-municipales
140133,JESÚS MARÍA,00000121,PARTIDO DEL BUEN GOBIERNO,383,0.44,0.421,86960,91005,1026,3019,427,409,18,0,95.785,2026-10-06T10:16:02-05:00,2026-10-06T15:20:25.582Z,https://resultadoelectoral.onpe.gob.pe/main/elecciones-municipales
140133,JESÚS MARÍA,00000102,PARTIDO FRENTE DE LA ESPERANZA 2021,318,0.366,0.349,86960,91005,1026,3019,427,409,18,0,95.785,2026-10-06T10:16:02-05:00,2026-10-06T15:20:25.582Z,https://resultadoelectoral.onpe.gob.pe/main/elecciones-municipales
140133,JESÚS MARÍA,00000122,PROGRESEMOS,289,0.332,0.318,86960,91005,1026,3019,427,409,18,0,95.785,2026-10-06T10:16:02-05:00,2026-10-06T15:20:25.582Z,https://resultadoelectoral.onpe.gob.pe/main/elecciones-municipales
140133,JESÚS MARÍA,00000118,PARTIDO POPULAR CRISTIANO - PPC,265,0.305,0.291,86960,91005,1026,3019,427,409,18,0,95.785,2026-10-06T10:16:02-05:00,2026-10-06T15:20:25.582Z,https://resultadoelectoral.onpe.gob.pe/main/elecciones-municipales
140133,JESÚS MARÍA,00000107,FRENTE POPULAR AGRÍCOLA FÍA DEL PERÚ,153,0.176,0.168,86960,91005,1026,3019,427,409,18,0,95.785,2026-10-06T10:16:02-05:00,2026-10-06T15:20:25.582Z,https://resultadoelectoral.onpe.gob.pe/main/elecciones-municipales
140133,JESÚS MARÍA,00000101,PARTIDO MORADO,124,0.143,0.136,86960,91005,1026,3019,427,409,18,0,95.785,2026-10-06T10:16:02-05:00,2026-10-06T15:20:25.582Z,https://resultadoelectoral.onpe.gob.pe/main/elecciones-municipales
140133,JESÚS MARÍA,00000104,PARTIDO PATRIÓTICO DEL PERÚ,119,0.137,0.131,86960,91005,1026,3019,427,409,18,0,95.785,2026-10-06T10:16:02-05:00,2026-10-06T15:20:25.582Z,https://resultadoelectoral.onpe.gob.pe/main/elecciones-municipales
140133,JESÚS MARÍA,00000135,ALIANZA ELECTORAL VENCEREMOS,108,0.124,0.119,86960,91005,1026,3019,427,409,18,0,95.785,2026-10-06T10:16:02-05:00,2026-10-06T15:20:25.582Z,https://resultadoelectoral.onpe.gob.pe/main/elecciones-municipales
140133,JESÚS MARÍA,00000105,PARTIDO DEMÓCRATA VERDE,96,0.11,0.105,86960,91005,1026,3019,427,409,18,0,95.785,2026-10-06T10:16:02-05:00,2026-10-06T15:20:25.582Z,https://resultadoelectoral.onpe.gob.pe/main/elecciones-municipales
140133,JESÚS MARÍA,00000124,COALICIÓN TRANSFORMADORA TIERRA VERDE,85,0.098,0.093,86960,91005,1026,3019,427,409,18,0,95.785,2026-10-06T10:16:02-05:00,2026-10-06T15:20:25.582Z,https://resultadoelectoral.onpe.gob.pe/main/elecciones-municipales
140133,JESÚS MARÍA,00000099,PARTIDO POLÍTICO NACIONAL PERÚ LIBRE,77,0.089,0.085,86960,91005,1026,3019,427,409,18,0,95.785,2026-10-06T10:16:02-05:00,2026-10-06T15:20:25.582Z,https://resultadoelectoral.onpe.gob.pe/main/elecciones-municipales
140133,JESÚS MARÍA,00000127,VISIÓN PERÚ,61,0.07,0.067,86960,91005,1026,3019,427,409,18,0,95.785,2026-10-06T10:16:02-05:00,2026-10-06T15:20:25.582Z,https://resultadoelectoral.onpe.gob.pe/main/elecciones-municipales
140133,JESÚS MARÍA,00000132,FUERZA CIUDADANA,26,0.03,0.029,86960,91005,1026,3019,427,409,18,0,95.785,2026-10-06T10:16:02-05:00,2026-10-06T15:20:25.582Z,https://resultadoelectoral.onpe.gob.pe/main/elecciones-municipales
140133,JESÚS MARÍA,00000125,BATALLA PERÚ,25,0.029,0.027,86960,91005,1026,3019,427,409,18,0,95.785,2026-10-06T10:16:02-05:00,2026-10-06T15:20:25.582Z,https://resultadoelectoral.onpe.gob.pe/main/elecciones-municipales
140133,JESÚS MARÍA,00000130,PARTIDO POLÍTICO PUEBLO CONSCIENTE,24,0.028,0.026,86960,91005,1026,3019,427,409,18,0,95.785,2026-10-06T10:16:02-05:00,2026-10-06T15:20:25.582Z,https://resultadoelectoral.onpe.gob.pe/main/elecciones-municipales
140110,LA MOLINA,00000137,RENOVACIÓN POPULAR PERÚ,40757,35.787,34.205,113887,119155,1497,3771,574,538,36,0,93.728,2026-10-06T10:16:02-05:00,2026-10-06T15:20:33.011Z,https://resultadoelectoral.onpe.gob.pe/main/elecciones-municipales
140110,LA MOLINA,00000094,PARTIDO DEMOCRÁTICO SOMOS PERÚ,28506,25.03,23.923,113887,119155,1497,3771,574,538,36,0,93.728,2026-10-06T10:16:02-05:00,2026-10-06T15:20:33.011Z,https://resultadoelectoral.onpe.gob.pe/main/elecciones-municipales
140110,LA MOLINA,00000098,AVANZA PAÍS - PARTIDO DE INTEGRACIÓN SOCIAL,27016,23.722,22.673,113887,119155,1497,3771,574,538,36,0,93.728,2026-10-06T10:16:02-05:00,2026-10-06T15:20:33.011Z,https://resultadoelectoral.onpe.gob.pe/main/elecciones-municipales
140110,LA MOLINA,00000100,PODEMOS PERÚ,3307,2.904,2.775,113887,119155,1497,3771,574,538,36,0,93.728,2026-10-06T10:16:02-05:00,2026-10-06T15:20:33.011Z,https://resultadoelectoral.onpe.gob.pe/main/elecciones-municipales
140110,LA MOLINA,00000093,ACCIÓN POPULAR,2880,2.529,2.417,113887,119155,1497,3771,574,538,36,0,93.728,2026-10-06T10:16:02-05:00,2026-10-06T15:20:33.011Z,https://resultadoelectoral.onpe.gob.pe/main/elecciones-municipales
140110,LA MOLINA,00000123,AHORA NACIÓN - AN,2839,2.493,2.383,113887,119155,1497,3771,574,538,36,0,93.728,2026-10-06T10:16:02-05:00,2026-10-06T15:20:33.011Z,https://resultadoelectoral.onpe.gob.pe/main/elecciones-municipales
140110,LA MOLINA,00000095,ALIANZA PARA EL PROGRESO,2719,2.387,2.282,113887,119155,1497,3771,574,538,36,0,93.728,2026-10-06T10:16:02-05:00,2026-10-06T15:20:33.011Z,https://resultadoelectoral.onpe.gob.pe/main/elecciones-municipales
140110,LA MOLINA,00000097,FUERZA POPULAR,1125,0.988,0.944,113887,119155,1497,3771,574,538,36,0,93.728,2026-10-06T10:16:02-05:00,2026-10-06T15:20:33.011Z,https://resultadoelectoral.onpe.gob.pe/main/elecciones-municipales
140110,LA MOLINA,00000117,PARTIDO CÍVICO OBRAS,949,0.833,0.796,113887,119155,1497,3771,574,538,36,0,93.728,2026-10-06T10:16:02-05:00,2026-10-06T15:20:33.011Z,https://resultadoelectoral.onpe.gob.pe/main/elecciones-municipales
140110,LA MOLINA,00000096,JUNTOS POR EL PERÚ,664,0.583,0.557,113887,119155,1497,3771,574,538,36,0,93.728,2026-10-06T10:16:02-05:00,2026-10-06T15:20:33.011Z,https://resultadoelectoral.onpe.gob.pe/main/elecciones-municipales
140110,LA MOLINA,00000122,PROGRESEMOS,577,0.507,0.484,113887,119155,1497,3771,574,538,36,0,93.728,2026-10-06T10:16:02-05:00,2026-10-06T15:20:33.011Z,https://resultadoelectoral.onpe.gob.pe/main/elecciones-municipales
140110,LA MOLINA,00000112,PARTIDO APRISTA PERUANO,474,0.416,0.398,113887,119155,1497,3771,574,538,36,0,93.728,2026-10-06T10:16:02-05:00,2026-10-06T15:20:33.011Z,https://resultadoelectoral.onpe.gob.pe/main/elecciones-municipales
140110,LA MOLINA,00000121,PARTIDO DEL BUEN GOBIERNO,342,0.3,0.287,113887,119155,1497,3771,574,538,36,0,93.728,2026-10-06T10:16:02-05:00,2026-10-06T15:20:33.011Z,https://resultadoelectoral.onpe.gob.pe/main/elecciones-municipales
140110,LA MOLINA,00000118,PARTIDO POPULAR CRISTIANO - PPC,313,0.275,0.263,113887,119155,1497,3771,574,538,36,0,93.728,2026-10-06T10:16:02-05:00,2026-10-06T15:20:33.011Z,https://resultadoelectoral.onpe.gob.pe/main/elecciones-municipales
140110,LA MOLINA,00000107,FRENTE POPULAR AGRÍCOLA FÍA DEL PERÚ,295,0.259,0.248,113887,119155,1497,3771,574,538,36,0,93.728,2026-10-06T10:16:02-05:00,2026-10-06T15:20:33.011Z,https://resultadoelectoral.onpe.gob.pe/main/elecciones-municipales
140110,LA MOLINA,00000102,PARTIDO FRENTE DE LA ESPERANZA 2021,195,0.171,0.164,113887,119155,1497,3771,574,538,36,0,93.728,2026-10-06T10:16:02-05:00,2026-10-06T15:20:33.011Z,https://resultadoelectoral.onpe.gob.pe/main/elecciones-municipales
140110,LA MOLINA,00000101,PARTIDO MORADO,142,0.125,0.119,113887,119155,1497,3771,574,538,36,0,93.728,2026-10-06T10:16:02-05:00,2026-10-06T15:20:33.011Z,https://resultadoelectoral.onpe.gob.pe/main/elecciones-municipales
140110,LA MOLINA,00000105,PARTIDO DEMÓCRATA VERDE,137,0.12,0.115,113887,119155,1497,3771,574,538,36,0,93.728,2026-10-06T10:16:02-05:00,2026-10-06T15:20:33.011Z,https://resultadoelectoral.onpe.gob.pe/main/elecciones-municipales
140110,LA MOLINA,00000135,ALIANZA ELECTORAL VENCEREMOS,127,0.112,0.107,113887,119155,1497,3771,574,538,36,0,93.728,2026-10-06T10:16:02-05:00,2026-10-06T15:20:33.011Z,https://resultadoelectoral.onpe.gob.pe/main/elecciones-municipales
140110,LA MOLINA,00000099,PARTIDO POLÍTICO NACIONAL PERÚ LIBRE,122,0.107,0.102,113887,119155,1497,3771,574,538,36,0,93.728,2026-10-06T10:16:02-05:00,2026-10-06T15:20:33.011Z,https://resultadoelectoral.onpe.gob.pe/main/elecciones-municipales
140110,LA MOLINA,00000104,PARTIDO PATRIÓTICO DEL PERÚ,97,0.085,0.081,113887,119155,1497,3771,574,538,36,0,93.728,2026-10-06T10:16:02-05:00,2026-10-06T15:20:33.011Z,https://resultadoelectoral.onpe.gob.pe/main/elecciones-municipales
140110,LA MOLINA,00000127,VISIÓN PERÚ,95,0.083,0.08,113887,119155,1497,3771,574,538,36,0,93.728,2026-10-06T10:16:02-05:00,2026-10-06T15:20:33.011Z,https://resultadoelectoral.onpe.gob.pe/main/elecciones-municipales
140110,LA MOLINA,00000124,COALICIÓN TRANSFORMADORA TIERRA VERDE,77,0.068,0.065,113887,119155,1497,3771,574,538,36,0,93.728,2026-10-06T10:16:02-05:00,2026-10-06T15:20:33.011Z,https://resultadoelectoral.onpe.gob.pe/main/elecciones-municipales
140110,LA MOLINA,00000132,FUERZA CIUDADANA,71,0.062,0.06,113887,119155,1497,3771,574,538,36,0,93.728,2026-10-06T10:16:02-05:00,2026-10-06T15:20:33.011Z,https://resultadoelectoral.onpe.gob.pe/main/elecciones-municipales
140110,LA MOLINA,00000125,BATALLA PERÚ,36,0.032,0.03,113887,119155,1497,3771,574,538,36,0,93.728,2026-10-06T10:16:02-05:00,2026-10-06T15:20:33.011Z,https://resultadoelectoral.onpe.gob.pe/main/elecciones-municipales
140110,LA MOLINA,00000130,PARTIDO POLÍTICO PUEBLO CONSCIENTE,25,0.022,0.021,113887,119155,1497,3771,574,538,36,0,93.728,2026-10-06T10:16:02-05:00,2026-10-06T15:20:33.011Z,https://resultadoelectoral.onpe.gob.pe/main/elecciones-municipales
140109,LA VICTORIA,00000098,AVANZA PAÍS - PARTIDO DE INTEGRACIÓN SOCIAL,34004,27.774,25.864,122429,131472,2734,6309,640,586,54,0,91.563,2026-10-06T10:16:02-05:00,2026-10-06T15:20:40.485Z,https://resultadoelectoral.onpe.gob.pe/main/elecciones-municipales
140109,LA VICTORIA,00000137,RENOVACIÓN POPULAR PERÚ,32913,26.883,25.034,122429,131472,2734,6309,640,586,54,0,91.563,2026-10-06T10:16:02-05:00,2026-10-06T15:20:40.485Z,https://resultadoelectoral.onpe.gob.pe/main/elecciones-municipales
140109,LA VICTORIA,00000094,PARTIDO DEMOCRÁTICO SOMOS PERÚ,19608,16.016,14.914,122429,131472,2734,6309,640,586,54,0,91.563,2026-10-06T10:16:02-05:00,2026-10-06T15:20:40.485Z,https://resultadoelectoral.onpe.gob.pe/main/elecciones-municipales
140109,LA VICTORIA,00000100,PODEMOS PERÚ,9717,7.937,7.391,122429,131472,2734,6309,640,586,54,0,91.563,2026-10-06T10:16:02-05:00,2026-10-06T15:20:40.485Z,https://resultadoelectoral.onpe.gob.pe/main/elecciones-municipales
140109,LA VICTORIA,00000097,FUERZA POPULAR,5065,4.137,3.853,122429,131472,2734,6309,640,586,54,0,91.563,2026-10-06T10:16:02-05:00,2026-10-06T15:20:40.485Z,https://resultadoelectoral.onpe.gob.pe/main/elecciones-municipales
140109,LA VICTORIA,00000123,AHORA NACIÓN - AN,4673,3.817,3.554,122429,131472,2734,6309,640,586,54,0,91.563,2026-10-06T10:16:02-05:00,2026-10-06T15:20:40.485Z,https://resultadoelectoral.onpe.gob.pe/main/elecciones-municipales
140109,LA VICTORIA,00000095,ALIANZA PARA EL PROGRESO,4355,3.557,3.312,122429,131472,2734,6309,640,586,54,0,91.563,2026-10-06T10:16:02-05:00,2026-10-06T15:20:40.485Z,https://resultadoelectoral.onpe.gob.pe/main/elecciones-municipales
140109,LA VICTORIA,00000093,ACCIÓN POPULAR,2600,2.124,1.978,122429,131472,2734,6309,640,586,54,0,91.563,2026-10-06T10:16:02-05:00,2026-10-06T15:20:40.485Z,https://resultadoelectoral.onpe.gob.pe/main/elecciones-municipales
140109,LA VICTORIA,00000117,PARTIDO CÍVICO OBRAS,2147,1.754,1.633,122429,131472,2734,6309,640,586,54,0,91.563,2026-10-06T10:16:02-05:00,2026-10-06T15:20:40.485Z,https://resultadoelectoral.onpe.gob.pe/main/elecciones-municipales
140109,LA VICTORIA,00000096,JUNTOS POR EL PERÚ,1638,1.338,1.246,122429,131472,2734,6309,640,586,54,0,91.563,2026-10-06T10:16:02-05:00,2026-10-06T15:20:40.485Z,https://resultadoelectoral.onpe.gob.pe/main/elecciones-municipales
140109,LA VICTORIA,00000107,FRENTE POPULAR AGRÍCOLA FÍA DEL PERÚ,782,0.639,0.595,122429,131472,2734,6309,640,586,54,0,91.563,2026-10-06T10:16:02-05:00,2026-10-06T15:20:40.485Z,https://resultadoelectoral.onpe.gob.pe/main/elecciones-municipales
140109,LA VICTORIA,00000102,PARTIDO FRENTE DE LA ESPERANZA 2021,770,0.629,0.586,122429,131472,2734,6309,640,586,54,0,91.563,2026-10-06T10:16:02-05:00,2026-10-06T15:20:40.485Z,https://resultadoelectoral.onpe.gob.pe/main/elecciones-municipales
140109,LA VICTORIA,00000122,PROGRESEMOS,764,0.624,0.581,122429,131472,2734,6309,640,586,54,0,91.563,2026-10-06T10:16:02-05:00,2026-10-06T15:20:40.485Z,https://resultadoelectoral.onpe.gob.pe/main/elecciones-municipales
140109,LA VICTORIA,00000112,PARTIDO APRISTA PERUANO,728,0.595,0.554,122429,131472,2734,6309,640,586,54,0,91.563,2026-10-06T10:16:02-05:00,2026-10-06T15:20:40.485Z,https://resultadoelectoral.onpe.gob.pe/main/elecciones-municipales
140109,LA VICTORIA,00000121,PARTIDO DEL BUEN GOBIERNO,539,0.44,0.41,122429,131472,2734,6309,640,586,54,0,91.563,2026-10-06T10:16:02-05:00,2026-10-06T15:20:40.485Z,https://resultadoelectoral.onpe.gob.pe/main/elecciones-municipales
140109,LA VICTORIA,00000118,PARTIDO POPULAR CRISTIANO - PPC,473,0.386,0.36,122429,131472,2734,6309,640,586,54,0,91.563,2026-10-06T10:16:02-05:00,2026-10-06T15:20:40.485Z,https://resultadoelectoral.onpe.gob.pe/main/elecciones-municipales
140109,LA VICTORIA,00000099,PARTIDO POLÍTICO NACIONAL PERÚ LIBRE,296,0.242,0.225,122429,131472,2734,6309,640,586,54,0,91.563,2026-10-06T10:16:02-05:00,2026-10-06T15:20:40.485Z,https://resultadoelectoral.onpe.gob.pe/main/elecciones-municipales
140109,LA VICTORIA,00000105,PARTIDO DEMÓCRATA VERDE,236,0.193,0.18,122429,131472,2734,6309,640,586,54,0,91.563,2026-10-06T10:16:02-05:00,2026-10-06T15:20:40.485Z,https://resultadoelectoral.onpe.gob.pe/main/elecciones-municipales
140109,LA VICTORIA,00000135,ALIANZA ELECTORAL VENCEREMOS,209,0.171,0.159,122429,131472,2734,6309,640,586,54,0,91.563,2026-10-06T10:16:02-05:00,2026-10-06T15:20:40.485Z,https://resultadoelectoral.onpe.gob.pe/main/elecciones-municipales
140109,LA VICTORIA,00000104,PARTIDO PATRIÓTICO DEL PERÚ,203,0.166,0.154,122429,131472,2734,6309,640,586,54,0,91.563,2026-10-06T10:16:02-05:00,2026-10-06T15:20:40.485Z,https://resultadoelectoral.onpe.gob.pe/main/elecciones-municipales
140109,LA VICTORIA,00000101,PARTIDO MORADO,195,0.159,0.148,122429,131472,2734,6309,640,586,54,0,91.563,2026-10-06T10:16:02-05:00,2026-10-06T15:20:40.485Z,https://resultadoelectoral.onpe.gob.pe/main/elecciones-municipales
140109,LA VICTORIA,00000125,BATALLA PERÚ,193,0.158,0.147,122429,131472,2734,6309,640,586,54,0,91.563,2026-10-06T10:16:02-05:00,2026-10-06T15:20:40.485Z,https://resultadoelectoral.onpe.gob.pe/main/elecciones-municipales
140109,LA VICTORIA,00000124,COALICIÓN TRANSFORMADORA TIERRA VERDE,109,0.089,0.083,122429,131472,2734,6309,640,586,54,0,91.563,2026-10-06T10:16:02-05:00,2026-10-06T15:20:40.485Z,https://resultadoelectoral.onpe.gob.pe/main/elecciones-municipales
140109,LA VICTORIA,00000132,FUERZA CIUDADANA,91,0.074,0.069,122429,131472,2734,6309,640,586,54,0,91.563,2026-10-06T10:16:02-05:00,2026-10-06T15:20:40.485Z,https://resultadoelectoral.onpe.gob.pe/main/elecciones-municipales
140109,LA VICTORIA,00000127,VISIÓN PERÚ,74,0.06,0.056,122429,131472,2734,6309,640,586,54,0,91.563,2026-10-06T10:16:02-05:00,2026-10-06T15:20:40.485Z,https://resultadoelectoral.onpe.gob.pe/main/elecciones-municipales
140109,LA VICTORIA,00000130,PARTIDO POLÍTICO PUEBLO CONSCIENTE,47,0.038,0.036,122429,131472,2734,6309,640,586,54,0,91.563,2026-10-06T10:16:02-05:00,2026-10-06T15:20:40.485Z,https://resultadoelectoral.onpe.gob.pe/main/elecciones-municipales
140101,LIMA,00000098,AVANZA PAÍS - PARTIDO DE INTEGRACIÓN SOCIAL,63677,32.02,29.919,198867,212833,2134,11832,1015,965,50,0,95.074,2026-10-06T10:16:02-05:00,2026-10-06T15:21:47.318Z,https://resultadoelectoral.onpe.gob.pe/main/elecciones-municipales
140101,LIMA,00000137,RENOVACIÓN POPULAR PERÚ,51063,25.677,23.992,198867,212833,2134,11832,1015,965,50,0,95.074,2026-10-06T10:16:02-05:00,2026-10-06T15:21:47.318Z,https://resultadoelectoral.onpe.gob.pe/main/elecciones-municipales
140101,LIMA,00000094,PARTIDO DEMOCRÁTICO SOMOS PERÚ,22736,11.433,10.683,198867,212833,2134,11832,1015,965,50,0,95.074,2026-10-06T10:16:02-05:00,2026-10-06T15:21:47.318Z,https://resultadoelectoral.onpe.gob.pe/main/elecciones-municipales
140101,LIMA,00000100,PODEMOS PERÚ,15472,7.78,7.27,198867,212833,2134,11832,1015,965,50,0,95.074,2026-10-06T10:16:02-05:00,2026-10-06T15:21:47.318Z,https://resultadoelectoral.onpe.gob.pe/main/elecciones-municipales
140101,LIMA,00000123,AHORA NACIÓN - AN,8502,4.275,3.995,198867,212833,2134,11832,1015,965,50,0,95.074,2026-10-06T10:16:02-05:00,2026-10-06T15:21:47.318Z,https://resultadoelectoral.onpe.gob.pe/main/elecciones-municipales
140101,LIMA,00000097,FUERZA POPULAR,7979,4.012,3.749,198867,212833,2134,11832,1015,965,50,0,95.074,2026-10-06T10:16:02-05:00,2026-10-06T15:21:47.318Z,https://resultadoelectoral.onpe.gob.pe/main/elecciones-municipales
140101,LIMA,00000095,ALIANZA PARA EL PROGRESO,6003,3.019,2.821,198867,212833,2134,11832,1015,965,50,0,95.074,2026-10-06T10:16:02-05:00,2026-10-06T15:21:47.318Z,https://resultadoelectoral.onpe.gob.pe/main/elecciones-municipales
140101,LIMA,00000093,ACCIÓN POPULAR,4560,2.293,2.143,198867,212833,2134,11832,1015,965,50,0,95.074,2026-10-06T10:16:02-05:00,2026-10-06T15:21:47.318Z,https://resultadoelectoral.onpe.gob.pe/main/elecciones-municipales
140101,LIMA,00000096,JUNTOS POR EL PERÚ,3924,1.973,1.844,198867,212833,2134,11832,1015,965,50,0,95.074,2026-10-06T10:16:02-05:00,2026-10-06T15:21:47.318Z,https://resultadoelectoral.onpe.gob.pe/main/elecciones-municipales
140101,LIMA,00000117,PARTIDO CÍVICO OBRAS,3548,1.784,1.667,198867,212833,2134,11832,1015,965,50,0,95.074,2026-10-06T10:16:02-05:00,2026-10-06T15:21:47.318Z,https://resultadoelectoral.onpe.gob.pe/main/elecciones-municipales
140101,LIMA,00000112,PARTIDO APRISTA PERUANO,1986,0.999,0.933,198867,212833,2134,11832,1015,965,50,0,95.074,2026-10-06T10:16:02-05:00,2026-10-06T15:21:47.318Z,https://resultadoelectoral.onpe.gob.pe/main/elecciones-municipales
140101,LIMA,00000122,PROGRESEMOS,1533,0.771,0.72,198867,212833,2134,11832,1015,965,50,0,95.074,2026-10-06T10:16:02-05:00,2026-10-06T15:21:47.318Z,https://resultadoelectoral.onpe.gob.pe/main/elecciones-municipales
140101,LIMA,00000121,PARTIDO DEL BUEN GOBIERNO,1259,0.633,0.592,198867,212833,2134,11832,1015,965,50,0,95.074,2026-10-06T10:16:02-05:00,2026-10-06T15:21:47.318Z,https://resultadoelectoral.onpe.gob.pe/main/elecciones-municipales
140101,LIMA,00000107,FRENTE POPULAR AGRÍCOLA FÍA DEL PERÚ,1147,0.577,0.539,198867,212833,2134,11832,1015,965,50,0,95.074,2026-10-06T10:16:02-05:00,2026-10-06T15:21:47.318Z,https://resultadoelectoral.onpe.gob.pe/main/elecciones-municipales
140101,LIMA,00000102,PARTIDO FRENTE DE LA ESPERANZA 2021,921,0.463,0.433,198867,212833,2134,11832,1015,965,50,0,95.074,2026-10-06T10:16:02-05:00,2026-10-06T15:21:47.318Z,https://resultadoelectoral.onpe.gob.pe/main/elecciones-municipales
140101,LIMA,00000099,PARTIDO POLÍTICO NACIONAL PERÚ LIBRE,769,0.387,0.361,198867,212833,2134,11832,1015,965,50,0,95.074,2026-10-06T10:16:02-05:00,2026-10-06T15:21:47.318Z,https://resultadoelectoral.onpe.gob.pe/main/elecciones-municipales
140101,LIMA,00000118,PARTIDO POPULAR CRISTIANO - PPC,632,0.318,0.297,198867,212833,2134,11832,1015,965,50,0,95.074,2026-10-06T10:16:02-05:00,2026-10-06T15:21:47.318Z,https://resultadoelectoral.onpe.gob.pe/main/elecciones-municipales
140101,LIMA,00000105,PARTIDO DEMÓCRATA VERDE,622,0.313,0.292,198867,212833,2134,11832,1015,965,50,0,95.074,2026-10-06T10:16:02-05:00,2026-10-06T15:21:47.318Z,https://resultadoelectoral.onpe.gob.pe/main/elecciones-municipales
140101,LIMA,00000101,PARTIDO MORADO,580,0.292,0.273,198867,212833,2134,11832,1015,965,50,0,95.074,2026-10-06T10:16:02-05:00,2026-10-06T15:21:47.318Z,https://resultadoelectoral.onpe.gob.pe/main/elecciones-municipales
140101,LIMA,00000135,ALIANZA ELECTORAL VENCEREMOS,484,0.243,0.227,198867,212833,2134,11832,1015,965,50,0,95.074,2026-10-06T10:16:02-05:00,2026-10-06T15:21:47.318Z,https://resultadoelectoral.onpe.gob.pe/main/elecciones-municipales
140101,LIMA,00000104,PARTIDO PATRIÓTICO DEL PERÚ,441,0.222,0.207,198867,212833,2134,11832,1015,965,50,0,95.074,2026-10-06T10:16:02-05:00,2026-10-06T15:21:47.318Z,https://resultadoelectoral.onpe.gob.pe/main/elecciones-municipales
140101,LIMA,00000124,COALICIÓN TRANSFORMADORA TIERRA VERDE,302,0.152,0.142,198867,212833,2134,11832,1015,965,50,0,95.074,2026-10-06T10:16:02-05:00,2026-10-06T15:21:47.318Z,https://resultadoelectoral.onpe.gob.pe/main/elecciones-municipales
140101,LIMA,00000132,FUERZA CIUDADANA,218,0.11,0.102,198867,212833,2134,11832,1015,965,50,0,95.074,2026-10-06T10:16:02-05:00,2026-10-06T15:21:47.318Z,https://resultadoelectoral.onpe.gob.pe/main/elecciones-municipales
140101,LIMA,00000125,BATALLA PERÚ,186,0.094,0.087,198867,212833,2134,11832,1015,965,50,0,95.074,2026-10-06T10:16:02-05:00,2026-10-06T15:21:47.318Z,https://resultadoelectoral.onpe.gob.pe/main/elecciones-municipales
140101,LIMA,00000127,VISIÓN PERÚ,179,0.09,0.084,198867,212833,2134,11832,1015,965,50,0,95.074,2026-10-06T10:16:02-05:00,2026-10-06T15:21:47.318Z,https://resultadoelectoral.onpe.gob.pe/main/elecciones-municipales
140101,LIMA,00000130,PARTIDO POLÍTICO PUEBLO CONSCIENTE,144,0.072,0.068,198867,212833,2134,11832,1015,965,50,0,95.074,2026-10-06T10:16:02-05:00,2026-10-06T15:21:47.318Z,https://resultadoelectoral.onpe.gob.pe/main/elecciones-municipales
140111,LINCE,00000137,RENOVACIÓN POPULAR PERÚ,17290,30.712,29.123,56298,59369,813,2258,290,270,20,0,93.103,2026-10-06T10:16:02-05:00,2026-10-06T15:21:54.850Z,https://resultadoelectoral.onpe.gob.pe/main/elecciones-municipales
140111,LINCE,00000098,AVANZA PAÍS - PARTIDO DE INTEGRACIÓN SOCIAL,15990,28.402,26.933,56298,59369,813,2258,290,270,20,0,93.103,2026-10-06T10:16:02-05:00,2026-10-06T15:21:54.850Z,https://resultadoelectoral.onpe.gob.pe/main/elecciones-municipales
140111,LINCE,00000094,PARTIDO DEMOCRÁTICO SOMOS PERÚ,12554,22.299,21.146,56298,59369,813,2258,290,270,20,0,93.103,2026-10-06T10:16:02-05:00,2026-10-06T15:21:54.850Z,https://resultadoelectoral.onpe.gob.pe/main/elecciones-municipales
140111,LINCE,00000100,PODEMOS PERÚ,2120,3.766,3.571,56298,59369,813,2258,290,270,20,0,93.103,2026-10-06T10:16:02-05:00,2026-10-06T15:21:54.850Z,https://resultadoelectoral.onpe.gob.pe/main/elecciones-municipales
140111,LINCE,00000123,AHORA NACIÓN - AN,1849,3.284,3.114,56298,59369,813,2258,290,270,20,0,93.103,2026-10-06T10:16:02-05:00,2026-10-06T15:21:54.850Z,https://resultadoelectoral.onpe.gob.pe/main/elecciones-municipales
140111,LINCE,00000093,ACCIÓN POPULAR,1295,2.3,2.181,56298,59369,813,2258,290,270,20,0,93.103,2026-10-06T10:16:02-05:00,2026-10-06T15:21:54.850Z,https://resultadoelectoral.onpe.gob.pe/main/elecciones-municipales
140111,LINCE,00000097,FUERZA POPULAR,1285,2.282,2.164,56298,59369,813,2258,290,270,20,0,93.103,2026-10-06T10:16:02-05:00,2026-10-06T15:21:54.850Z,https://resultadoelectoral.onpe.gob.pe/main/elecciones-municipales
140111,LINCE,00000095,ALIANZA PARA EL PROGRESO,951,1.689,1.602,56298,59369,813,2258,290,270,20,0,93.103,2026-10-06T10:16:02-05:00,2026-10-06T15:21:54.850Z,https://resultadoelectoral.onpe.gob.pe/main/elecciones-municipales
140111,LINCE,00000112,PARTIDO APRISTA PERUANO,517,0.918,0.871,56298,59369,813,2258,290,270,20,0,93.103,2026-10-06T10:16:02-05:00,2026-10-06T15:21:54.850Z,https://resultadoelectoral.onpe.gob.pe/main/elecciones-municipales
140111,LINCE,00000096,JUNTOS POR EL PERÚ,468,0.831,0.788,56298,59369,813,2258,290,270,20,0,93.103,2026-10-06T10:16:02-05:00,2026-10-06T15:21:54.850Z,https://resultadoelectoral.onpe.gob.pe/main/elecciones-municipales
140111,LINCE,00000117,PARTIDO CÍVICO OBRAS,459,0.815,0.773,56298,59369,813,2258,290,270,20,0,93.103,2026-10-06T10:16:02-05:00,2026-10-06T15:21:54.850Z,https://resultadoelectoral.onpe.gob.pe/main/elecciones-municipales
140111,LINCE,00000118,PARTIDO POPULAR CRISTIANO - PPC,300,0.533,0.505,56298,59369,813,2258,290,270,20,0,93.103,2026-10-06T10:16:02-05:00,2026-10-06T15:21:54.850Z,https://resultadoelectoral.onpe.gob.pe/main/elecciones-municipales
140111,LINCE,00000121,PARTIDO DEL BUEN GOBIERNO,260,0.462,0.438,56298,59369,813,2258,290,270,20,0,93.103,2026-10-06T10:16:02-05:00,2026-10-06T15:21:54.850Z,https://resultadoelectoral.onpe.gob.pe/main/elecciones-municipales
140111,LINCE,00000122,PROGRESEMOS,196,0.348,0.33,56298,59369,813,2258,290,270,20,0,93.103,2026-10-06T10:16:02-05:00,2026-10-06T15:21:54.850Z,https://resultadoelectoral.onpe.gob.pe/main/elecciones-municipales
140111,LINCE,00000102,PARTIDO FRENTE DE LA ESPERANZA 2021,134,0.238,0.226,56298,59369,813,2258,290,270,20,0,93.103,2026-10-06T10:16:02-05:00,2026-10-06T15:21:54.850Z,https://resultadoelectoral.onpe.gob.pe/main/elecciones-municipales
140111,LINCE,00000101,PARTIDO MORADO,96,0.171,0.162,56298,59369,813,2258,290,270,20,0,93.103,2026-10-06T10:16:02-05:00,2026-10-06T15:21:54.850Z,https://resultadoelectoral.onpe.gob.pe/main/elecciones-municipales
140111,LINCE,00000107,FRENTE POPULAR AGRÍCOLA FÍA DEL PERÚ,91,0.162,0.153,56298,59369,813,2258,290,270,20,0,93.103,2026-10-06T10:16:02-05:00,2026-10-06T15:21:54.850Z,https://resultadoelectoral.onpe.gob.pe/main/elecciones-municipales
140111,LINCE,00000099,PARTIDO POLÍTICO NACIONAL PERÚ LIBRE,83,0.147,0.14,56298,59369,813,2258,290,270,20,0,93.103,2026-10-06T10:16:02-05:00,2026-10-06T15:21:54.850Z,https://resultadoelectoral.onpe.gob.pe/main/elecciones-municipales
140111,LINCE,00000105,PARTIDO DEMÓCRATA VERDE,79,0.14,0.133,56298,59369,813,2258,290,270,20,0,93.103,2026-10-06T10:16:02-05:00,2026-10-06T15:21:54.850Z,https://resultadoelectoral.onpe.gob.pe/main/elecciones-municipales
140111,LINCE,00000135,ALIANZA ELECTORAL VENCEREMOS,61,0.108,0.103,56298,59369,813,2258,290,270,20,0,93.103,2026-10-06T10:16:02-05:00,2026-10-06T15:21:54.850Z,https://resultadoelectoral.onpe.gob.pe/main/elecciones-municipales
140111,LINCE,00000104,PARTIDO PATRIÓTICO DEL PERÚ,60,0.107,0.101,56298,59369,813,2258,290,270,20,0,93.103,2026-10-06T10:16:02-05:00,2026-10-06T15:21:54.850Z,https://resultadoelectoral.onpe.gob.pe/main/elecciones-municipales
140111,LINCE,00000124,COALICIÓN TRANSFORMADORA TIERRA VERDE,44,0.078,0.074,56298,59369,813,2258,290,270,20,0,93.103,2026-10-06T10:16:02-05:00,2026-10-06T15:21:54.850Z,https://resultadoelectoral.onpe.gob.pe/main/elecciones-municipales
140111,LINCE,00000132,FUERZA CIUDADANA,35,0.062,0.059,56298,59369,813,2258,290,270,20,0,93.103,2026-10-06T10:16:02-05:00,2026-10-06T15:21:54.850Z,https://resultadoelectoral.onpe.gob.pe/main/elecciones-municipales
140111,LINCE,00000125,BATALLA PERÚ,31,0.055,0.052,56298,59369,813,2258,290,270,20,0,93.103,2026-10-06T10:16:02-05:00,2026-10-06T15:21:54.850Z,https://resultadoelectoral.onpe.gob.pe/main/elecciones-municipales
140111,LINCE,00000127,VISIÓN PERÚ,28,0.05,0.047,56298,59369,813,2258,290,270,20,0,93.103,2026-10-06T10:16:02-05:00,2026-10-06T15:21:54.850Z,https://resultadoelectoral.onpe.gob.pe/main/elecciones-municipales
140111,LINCE,00000130,PARTIDO POLÍTICO PUEBLO CONSCIENTE,22,0.039,0.037,56298,59369,813,2258,290,270,20,0,93.103,2026-10-06T10:16:02-05:00,2026-10-06T15:21:54.850Z,https://resultadoelectoral.onpe.gob.pe/main/elecciones-municipales
140142,LOS OLIVOS,00000137,RENOVACIÓN POPULAR PERÚ,58915,28.859,26.731,204147,220400,4507,11746,984,934,50,0,94.919,2026-10-06T10:16:02-05:00,2026-10-06T15:22:02.407Z,https://resultadoelectoral.onpe.gob.pe/main/elecciones-municipales
140142,LOS OLIVOS,00000098,AVANZA PAÍS - PARTIDO DE INTEGRACIÓN SOCIAL,55947,27.405,25.384,204147,220400,4507,11746,984,934,50,0,94.919,2026-10-06T10:16:02-05:00,2026-10-06T15:22:02.407Z,https://resultadoelectoral.onpe.gob.pe/main/elecciones-municipales
140142,LOS OLIVOS,00000094,PARTIDO DEMOCRÁTICO SOMOS PERÚ,24056,11.784,10.915,204147,220400,4507,11746,984,934,50,0,94.919,2026-10-06T10:16:02-05:00,2026-10-06T15:22:02.407Z,https://resultadoelectoral.onpe.gob.pe/main/elecciones-municipales
140142,LOS OLIVOS,00000100,PODEMOS PERÚ,22341,10.944,10.137,204147,220400,4507,11746,984,934,50,0,94.919,2026-10-06T10:16:02-05:00,2026-10-06T15:22:02.407Z,https://resultadoelectoral.onpe.gob.pe/main/elecciones-municipales
140142,LOS OLIVOS,00000123,AHORA NACIÓN - AN,7579,3.713,3.439,204147,220400,4507,11746,984,934,50,0,94.919,2026-10-06T10:16:02-05:00,2026-10-06T15:22:02.407Z,https://resultadoelectoral.onpe.gob.pe/main/elecciones-municipales
140142,LOS OLIVOS,00000096,JUNTOS POR EL PERÚ,5984,2.931,2.715,204147,220400,4507,11746,984,934,50,0,94.919,2026-10-06T10:16:02-05:00,2026-10-06T15:22:02.407Z,https://resultadoelectoral.onpe.gob.pe/main/elecciones-municipales
140142,LOS OLIVOS,00000095,ALIANZA PARA EL PROGRESO,5014,2.456,2.275,204147,220400,4507,11746,984,934,50,0,94.919,2026-10-06T10:16:02-05:00,2026-10-06T15:22:02.407Z,https://resultadoelectoral.onpe.gob.pe/main/elecciones-municipales
140142,LOS OLIVOS,00000097,FUERZA POPULAR,4953,2.426,2.247,204147,220400,4507,11746,984,934,50,0,94.919,2026-10-06T10:16:02-05:00,2026-10-06T15:22:02.407Z,https://resultadoelectoral.onpe.gob.pe/main/elecciones-municipales
140142,LOS OLIVOS,00000117,PARTIDO CÍVICO OBRAS,4557,2.232,2.068,204147,220400,4507,11746,984,934,50,0,94.919,2026-10-06T10:16:02-05:00,2026-10-06T15:22:02.407Z,https://resultadoelectoral.onpe.gob.pe/main/elecciones-municipales
140142,LOS OLIVOS,00000093,ACCIÓN POPULAR,3903,1.912,1.771,204147,220400,4507,11746,984,934,50,0,94.919,2026-10-06T10:16:02-05:00,2026-10-06T15:22:02.407Z,https://resultadoelectoral.onpe.gob.pe/main/elecciones-municipales
140142,LOS OLIVOS,00000122,PROGRESEMOS,1875,0.918,0.851,204147,220400,4507,11746,984,934,50,0,94.919,2026-10-06T10:16:02-05:00,2026-10-06T15:22:02.407Z,https://resultadoelectoral.onpe.gob.pe/main/elecciones-municipales
140142,LOS OLIVOS,00000102,PARTIDO FRENTE DE LA ESPERANZA 2021,1757,0.861,0.797,204147,220400,4507,11746,984,934,50,0,94.919,2026-10-06T10:16:02-05:00,2026-10-06T15:22:02.407Z,https://resultadoelectoral.onpe.gob.pe/main/elecciones-municipales
140142,LOS OLIVOS,00000121,PARTIDO DEL BUEN GOBIERNO,1573,0.771,0.714,204147,220400,4507,11746,984,934,50,0,94.919,2026-10-06T10:16:02-05:00,2026-10-06T15:22:02.407Z,https://resultadoelectoral.onpe.gob.pe/main/elecciones-municipales
140142,LOS OLIVOS,00000105,PARTIDO DEMÓCRATA VERDE,1077,0.528,0.489,204147,220400,4507,11746,984,934,50,0,94.919,2026-10-06T10:16:02-05:00,2026-10-06T15:22:02.407Z,https://resultadoelectoral.onpe.gob.pe/main/elecciones-municipales
140142,LOS OLIVOS,00000112,PARTIDO APRISTA PERUANO,825,0.404,0.374,204147,220400,4507,11746,984,934,50,0,94.919,2026-10-06T10:16:02-05:00,2026-10-06T15:22:02.407Z,https://resultadoelectoral.onpe.gob.pe/main/elecciones-municipales
140142,LOS OLIVOS,00000107,FRENTE POPULAR AGRÍCOLA FÍA DEL PERÚ,787,0.386,0.357,204147,220400,4507,11746,984,934,50,0,94.919,2026-10-06T10:16:02-05:00,2026-10-06T15:22:02.407Z,https://resultadoelectoral.onpe.gob.pe/main/elecciones-municipales
140142,LOS OLIVOS,00000099,PARTIDO POLÍTICO NACIONAL PERÚ LIBRE,624,0.306,0.283,204147,220400,4507,11746,984,934,50,0,94.919,2026-10-06T10:16:02-05:00,2026-10-06T15:22:02.407Z,https://resultadoelectoral.onpe.gob.pe/main/elecciones-municipales
140142,LOS OLIVOS,00000118,PARTIDO POPULAR CRISTIANO - PPC,541,0.265,0.245,204147,220400,4507,11746,984,934,50,0,94.919,2026-10-06T10:16:02-05:00,2026-10-06T15:22:02.407Z,https://resultadoelectoral.onpe.gob.pe/main/elecciones-municipales
140142,LOS OLIVOS,00000135,ALIANZA ELECTORAL VENCEREMOS,384,0.188,0.174,204147,220400,4507,11746,984,934,50,0,94.919,2026-10-06T10:16:02-05:00,2026-10-06T15:22:02.407Z,https://resultadoelectoral.onpe.gob.pe/main/elecciones-municipales
140142,LOS OLIVOS,00000101,PARTIDO MORADO,370,0.181,0.168,204147,220400,4507,11746,984,934,50,0,94.919,2026-10-06T10:16:02-05:00,2026-10-06T15:22:02.407Z,https://resultadoelectoral.onpe.gob.pe/main/elecciones-municipales
140142,LOS OLIVOS,00000104,PARTIDO PATRIÓTICO DEL PERÚ,321,0.157,0.146,204147,220400,4507,11746,984,934,50,0,94.919,2026-10-06T10:16:02-05:00,2026-10-06T15:22:02.407Z,https://resultadoelectoral.onpe.gob.pe/main/elecciones-municipales
140142,LOS OLIVOS,00000124,COALICIÓN TRANSFORMADORA TIERRA VERDE,309,0.151,0.14,204147,220400,4507,11746,984,934,50,0,94.919,2026-10-06T10:16:02-05:00,2026-10-06T15:22:02.407Z,https://resultadoelectoral.onpe.gob.pe/main/elecciones-municipales
140142,LOS OLIVOS,00000130,PARTIDO POLÍTICO PUEBLO CONSCIENTE,153,0.075,0.069,204147,220400,4507,11746,984,934,50,0,94.919,2026-10-06T10:16:02-05:00,2026-10-06T15:22:02.407Z,https://resultadoelectoral.onpe.gob.pe/main/elecciones-municipales
140142,LOS OLIVOS,00000125,BATALLA PERÚ,109,0.053,0.049,204147,220400,4507,11746,984,934,50,0,94.919,2026-10-06T10:16:02-05:00,2026-10-06T15:22:02.407Z,https://resultadoelectoral.onpe.gob.pe/main/elecciones-municipales
140142,LOS OLIVOS,00000132,FUERZA CIUDADANA,107,0.052,0.049,204147,220400,4507,11746,984,934,50,0,94.919,2026-10-06T10:16:02-05:00,2026-10-06T15:22:02.407Z,https://resultadoelectoral.onpe.gob.pe/main/elecciones-municipales
140142,LOS OLIVOS,00000127,VISIÓN PERÚ,86,0.042,0.039,204147,220400,4507,11746,984,934,50,0,94.919,2026-10-06T10:16:02-05:00,2026-10-06T15:22:02.407Z,https://resultadoelectoral.onpe.gob.pe/main/elecciones-municipales
140112,LURIGANCHO,00000137,RENOVACIÓN POPULAR PERÚ,31441,30.399,26.737,103429,117592,7391,6772,550,517,33,0,94,2026-10-06T10:16:02-05:00,2026-10-06T15:22:09.965Z,https://resultadoelectoral.onpe.gob.pe/main/elecciones-municipales
140112,LURIGANCHO,00000098,AVANZA PAÍS - PARTIDO DE INTEGRACIÓN SOCIAL,22652,21.901,19.263,103429,117592,7391,6772,550,517,33,0,94,2026-10-06T10:16:02-05:00,2026-10-06T15:22:09.965Z,https://resultadoelectoral.onpe.gob.pe/main/elecciones-municipales
140112,LURIGANCHO,00000095,ALIANZA PARA EL PROGRESO,8698,8.41,7.397,103429,117592,7391,6772,550,517,33,0,94,2026-10-06T10:16:02-05:00,2026-10-06T15:22:09.965Z,https://resultadoelectoral.onpe.gob.pe/main/elecciones-municipales
140112,LURIGANCHO,00000096,JUNTOS POR EL PERÚ,8691,8.403,7.391,103429,117592,7391,6772,550,517,33,0,94,2026-10-06T10:16:02-05:00,2026-10-06T15:22:09.965Z,https://resultadoelectoral.onpe.gob.pe/main/elecciones-municipales
140112,LURIGANCHO,00000094,PARTIDO DEMOCRÁTICO SOMOS PERÚ,8248,7.975,7.014,103429,117592,7391,6772,550,517,33,0,94,2026-10-06T10:16:02-05:00,2026-10-06T15:22:09.965Z,https://resultadoelectoral.onpe.gob.pe/main/elecciones-municipales
140112,LURIGANCHO,00000123,AHORA NACIÓN - AN,6781,6.556,5.767,103429,117592,7391,6772,550,517,33,0,94,2026-10-06T10:16:02-05:00,2026-10-06T15:22:09.965Z,https://resultadoelectoral.onpe.gob.pe/main/elecciones-municipales
140112,LURIGANCHO,00000100,PODEMOS PERÚ,5392,5.213,4.585,103429,117592,7391,6772,550,517,33,0,94,2026-10-06T10:16:02-05:00,2026-10-06T15:22:09.965Z,https://resultadoelectoral.onpe.gob.pe/main/elecciones-municipales
140112,LURIGANCHO,00000093,ACCIÓN POPULAR,2073,2.004,1.763,103429,117592,7391,6772,550,517,33,0,94,2026-10-06T10:16:02-05:00,2026-10-06T15:22:09.965Z,https://resultadoelectoral.onpe.gob.pe/main/elecciones-municipales
140112,LURIGANCHO,00000097,FUERZA POPULAR,2045,1.977,1.739,103429,117592,7391,6772,550,517,33,0,94,2026-10-06T10:16:02-05:00,2026-10-06T15:22:09.965Z,https://resultadoelectoral.onpe.gob.pe/main/elecciones-municipales
140112,LURIGANCHO,00000117,PARTIDO CÍVICO OBRAS,1836,1.775,1.561,103429,117592,7391,6772,550,517,33,0,94,2026-10-06T10:16:02-05:00,2026-10-06T15:22:09.965Z,https://resultadoelectoral.onpe.gob.pe/main/elecciones-municipales
140112,LURIGANCHO,00000122,PROGRESEMOS,1134,1.096,0.964,103429,117592,7391,6772,550,517,33,0,94,2026-10-06T10:16:02-05:00,2026-10-06T15:22:09.965Z,https://resultadoelectoral.onpe.gob.pe/main/elecciones-municipales
140112,LURIGANCHO,00000121,PARTIDO DEL BUEN GOBIERNO,889,0.86,0.756,103429,117592,7391,6772,550,517,33,0,94,2026-10-06T10:16:02-05:00,2026-10-06T15:22:09.965Z,https://resultadoelectoral.onpe.gob.pe/main/elecciones-municipales
140112,LURIGANCHO,00000107,FRENTE POPULAR AGRÍCOLA FÍA DEL PERÚ,869,0.84,0.739,103429,117592,7391,6772,550,517,33,0,94,2026-10-06T10:16:02-05:00,2026-10-06T15:22:09.965Z,https://resultadoelectoral.onpe.gob.pe/main/elecciones-municipales
140112,LURIGANCHO,00000099,PARTIDO POLÍTICO NACIONAL PERÚ LIBRE,467,0.452,0.397,103429,117592,7391,6772,550,517,33,0,94,2026-10-06T10:16:02-05:00,2026-10-06T15:22:09.965Z,https://resultadoelectoral.onpe.gob.pe/main/elecciones-municipales
140112,LURIGANCHO,00000102,PARTIDO FRENTE DE LA ESPERANZA 2021,435,0.421,0.37,103429,117592,7391,6772,550,517,33,0,94,2026-10-06T10:16:02-05:00,2026-10-06T15:22:09.965Z,https://resultadoelectoral.onpe.gob.pe/main/elecciones-municipales
140112,LURIGANCHO,00000105,PARTIDO DEMÓCRATA VERDE,246,0.238,0.209,103429,117592,7391,6772,550,517,33,0,94,2026-10-06T10:16:02-05:00,2026-10-06T15:22:09.965Z,https://resultadoelectoral.onpe.gob.pe/main/elecciones-municipales
140112,LURIGANCHO,00000112,PARTIDO APRISTA PERUANO,230,0.222,0.196,103429,117592,7391,6772,550,517,33,0,94,2026-10-06T10:16:02-05:00,2026-10-06T15:22:09.965Z,https://resultadoelectoral.onpe.gob.pe/main/elecciones-municipales
140112,LURIGANCHO,00000135,ALIANZA ELECTORAL VENCEREMOS,218,0.211,0.185,103429,117592,7391,6772,550,517,33,0,94,2026-10-06T10:16:02-05:00,2026-10-06T15:22:09.965Z,https://resultadoelectoral.onpe.gob.pe/main/elecciones-municipales
140112,LURIGANCHO,00000101,PARTIDO MORADO,189,0.183,0.161,103429,117592,7391,6772,550,517,33,0,94,2026-10-06T10:16:02-05:00,2026-10-06T15:22:09.965Z,https://resultadoelectoral.onpe.gob.pe/main/elecciones-municipales
140112,LURIGANCHO,00000124,COALICIÓN TRANSFORMADORA TIERRA VERDE,183,0.177,0.156,103429,117592,7391,6772,550,517,33,0,94,2026-10-06T10:16:02-05:00,2026-10-06T15:22:09.965Z,https://resultadoelectoral.onpe.gob.pe/main/elecciones-municipales
140112,LURIGANCHO,00000132,FUERZA CIUDADANA,179,0.173,0.152,103429,117592,7391,6772,550,517,33,0,94,2026-10-06T10:16:02-05:00,2026-10-06T15:22:09.965Z,https://resultadoelectoral.onpe.gob.pe/main/elecciones-municipales
140112,LURIGANCHO,00000104,PARTIDO PATRIÓTICO DEL PERÚ,163,0.158,0.139,103429,117592,7391,6772,550,517,33,0,94,2026-10-06T10:16:02-05:00,2026-10-06T15:22:09.965Z,https://resultadoelectoral.onpe.gob.pe/main/elecciones-municipales
140112,LURIGANCHO,00000118,PARTIDO POPULAR CRISTIANO - PPC,151,0.146,0.128,103429,117592,7391,6772,550,517,33,0,94,2026-10-06T10:16:02-05:00,2026-10-06T15:22:09.965Z,https://resultadoelectoral.onpe.gob.pe/main/elecciones-municipales
140112,LURIGANCHO,00000125,BATALLA PERÚ,111,0.107,0.094,103429,117592,7391,6772,550,517,33,0,94,2026-10-06T10:16:02-05:00,2026-10-06T15:22:09.965Z,https://resultadoelectoral.onpe.gob.pe/main/elecciones-municipales
140112,LURIGANCHO,00000130,PARTIDO POLÍTICO PUEBLO CONSCIENTE,60,0.058,0.051,103429,117592,7391,6772,550,517,33,0,94,2026-10-06T10:16:02-05:00,2026-10-06T15:22:09.965Z,https://resultadoelectoral.onpe.gob.pe/main/elecciones-municipales
140112,LURIGANCHO,00000127,VISIÓN PERÚ,48,0.046,0.041,103429,117592,7391,6772,550,517,33,0,94,2026-10-06T10:16:02-05:00,2026-10-06T15:22:09.965Z,https://resultadoelectoral.onpe.gob.pe/main/elecciones-municipales
140113,LURÍN,00000137,RENOVACIÓN POPULAR PERÚ,16295,32.122,29.597,50728,55057,1518,2811,248,229,19,0,92.339,2026-10-06T10:16:02-05:00,2026-10-06T15:22:17.539Z,https://resultadoelectoral.onpe.gob.pe/main/elecciones-municipales
140113,LURÍN,00000095,ALIANZA PARA EL PROGRESO,7392,14.572,13.426,50728,55057,1518,2811,248,229,19,0,92.339,2026-10-06T10:16:02-05:00,2026-10-06T15:22:17.539Z,https://resultadoelectoral.onpe.gob.pe/main/elecciones-municipales
140113,LURÍN,00000094,PARTIDO DEMOCRÁTICO SOMOS PERÚ,7330,14.45,13.313,50728,55057,1518,2811,248,229,19,0,92.339,2026-10-06T10:16:02-05:00,2026-10-06T15:22:17.539Z,https://resultadoelectoral.onpe.gob.pe/main/elecciones-municipales
140113,LURÍN,00000098,AVANZA PAÍS - PARTIDO DE INTEGRACIÓN SOCIAL,6999,13.797,12.712,50728,55057,1518,2811,248,229,19,0,92.339,2026-10-06T10:16:02-05:00,2026-10-06T15:22:17.539Z,https://resultadoelectoral.onpe.gob.pe/main/elecciones-municipales
140113,LURÍN,00000118,PARTIDO POPULAR CRISTIANO - PPC,3317,6.539,6.025,50728,55057,1518,2811,248,229,19,0,92.339,2026-10-06T10:16:02-05:00,2026-10-06T15:22:17.539Z,https://resultadoelectoral.onpe.gob.pe/main/elecciones-municipales
140113,LURÍN,00000100,PODEMOS PERÚ,2014,3.97,3.658,50728,55057,1518,2811,248,229,19,0,92.339,2026-10-06T10:16:02-05:00,2026-10-06T15:22:17.539Z,https://resultadoelectoral.onpe.gob.pe/main/elecciones-municipales
140113,LURÍN,00000123,AHORA NACIÓN - AN,1400,2.76,2.543,50728,55057,1518,2811,248,229,19,0,92.339,2026-10-06T10:16:02-05:00,2026-10-06T15:22:17.539Z,https://resultadoelectoral.onpe.gob.pe/main/elecciones-municipales
140113,LURÍN,00000097,FUERZA POPULAR,1044,2.058,1.896,50728,55057,1518,2811,248,229,19,0,92.339,2026-10-06T10:16:02-05:00,2026-10-06T15:22:17.539Z,https://resultadoelectoral.onpe.gob.pe/main/elecciones-municipales
140113,LURÍN,00000096,JUNTOS POR EL PERÚ,854,1.683,1.551,50728,55057,1518,2811,248,229,19,0,92.339,2026-10-06T10:16:02-05:00,2026-10-06T15:22:17.539Z,https://resultadoelectoral.onpe.gob.pe/main/elecciones-municipales
140113,LURÍN,00000117,PARTIDO CÍVICO OBRAS,813,1.603,1.477,50728,55057,1518,2811,248,229,19,0,92.339,2026-10-06T10:16:02-05:00,2026-10-06T15:22:17.539Z,https://resultadoelectoral.onpe.gob.pe/main/elecciones-municipales
140113,LURÍN,00000093,ACCIÓN POPULAR,543,1.07,0.986,50728,55057,1518,2811,248,229,19,0,92.339,2026-10-06T10:16:02-05:00,2026-10-06T15:22:17.539Z,https://resultadoelectoral.onpe.gob.pe/main/elecciones-municipales
140113,LURÍN,00000102,PARTIDO FRENTE DE LA ESPERANZA 2021,527,1.039,0.957,50728,55057,1518,2811,248,229,19,0,92.339,2026-10-06T10:16:02-05:00,2026-10-06T15:22:17.539Z,https://resultadoelectoral.onpe.gob.pe/main/elecciones-municipales
140113,LURÍN,00000122,PROGRESEMOS,470,0.927,0.854,50728,55057,1518,2811,248,229,19,0,92.339,2026-10-06T10:16:02-05:00,2026-10-06T15:22:17.539Z,https://resultadoelectoral.onpe.gob.pe/main/elecciones-municipales
140113,LURÍN,00000107,FRENTE POPULAR AGRÍCOLA FÍA DEL PERÚ,450,0.887,0.817,50728,55057,1518,2811,248,229,19,0,92.339,2026-10-06T10:16:02-05:00,2026-10-06T15:22:17.539Z,https://resultadoelectoral.onpe.gob.pe/main/elecciones-municipales
140113,LURÍN,00000112,PARTIDO APRISTA PERUANO,326,0.643,0.592,50728,55057,1518,2811,248,229,19,0,92.339,2026-10-06T10:16:02-05:00,2026-10-06T15:22:17.539Z,https://resultadoelectoral.onpe.gob.pe/main/elecciones-municipales
140113,LURÍN,00000121,PARTIDO DEL BUEN GOBIERNO,227,0.447,0.412,50728,55057,1518,2811,248,229,19,0,92.339,2026-10-06T10:16:02-05:00,2026-10-06T15:22:17.539Z,https://resultadoelectoral.onpe.gob.pe/main/elecciones-municipales
140113,LURÍN,00000105,PARTIDO DEMÓCRATA VERDE,198,0.39,0.36,50728,55057,1518,2811,248,229,19,0,92.339,2026-10-06T10:16:02-05:00,2026-10-06T15:22:17.539Z,https://resultadoelectoral.onpe.gob.pe/main/elecciones-municipales
140113,LURÍN,00000099,PARTIDO POLÍTICO NACIONAL PERÚ LIBRE,107,0.211,0.194,50728,55057,1518,2811,248,229,19,0,92.339,2026-10-06T10:16:02-05:00,2026-10-06T15:22:17.539Z,https://resultadoelectoral.onpe.gob.pe/main/elecciones-municipales
140113,LURÍN,00000101,PARTIDO MORADO,95,0.187,0.173,50728,55057,1518,2811,248,229,19,0,92.339,2026-10-06T10:16:02-05:00,2026-10-06T15:22:17.539Z,https://resultadoelectoral.onpe.gob.pe/main/elecciones-municipales
140113,LURÍN,00000135,ALIANZA ELECTORAL VENCEREMOS,84,0.166,0.153,50728,55057,1518,2811,248,229,19,0,92.339,2026-10-06T10:16:02-05:00,2026-10-06T15:22:17.539Z,https://resultadoelectoral.onpe.gob.pe/main/elecciones-municipales
140113,LURÍN,00000104,PARTIDO PATRIÓTICO DEL PERÚ,78,0.154,0.142,50728,55057,1518,2811,248,229,19,0,92.339,2026-10-06T10:16:02-05:00,2026-10-06T15:22:17.539Z,https://resultadoelectoral.onpe.gob.pe/main/elecciones-municipales
140113,LURÍN,00000124,COALICIÓN TRANSFORMADORA TIERRA VERDE,45,0.089,0.082,50728,55057,1518,2811,248,229,19,0,92.339,2026-10-06T10:16:02-05:00,2026-10-06T15:22:17.539Z,https://resultadoelectoral.onpe.gob.pe/main/elecciones-municipales
140113,LURÍN,00000132,FUERZA CIUDADANA,40,0.079,0.073,50728,55057,1518,2811,248,229,19,0,92.339,2026-10-06T10:16:02-05:00,2026-10-06T15:22:17.539Z,https://resultadoelectoral.onpe.gob.pe/main/elecciones-municipales
140113,LURÍN,00000130,PARTIDO POLÍTICO PUEBLO CONSCIENTE,33,0.065,0.06,50728,55057,1518,2811,248,229,19,0,92.339,2026-10-06T10:16:02-05:00,2026-10-06T15:22:17.539Z,https://resultadoelectoral.onpe.gob.pe/main/elecciones-municipales
140113,LURÍN,00000127,VISIÓN PERÚ,26,0.051,0.047,50728,55057,1518,2811,248,229,19,0,92.339,2026-10-06T10:16:02-05:00,2026-10-06T15:22:17.539Z,https://resultadoelectoral.onpe.gob.pe/main/elecciones-municipales
140113,LURÍN,00000125,BATALLA PERÚ,21,0.041,0.038,50728,55057,1518,2811,248,229,19,0,92.339,2026-10-06T10:16:02-05:00,2026-10-06T15:22:17.539Z,https://resultadoelectoral.onpe.gob.pe/main/elecciones-municipales
140114,MAGDALENA DEL MAR,00000098,AVANZA PAÍS - PARTIDO DE INTEGRACIÓN SOCIAL,30893,57.677,55.603,53562,55560,595,1403,256,244,12,0,95.313,2026-10-06T10:16:02-05:00,2026-10-06T15:22:25.114Z,https://resultadoelectoral.onpe.gob.pe/main/elecciones-municipales
140114,MAGDALENA DEL MAR,00000137,RENOVACIÓN POPULAR PERÚ,12224,22.822,22.001,53562,55560,595,1403,256,244,12,0,95.313,2026-10-06T10:16:02-05:00,2026-10-06T15:22:25.114Z,https://resultadoelectoral.onpe.gob.pe/main/elecciones-municipales
140114,MAGDALENA DEL MAR,00000094,PARTIDO DEMOCRÁTICO SOMOS PERÚ,5246,9.794,9.442,53562,55560,595,1403,256,244,12,0,95.313,2026-10-06T10:16:02-05:00,2026-10-06T15:22:25.114Z,https://resultadoelectoral.onpe.gob.pe/main/elecciones-municipales
140114,MAGDALENA DEL MAR,00000095,ALIANZA PARA EL PROGRESO,1172,2.188,2.109,53562,55560,595,1403,256,244,12,0,95.313,2026-10-06T10:16:02-05:00,2026-10-06T15:22:25.114Z,https://resultadoelectoral.onpe.gob.pe/main/elecciones-municipales
140114,MAGDALENA DEL MAR,00000100,PODEMOS PERÚ,894,1.669,1.609,53562,55560,595,1403,256,244,12,0,95.313,2026-10-06T10:16:02-05:00,2026-10-06T15:22:25.114Z,https://resultadoelectoral.onpe.gob.pe/main/elecciones-municipales
140114,MAGDALENA DEL MAR,00000123,AHORA NACIÓN - AN,755,1.41,1.359,53562,55560,595,1403,256,244,12,0,95.313,2026-10-06T10:16:02-05:00,2026-10-06T15:22:25.114Z,https://resultadoelectoral.onpe.gob.pe/main/elecciones-municipales
140114,MAGDALENA DEL MAR,00000093,ACCIÓN POPULAR,666,1.243,1.199,53562,55560,595,1403,256,244,12,0,95.313,2026-10-06T10:16:02-05:00,2026-10-06T15:22:25.114Z,https://resultadoelectoral.onpe.gob.pe/main/elecciones-municipales
140114,MAGDALENA DEL MAR,00000097,FUERZA POPULAR,435,0.812,0.783,53562,55560,595,1403,256,244,12,0,95.313,2026-10-06T10:16:02-05:00,2026-10-06T15:22:25.114Z,https://resultadoelectoral.onpe.gob.pe/main/elecciones-municipales
140114,MAGDALENA DEL MAR,00000096,JUNTOS POR EL PERÚ,207,0.386,0.373,53562,55560,595,1403,256,244,12,0,95.313,2026-10-06T10:16:02-05:00,2026-10-06T15:22:25.114Z,https://resultadoelectoral.onpe.gob.pe/main/elecciones-municipales
140114,MAGDALENA DEL MAR,00000112,PARTIDO APRISTA PERUANO,185,0.345,0.333,53562,55560,595,1403,256,244,12,0,95.313,2026-10-06T10:16:02-05:00,2026-10-06T15:22:25.114Z,https://resultadoelectoral.onpe.gob.pe/main/elecciones-municipales
140114,MAGDALENA DEL MAR,00000117,PARTIDO CÍVICO OBRAS,179,0.334,0.322,53562,55560,595,1403,256,244,12,0,95.313,2026-10-06T10:16:02-05:00,2026-10-06T15:22:25.114Z,https://resultadoelectoral.onpe.gob.pe/main/elecciones-municipales
140114,MAGDALENA DEL MAR,00000118,PARTIDO POPULAR CRISTIANO - PPC,147,0.274,0.265,53562,55560,595,1403,256,244,12,0,95.313,2026-10-06T10:16:02-05:00,2026-10-06T15:22:25.114Z,https://resultadoelectoral.onpe.gob.pe/main/elecciones-municipales
140114,MAGDALENA DEL MAR,00000121,PARTIDO DEL BUEN GOBIERNO,101,0.189,0.182,53562,55560,595,1403,256,244,12,0,95.313,2026-10-06T10:16:02-05:00,2026-10-06T15:22:25.114Z,https://resultadoelectoral.onpe.gob.pe/main/elecciones-municipales
140114,MAGDALENA DEL MAR,00000122,PROGRESEMOS,81,0.151,0.146,53562,55560,595,1403,256,244,12,0,95.313,2026-10-06T10:16:02-05:00,2026-10-06T15:22:25.114Z,https://resultadoelectoral.onpe.gob.pe/main/elecciones-municipales
140114,MAGDALENA DEL MAR,00000101,PARTIDO MORADO,67,0.125,0.121,53562,55560,595,1403,256,244,12,0,95.313,2026-10-06T10:16:02-05:00,2026-10-06T15:22:25.114Z,https://resultadoelectoral.onpe.gob.pe/main/elecciones-municipales
140114,MAGDALENA DEL MAR,00000135,ALIANZA ELECTORAL VENCEREMOS,60,0.112,0.108,53562,55560,595,1403,256,244,12,0,95.313,2026-10-06T10:16:02-05:00,2026-10-06T15:22:25.114Z,https://resultadoelectoral.onpe.gob.pe/main/elecciones-municipales
140114,MAGDALENA DEL MAR,00000102,PARTIDO FRENTE DE LA ESPERANZA 2021,48,0.09,0.086,53562,55560,595,1403,256,244,12,0,95.313,2026-10-06T10:16:02-05:00,2026-10-06T15:22:25.114Z,https://resultadoelectoral.onpe.gob.pe/main/elecciones-municipales
140114,MAGDALENA DEL MAR,00000107,FRENTE POPULAR AGRÍCOLA FÍA DEL PERÚ,45,0.084,0.081,53562,55560,595,1403,256,244,12,0,95.313,2026-10-06T10:16:02-05:00,2026-10-06T15:22:25.114Z,https://resultadoelectoral.onpe.gob.pe/main/elecciones-municipales
140114,MAGDALENA DEL MAR,00000099,PARTIDO POLÍTICO NACIONAL PERÚ LIBRE,29,0.054,0.052,53562,55560,595,1403,256,244,12,0,95.313,2026-10-06T10:16:02-05:00,2026-10-06T15:22:25.114Z,https://resultadoelectoral.onpe.gob.pe/main/elecciones-municipales
140114,MAGDALENA DEL MAR,00000105,PARTIDO DEMÓCRATA VERDE,29,0.054,0.052,53562,55560,595,1403,256,244,12,0,95.313,2026-10-06T10:16:02-05:00,2026-10-06T15:22:25.114Z,https://resultadoelectoral.onpe.gob.pe/main/elecciones-municipales
140114,MAGDALENA DEL MAR,00000130,PARTIDO POLÍTICO PUEBLO CONSCIENTE,22,0.041,0.04,53562,55560,595,1403,256,244,12,0,95.313,2026-10-06T10:16:02-05:00,2026-10-06T15:22:25.114Z,https://resultadoelectoral.onpe.gob.pe/main/elecciones-municipales
140114,MAGDALENA DEL MAR,00000127,VISIÓN PERÚ,21,0.039,0.038,53562,55560,595,1403,256,244,12,0,95.313,2026-10-06T10:16:02-05:00,2026-10-06T15:22:25.114Z,https://resultadoelectoral.onpe.gob.pe/main/elecciones-municipales
140114,MAGDALENA DEL MAR,00000104,PARTIDO PATRIÓTICO DEL PERÚ,20,0.037,0.036,53562,55560,595,1403,256,244,12,0,95.313,2026-10-06T10:16:02-05:00,2026-10-06T15:22:25.114Z,https://resultadoelectoral.onpe.gob.pe/main/elecciones-municipales
140114,MAGDALENA DEL MAR,00000125,BATALLA PERÚ,13,0.024,0.023,53562,55560,595,1403,256,244,12,0,95.313,2026-10-06T10:16:02-05:00,2026-10-06T15:22:25.114Z,https://resultadoelectoral.onpe.gob.pe/main/elecciones-municipales
140114,MAGDALENA DEL MAR,00000132,FUERZA CIUDADANA,12,0.022,0.022,53562,55560,595,1403,256,244,12,0,95.313,2026-10-06T10:16:02-05:00,2026-10-06T15:22:25.114Z,https://resultadoelectoral.onpe.gob.pe/main/elecciones-municipales
140114,MAGDALENA DEL MAR,00000124,COALICIÓN TRANSFORMADORA TIERRA VERDE,11,0.021,0.02,53562,55560,595,1403,256,244,12,0,95.313,2026-10-06T10:16:02-05:00,2026-10-06T15:22:25.114Z,https://resultadoelectoral.onpe.gob.pe/main/elecciones-municipales
140115,MIRAFLORES,00000137,RENOVACIÓN POPULAR PERÚ,33505,40.725,39.021,82272,85864,1020,2572,478,426,52,0,89.121,2026-10-06T10:16:02-05:00,2026-10-06T15:24:06.676Z,https://resultadoelectoral.onpe.gob.pe/main/elecciones-municipales
140115,MIRAFLORES,00000094,PARTIDO DEMOCRÁTICO SOMOS PERÚ,21360,25.963,24.877,82272,85864,1020,2572,478,426,52,0,89.121,2026-10-06T10:16:02-05:00,2026-10-06T15:24:06.676Z,https://resultadoelectoral.onpe.gob.pe/main/elecciones-municipales
140115,MIRAFLORES,00000098,AVANZA PAÍS - PARTIDO DE INTEGRACIÓN SOCIAL,17573,21.36,20.466,82272,85864,1020,2572,478,426,52,0,89.121,2026-10-06T10:16:02-05:00,2026-10-06T15:24:06.676Z,https://resultadoelectoral.onpe.gob.pe/main/elecciones-municipales
140115,MIRAFLORES,00000093,ACCIÓN POPULAR,1734,2.108,2.019,82272,85864,1020,2572,478,426,52,0,89.121,2026-10-06T10:16:02-05:00,2026-10-06T15:24:06.676Z,https://resultadoelectoral.onpe.gob.pe/main/elecciones-municipales
140115,MIRAFLORES,00000123,AHORA NACIÓN - AN,1544,1.877,1.798,82272,85864,1020,2572,478,426,52,0,89.121,2026-10-06T10:16:02-05:00,2026-10-06T15:24:06.676Z,https://resultadoelectoral.onpe.gob.pe/main/elecciones-municipales
140115,MIRAFLORES,00000100,PODEMOS PERÚ,1237,1.504,1.441,82272,85864,1020,2572,478,426,52,0,89.121,2026-10-06T10:16:02-05:00,2026-10-06T15:24:06.676Z,https://resultadoelectoral.onpe.gob.pe/main/elecciones-municipales
140115,MIRAFLORES,00000095,ALIANZA PARA EL PROGRESO,1153,1.401,1.343,82272,85864,1020,2572,478,426,52,0,89.121,2026-10-06T10:16:02-05:00,2026-10-06T15:24:06.676Z,https://resultadoelectoral.onpe.gob.pe/main/elecciones-municipales
140115,MIRAFLORES,00000097,FUERZA POPULAR,1022,1.242,1.19,82272,85864,1020,2572,478,426,52,0,89.121,2026-10-06T10:16:02-05:00,2026-10-06T15:24:06.676Z,https://resultadoelectoral.onpe.gob.pe/main/elecciones-municipales
140115,MIRAFLORES,00000117,PARTIDO CÍVICO OBRAS,423,0.514,0.493,82272,85864,1020,2572,478,426,52,0,89.121,2026-10-06T10:16:02-05:00,2026-10-06T15:24:06.676Z,https://resultadoelectoral.onpe.gob.pe/main/elecciones-municipales
140115,MIRAFLORES,00000118,PARTIDO POPULAR CRISTIANO - PPC,420,0.511,0.489,82272,85864,1020,2572,478,426,52,0,89.121,2026-10-06T10:16:02-05:00,2026-10-06T15:24:06.676Z,https://resultadoelectoral.onpe.gob.pe/main/elecciones-municipales
140115,MIRAFLORES,00000101,PARTIDO MORADO,408,0.496,0.475,82272,85864,1020,2572,478,426,52,0,89.121,2026-10-06T10:16:02-05:00,2026-10-06T15:24:06.676Z,https://resultadoelectoral.onpe.gob.pe/main/elecciones-municipales
140115,MIRAFLORES,00000096,JUNTOS POR EL PERÚ,378,0.459,0.44,82272,85864,1020,2572,478,426,52,0,89.121,2026-10-06T10:16:02-05:00,2026-10-06T15:24:06.676Z,https://resultadoelectoral.onpe.gob.pe/main/elecciones-municipales
140115,MIRAFLORES,00000121,PARTIDO DEL BUEN GOBIERNO,350,0.425,0.408,82272,85864,1020,2572,478,426,52,0,89.121,2026-10-06T10:16:02-05:00,2026-10-06T15:24:06.676Z,https://resultadoelectoral.onpe.gob.pe/main/elecciones-municipales
140115,MIRAFLORES,00000112,PARTIDO APRISTA PERUANO,348,0.423,0.405,82272,85864,1020,2572,478,426,52,0,89.121,2026-10-06T10:16:02-05:00,2026-10-06T15:24:06.676Z,https://resultadoelectoral.onpe.gob.pe/main/elecciones-municipales
140115,MIRAFLORES,00000122,PROGRESEMOS,181,0.22,0.211,82272,85864,1020,2572,478,426,52,0,89.121,2026-10-06T10:16:02-05:00,2026-10-06T15:24:06.676Z,https://resultadoelectoral.onpe.gob.pe/main/elecciones-municipales
140115,MIRAFLORES,00000102,PARTIDO FRENTE DE LA ESPERANZA 2021,137,0.167,0.16,82272,85864,1020,2572,478,426,52,0,89.121,2026-10-06T10:16:02-05:00,2026-10-06T15:24:06.676Z,https://resultadoelectoral.onpe.gob.pe/main/elecciones-municipales
140115,MIRAFLORES,00000107,FRENTE POPULAR AGRÍCOLA FÍA DEL PERÚ,99,0.12,0.115,82272,85864,1020,2572,478,426,52,0,89.121,2026-10-06T10:16:02-05:00,2026-10-06T15:24:06.676Z,https://resultadoelectoral.onpe.gob.pe/main/elecciones-municipales
140115,MIRAFLORES,00000105,PARTIDO DEMÓCRATA VERDE,76,0.092,0.089,82272,85864,1020,2572,478,426,52,0,89.121,2026-10-06T10:16:02-05:00,2026-10-06T15:24:06.676Z,https://resultadoelectoral.onpe.gob.pe/main/elecciones-municipales
140115,MIRAFLORES,00000099,PARTIDO POLÍTICO NACIONAL PERÚ LIBRE,59,0.072,0.069,82272,85864,1020,2572,478,426,52,0,89.121,2026-10-06T10:16:02-05:00,2026-10-06T15:24:06.676Z,https://resultadoelectoral.onpe.gob.pe/main/elecciones-municipales
140115,MIRAFLORES,00000104,PARTIDO PATRIÓTICO DEL PERÚ,58,0.07,0.068,82272,85864,1020,2572,478,426,52,0,89.121,2026-10-06T10:16:02-05:00,2026-10-06T15:24:06.676Z,https://resultadoelectoral.onpe.gob.pe/main/elecciones-municipales
140115,MIRAFLORES,00000135,ALIANZA ELECTORAL VENCEREMOS,58,0.07,0.068,82272,85864,1020,2572,478,426,52,0,89.121,2026-10-06T10:16:02-05:00,2026-10-06T15:24:06.676Z,https://resultadoelectoral.onpe.gob.pe/main/elecciones-municipales
140115,MIRAFLORES,00000124,COALICIÓN TRANSFORMADORA TIERRA VERDE,47,0.057,0.055,82272,85864,1020,2572,478,426,52,0,89.121,2026-10-06T10:16:02-05:00,2026-10-06T15:24:06.676Z,https://resultadoelectoral.onpe.gob.pe/main/elecciones-municipales
140115,MIRAFLORES,00000132,FUERZA CIUDADANA,34,0.041,0.04,82272,85864,1020,2572,478,426,52,0,89.121,2026-10-06T10:16:02-05:00,2026-10-06T15:24:06.676Z,https://resultadoelectoral.onpe.gob.pe/main/elecciones-municipales
140115,MIRAFLORES,00000127,VISIÓN PERÚ,26,0.032,0.03,82272,85864,1020,2572,478,426,52,0,89.121,2026-10-06T10:16:02-05:00,2026-10-06T15:24:06.676Z,https://resultadoelectoral.onpe.gob.pe/main/elecciones-municipales
140115,MIRAFLORES,00000130,PARTIDO POLÍTICO PUEBLO CONSCIENTE,22,0.027,0.026,82272,85864,1020,2572,478,426,52,0,89.121,2026-10-06T10:16:02-05:00,2026-10-06T15:24:06.676Z,https://resultadoelectoral.onpe.gob.pe/main/elecciones-municipales
140115,MIRAFLORES,00000125,BATALLA PERÚ,20,0.024,0.023,82272,85864,1020,2572,478,426,52,0,89.121,2026-10-06T10:16:02-05:00,2026-10-06T15:24:06.676Z,https://resultadoelectoral.onpe.gob.pe/main/elecciones-municipales
140116,PACHACÁMAC,00000094,PARTIDO DEMOCRÁTICO SOMOS PERÚ,18796,29.423,26.451,63882,71060,2104,5074,319,303,16,0,94.984,2026-10-06T10:16:02-05:00,2026-10-06T15:24:14.373Z,https://resultadoelectoral.onpe.gob.pe/main/elecciones-municipales
140116,PACHACÁMAC,00000137,RENOVACIÓN POPULAR PERÚ,13337,20.878,18.769,63882,71060,2104,5074,319,303,16,0,94.984,2026-10-06T10:16:02-05:00,2026-10-06T15:24:14.373Z,https://resultadoelectoral.onpe.gob.pe/main/elecciones-municipales
140116,PACHACÁMAC,00000098,AVANZA PAÍS - PARTIDO DE INTEGRACIÓN SOCIAL,12356,19.342,17.388,63882,71060,2104,5074,319,303,16,0,94.984,2026-10-06T10:16:02-05:00,2026-10-06T15:24:14.373Z,https://resultadoelectoral.onpe.gob.pe/main/elecciones-municipales
140116,PACHACÁMAC,00000100,PODEMOS PERÚ,3510,5.495,4.939,63882,71060,2104,5074,319,303,16,0,94.984,2026-10-06T10:16:02-05:00,2026-10-06T15:24:14.373Z,https://resultadoelectoral.onpe.gob.pe/main/elecciones-municipales
140116,PACHACÁMAC,00000101,PARTIDO MORADO,2860,4.477,4.025,63882,71060,2104,5074,319,303,16,0,94.984,2026-10-06T10:16:02-05:00,2026-10-06T15:24:14.373Z,https://resultadoelectoral.onpe.gob.pe/main/elecciones-municipales
140116,PACHACÁMAC,00000117,PARTIDO CÍVICO OBRAS,2190,3.428,3.082,63882,71060,2104,5074,319,303,16,0,94.984,2026-10-06T10:16:02-05:00,2026-10-06T15:24:14.373Z,https://resultadoelectoral.onpe.gob.pe/main/elecciones-municipales
140116,PACHACÁMAC,00000123,AHORA NACIÓN - AN,1619,2.534,2.278,63882,71060,2104,5074,319,303,16,0,94.984,2026-10-06T10:16:02-05:00,2026-10-06T15:24:14.373Z,https://resultadoelectoral.onpe.gob.pe/main/elecciones-municipales
140116,PACHACÁMAC,00000095,ALIANZA PARA EL PROGRESO,1556,2.436,2.19,63882,71060,2104,5074,319,303,16,0,94.984,2026-10-06T10:16:02-05:00,2026-10-06T15:24:14.373Z,https://resultadoelectoral.onpe.gob.pe/main/elecciones-municipales
140116,PACHACÁMAC,00000102,PARTIDO FRENTE DE LA ESPERANZA 2021,1180,1.847,1.661,63882,71060,2104,5074,319,303,16,0,94.984,2026-10-06T10:16:02-05:00,2026-10-06T15:24:14.373Z,https://resultadoelectoral.onpe.gob.pe/main/elecciones-municipales
140116,PACHACÁMAC,00000118,PARTIDO POPULAR CRISTIANO - PPC,1116,1.747,1.571,63882,71060,2104,5074,319,303,16,0,94.984,2026-10-06T10:16:02-05:00,2026-10-06T15:24:14.373Z,https://resultadoelectoral.onpe.gob.pe/main/elecciones-municipales
140116,PACHACÁMAC,00000096,JUNTOS POR EL PERÚ,1110,1.738,1.562,63882,71060,2104,5074,319,303,16,0,94.984,2026-10-06T10:16:02-05:00,2026-10-06T15:24:14.373Z,https://resultadoelectoral.onpe.gob.pe/main/elecciones-municipales
140116,PACHACÁMAC,00000097,FUERZA POPULAR,922,1.443,1.297,63882,71060,2104,5074,319,303,16,0,94.984,2026-10-06T10:16:02-05:00,2026-10-06T15:24:14.373Z,https://resultadoelectoral.onpe.gob.pe/main/elecciones-municipales
140116,PACHACÁMAC,00000107,FRENTE POPULAR AGRÍCOLA FÍA DEL PERÚ,860,1.346,1.21,63882,71060,2104,5074,319,303,16,0,94.984,2026-10-06T10:16:02-05:00,2026-10-06T15:24:14.373Z,https://resultadoelectoral.onpe.gob.pe/main/elecciones-municipales
140116,PACHACÁMAC,00000093,ACCIÓN POPULAR,677,1.06,0.953,63882,71060,2104,5074,319,303,16,0,94.984,2026-10-06T10:16:02-05:00,2026-10-06T15:24:14.373Z,https://resultadoelectoral.onpe.gob.pe/main/elecciones-municipales
140116,PACHACÁMAC,00000122,PROGRESEMOS,476,0.745,0.67,63882,71060,2104,5074,319,303,16,0,94.984,2026-10-06T10:16:02-05:00,2026-10-06T15:24:14.373Z,https://resultadoelectoral.onpe.gob.pe/main/elecciones-municipales
140116,PACHACÁMAC,00000121,PARTIDO DEL BUEN GOBIERNO,294,0.46,0.414,63882,71060,2104,5074,319,303,16,0,94.984,2026-10-06T10:16:02-05:00,2026-10-06T15:24:14.373Z,https://resultadoelectoral.onpe.gob.pe/main/elecciones-municipales
140116,PACHACÁMAC,00000099,PARTIDO POLÍTICO NACIONAL PERÚ LIBRE,204,0.319,0.287,63882,71060,2104,5074,319,303,16,0,94.984,2026-10-06T10:16:02-05:00,2026-10-06T15:24:14.373Z,https://resultadoelectoral.onpe.gob.pe/main/elecciones-municipales
140116,PACHACÁMAC,00000105,PARTIDO DEMÓCRATA VERDE,192,0.301,0.27,63882,71060,2104,5074,319,303,16,0,94.984,2026-10-06T10:16:02-05:00,2026-10-06T15:24:14.373Z,https://resultadoelectoral.onpe.gob.pe/main/elecciones-municipales
140116,PACHACÁMAC,00000112,PARTIDO APRISTA PERUANO,137,0.214,0.193,63882,71060,2104,5074,319,303,16,0,94.984,2026-10-06T10:16:02-05:00,2026-10-06T15:24:14.373Z,https://resultadoelectoral.onpe.gob.pe/main/elecciones-municipales
140116,PACHACÁMAC,00000104,PARTIDO PATRIÓTICO DEL PERÚ,131,0.205,0.184,63882,71060,2104,5074,319,303,16,0,94.984,2026-10-06T10:16:02-05:00,2026-10-06T15:24:14.373Z,https://resultadoelectoral.onpe.gob.pe/main/elecciones-municipales
140116,PACHACÁMAC,00000135,ALIANZA ELECTORAL VENCEREMOS,117,0.183,0.165,63882,71060,2104,5074,319,303,16,0,94.984,2026-10-06T10:16:02-05:00,2026-10-06T15:24:14.373Z,https://resultadoelectoral.onpe.gob.pe/main/elecciones-municipales
140116,PACHACÁMAC,00000124,COALICIÓN TRANSFORMADORA TIERRA VERDE,99,0.155,0.139,63882,71060,2104,5074,319,303,16,0,94.984,2026-10-06T10:16:02-05:00,2026-10-06T15:24:14.373Z,https://resultadoelectoral.onpe.gob.pe/main/elecciones-municipales
140116,PACHACÁMAC,00000125,BATALLA PERÚ,55,0.086,0.077,63882,71060,2104,5074,319,303,16,0,94.984,2026-10-06T10:16:02-05:00,2026-10-06T15:24:14.373Z,https://resultadoelectoral.onpe.gob.pe/main/elecciones-municipales
140116,PACHACÁMAC,00000130,PARTIDO POLÍTICO PUEBLO CONSCIENTE,35,0.055,0.049,63882,71060,2104,5074,319,303,16,0,94.984,2026-10-06T10:16:02-05:00,2026-10-06T15:24:14.373Z,https://resultadoelectoral.onpe.gob.pe/main/elecciones-municipales
140116,PACHACÁMAC,00000127,VISIÓN PERÚ,33,0.052,0.046,63882,71060,2104,5074,319,303,16,0,94.984,2026-10-06T10:16:02-05:00,2026-10-06T15:24:14.373Z,https://resultadoelectoral.onpe.gob.pe/main/elecciones-municipales
140116,PACHACÁMAC,00000132,FUERZA CIUDADANA,20,0.031,0.028,63882,71060,2104,5074,319,303,16,0,94.984,2026-10-06T10:16:02-05:00,2026-10-06T15:24:14.373Z,https://resultadoelectoral.onpe.gob.pe/main/elecciones-municipales
140118,PUCUSANA,00000098,AVANZA PAÍS - PARTIDO DE INTEGRACIÓN SOCIAL,2450,30.556,27.955,8018,8764,368,378,44,37,7,0,84.091,2026-10-06T10:16:02-05:00,2026-10-06T15:24:21.983Z,https://resultadoelectoral.onpe.gob.pe/main/elecciones-municipales
140118,PUCUSANA,00000102,PARTIDO FRENTE DE LA ESPERANZA 2021,1380,17.211,15.746,8018,8764,368,378,44,37,7,0,84.091,2026-10-06T10:16:02-05:00,2026-10-06T15:24:21.983Z,https://resultadoelectoral.onpe.gob.pe/main/elecciones-municipales
140118,PUCUSANA,00000137,RENOVACIÓN POPULAR PERÚ,1134,14.143,12.939,8018,8764,368,378,44,37,7,0,84.091,2026-10-06T10:16:02-05:00,2026-10-06T15:24:21.983Z,https://resultadoelectoral.onpe.gob.pe/main/elecciones-municipales
140118,PUCUSANA,00000095,ALIANZA PARA EL PROGRESO,960,11.973,10.954,8018,8764,368,378,44,37,7,0,84.091,2026-10-06T10:16:02-05:00,2026-10-06T15:24:21.983Z,https://resultadoelectoral.onpe.gob.pe/main/elecciones-municipales
140118,PUCUSANA,00000094,PARTIDO DEMOCRÁTICO SOMOS PERÚ,901,11.237,10.281,8018,8764,368,378,44,37,7,0,84.091,2026-10-06T10:16:02-05:00,2026-10-06T15:24:21.983Z,https://resultadoelectoral.onpe.gob.pe/main/elecciones-municipales
140118,PUCUSANA,00000097,FUERZA POPULAR,328,4.091,3.743,8018,8764,368,378,44,37,7,0,84.091,2026-10-06T10:16:02-05:00,2026-10-06T15:24:21.983Z,https://resultadoelectoral.onpe.gob.pe/main/elecciones-municipales
140118,PUCUSANA,00000100,PODEMOS PERÚ,210,2.619,2.396,8018,8764,368,378,44,37,7,0,84.091,2026-10-06T10:16:02-05:00,2026-10-06T15:24:21.983Z,https://resultadoelectoral.onpe.gob.pe/main/elecciones-municipales
140118,PUCUSANA,00000123,AHORA NACIÓN - AN,154,1.921,1.757,8018,8764,368,378,44,37,7,0,84.091,2026-10-06T10:16:02-05:00,2026-10-06T15:24:21.983Z,https://resultadoelectoral.onpe.gob.pe/main/elecciones-municipales
140118,PUCUSANA,00000093,ACCIÓN POPULAR,100,1.247,1.141,8018,8764,368,378,44,37,7,0,84.091,2026-10-06T10:16:02-05:00,2026-10-06T15:24:21.983Z,https://resultadoelectoral.onpe.gob.pe/main/elecciones-municipales
140118,PUCUSANA,00000096,JUNTOS POR EL PERÚ,84,1.048,0.958,8018,8764,368,378,44,37,7,0,84.091,2026-10-06T10:16:02-05:00,2026-10-06T15:24:21.983Z,https://resultadoelectoral.onpe.gob.pe/main/elecciones-municipales
140118,PUCUSANA,00000117,PARTIDO CÍVICO OBRAS,79,0.985,0.901,8018,8764,368,378,44,37,7,0,84.091,2026-10-06T10:16:02-05:00,2026-10-06T15:24:21.983Z,https://resultadoelectoral.onpe.gob.pe/main/elecciones-municipales
140118,PUCUSANA,00000122,PROGRESEMOS,42,0.524,0.479,8018,8764,368,378,44,37,7,0,84.091,2026-10-06T10:16:02-05:00,2026-10-06T15:24:21.983Z,https://resultadoelectoral.onpe.gob.pe/main/elecciones-municipales
140118,PUCUSANA,00000107,FRENTE POPULAR AGRÍCOLA FÍA DEL PERÚ,28,0.349,0.319,8018,8764,368,378,44,37,7,0,84.091,2026-10-06T10:16:02-05:00,2026-10-06T15:24:21.983Z,https://resultadoelectoral.onpe.gob.pe/main/elecciones-municipales
140118,PUCUSANA,00000124,COALICIÓN TRANSFORMADORA TIERRA VERDE,27,0.337,0.308,8018,8764,368,378,44,37,7,0,84.091,2026-10-06T10:16:02-05:00,2026-10-06T15:24:21.983Z,https://resultadoelectoral.onpe.gob.pe/main/elecciones-municipales
140118,PUCUSANA,00000099,PARTIDO POLÍTICO NACIONAL PERÚ LIBRE,26,0.324,0.297,8018,8764,368,378,44,37,7,0,84.091,2026-10-06T10:16:02-05:00,2026-10-06T15:24:21.983Z,https://resultadoelectoral.onpe.gob.pe/main/elecciones-municipales
140118,PUCUSANA,00000121,PARTIDO DEL BUEN GOBIERNO,24,0.299,0.274,8018,8764,368,378,44,37,7,0,84.091,2026-10-06T10:16:02-05:00,2026-10-06T15:24:21.983Z,https://resultadoelectoral.onpe.gob.pe/main/elecciones-municipales
140118,PUCUSANA,00000105,PARTIDO DEMÓCRATA VERDE,17,0.212,0.194,8018,8764,368,378,44,37,7,0,84.091,2026-10-06T10:16:02-05:00,2026-10-06T15:24:21.983Z,https://resultadoelectoral.onpe.gob.pe/main/elecciones-municipales
140118,PUCUSANA,00000112,PARTIDO APRISTA PERUANO,17,0.212,0.194,8018,8764,368,378,44,37,7,0,84.091,2026-10-06T10:16:02-05:00,2026-10-06T15:24:21.983Z,https://resultadoelectoral.onpe.gob.pe/main/elecciones-municipales
140118,PUCUSANA,00000118,PARTIDO POPULAR CRISTIANO - PPC,14,0.175,0.16,8018,8764,368,378,44,37,7,0,84.091,2026-10-06T10:16:02-05:00,2026-10-06T15:24:21.983Z,https://resultadoelectoral.onpe.gob.pe/main/elecciones-municipales
140118,PUCUSANA,00000104,PARTIDO PATRIÓTICO DEL PERÚ,12,0.15,0.137,8018,8764,368,378,44,37,7,0,84.091,2026-10-06T10:16:02-05:00,2026-10-06T15:24:21.983Z,https://resultadoelectoral.onpe.gob.pe/main/elecciones-municipales
140118,PUCUSANA,00000135,ALIANZA ELECTORAL VENCEREMOS,12,0.15,0.137,8018,8764,368,378,44,37,7,0,84.091,2026-10-06T10:16:02-05:00,2026-10-06T15:24:21.983Z,https://resultadoelectoral.onpe.gob.pe/main/elecciones-municipales
140118,PUCUSANA,00000101,PARTIDO MORADO,10,0.125,0.114,8018,8764,368,378,44,37,7,0,84.091,2026-10-06T10:16:02-05:00,2026-10-06T15:24:21.983Z,https://resultadoelectoral.onpe.gob.pe/main/elecciones-municipales
140118,PUCUSANA,00000132,FUERZA CIUDADANA,4,0.05,0.046,8018,8764,368,378,44,37,7,0,84.091,2026-10-06T10:16:02-05:00,2026-10-06T15:24:21.983Z,https://resultadoelectoral.onpe.gob.pe/main/elecciones-municipales
140118,PUCUSANA,00000125,BATALLA PERÚ,4,0.05,0.046,8018,8764,368,378,44,37,7,0,84.091,2026-10-06T10:16:02-05:00,2026-10-06T15:24:21.983Z,https://resultadoelectoral.onpe.gob.pe/main/elecciones-municipales
140118,PUCUSANA,00000127,VISIÓN PERÚ,1,0.012,0.011,8018,8764,368,378,44,37,7,0,84.091,2026-10-06T10:16:02-05:00,2026-10-06T15:24:21.983Z,https://resultadoelectoral.onpe.gob.pe/main/elecciones-municipales
140118,PUCUSANA,00000130,PARTIDO POLÍTICO PUEBLO CONSCIENTE,0,0,0,8018,8764,368,378,44,37,7,0,84.091,2026-10-06T10:16:02-05:00,2026-10-06T15:24:21.983Z,https://resultadoelectoral.onpe.gob.pe/main/elecciones-municipales
140117,PUEBLO LIBRE,00000098,AVANZA PAÍS - PARTIDO DE INTEGRACIÓN SOCIAL,24808,35.671,34.206,69546,72525,767,2212,337,327,10,0,97.033,2026-10-06T10:16:02-05:00,2026-10-06T15:24:29.592Z,https://resultadoelectoral.onpe.gob.pe/main/elecciones-municipales
140117,PUEBLO LIBRE,00000137,RENOVACIÓN POPULAR PERÚ,20401,29.335,28.13,69546,72525,767,2212,337,327,10,0,97.033,2026-10-06T10:16:02-05:00,2026-10-06T15:24:29.592Z,https://resultadoelectoral.onpe.gob.pe/main/elecciones-municipales
140117,PUEBLO LIBRE,00000094,PARTIDO DEMOCRÁTICO SOMOS PERÚ,13558,19.495,18.694,69546,72525,767,2212,337,327,10,0,97.033,2026-10-06T10:16:02-05:00,2026-10-06T15:24:29.592Z,https://resultadoelectoral.onpe.gob.pe/main/elecciones-municipales
140117,PUEBLO LIBRE,00000100,PODEMOS PERÚ,1969,2.831,2.715,69546,72525,767,2212,337,327,10,0,97.033,2026-10-06T10:16:02-05:00,2026-10-06T15:24:29.592Z,https://resultadoelectoral.onpe.gob.pe/main/elecciones-municipales
140117,PUEBLO LIBRE,00000123,AHORA NACIÓN - AN,1764,2.536,2.432,69546,72525,767,2212,337,327,10,0,97.033,2026-10-06T10:16:02-05:00,2026-10-06T15:24:29.592Z,https://resultadoelectoral.onpe.gob.pe/main/elecciones-municipales
140117,PUEBLO LIBRE,00000093,ACCIÓN POPULAR,1399,2.012,1.929,69546,72525,767,2212,337,327,10,0,97.033,2026-10-06T10:16:02-05:00,2026-10-06T15:24:29.592Z,https://resultadoelectoral.onpe.gob.pe/main/elecciones-municipales
140117,PUEBLO LIBRE,00000095,ALIANZA PARA EL PROGRESO,1063,1.528,1.466,69546,72525,767,2212,337,327,10,0,97.033,2026-10-06T10:16:02-05:00,2026-10-06T15:24:29.592Z,https://resultadoelectoral.onpe.gob.pe/main/elecciones-municipales
140117,PUEBLO LIBRE,00000097,FUERZA POPULAR,1007,1.448,1.388,69546,72525,767,2212,337,327,10,0,97.033,2026-10-06T10:16:02-05:00,2026-10-06T15:24:29.592Z,https://resultadoelectoral.onpe.gob.pe/main/elecciones-municipales
140117,PUEBLO LIBRE,00000112,PARTIDO APRISTA PERUANO,685,0.985,0.945,69546,72525,767,2212,337,327,10,0,97.033,2026-10-06T10:16:02-05:00,2026-10-06T15:24:29.592Z,https://resultadoelectoral.onpe.gob.pe/main/elecciones-municipales
140117,PUEBLO LIBRE,00000118,PARTIDO POPULAR CRISTIANO - PPC,553,0.795,0.762,69546,72525,767,2212,337,327,10,0,97.033,2026-10-06T10:16:02-05:00,2026-10-06T15:24:29.592Z,https://resultadoelectoral.onpe.gob.pe/main/elecciones-municipales
140117,PUEBLO LIBRE,00000096,JUNTOS POR EL PERÚ,443,0.637,0.611,69546,72525,767,2212,337,327,10,0,97.033,2026-10-06T10:16:02-05:00,2026-10-06T15:24:29.592Z,https://resultadoelectoral.onpe.gob.pe/main/elecciones-municipales
140117,PUEBLO LIBRE,00000117,PARTIDO CÍVICO OBRAS,377,0.542,0.52,69546,72525,767,2212,337,327,10,0,97.033,2026-10-06T10:16:02-05:00,2026-10-06T15:24:29.592Z,https://resultadoelectoral.onpe.gob.pe/main/elecciones-municipales
140117,PUEBLO LIBRE,00000121,PARTIDO DEL BUEN GOBIERNO,295,0.424,0.407,69546,72525,767,2212,337,327,10,0,97.033,2026-10-06T10:16:02-05:00,2026-10-06T15:24:29.592Z,https://resultadoelectoral.onpe.gob.pe/main/elecciones-municipales
140117,PUEBLO LIBRE,00000102,PARTIDO FRENTE DE LA ESPERANZA 2021,263,0.378,0.363,69546,72525,767,2212,337,327,10,0,97.033,2026-10-06T10:16:02-05:00,2026-10-06T15:24:29.592Z,https://resultadoelectoral.onpe.gob.pe/main/elecciones-municipales
140117,PUEBLO LIBRE,00000101,PARTIDO MORADO,208,0.299,0.287,69546,72525,767,2212,337,327,10,0,97.033,2026-10-06T10:16:02-05:00,2026-10-06T15:24:29.592Z,https://resultadoelectoral.onpe.gob.pe/main/elecciones-municipales
140117,PUEBLO LIBRE,00000122,PROGRESEMOS,187,0.269,0.258,69546,72525,767,2212,337,327,10,0,97.033,2026-10-06T10:16:02-05:00,2026-10-06T15:24:29.592Z,https://resultadoelectoral.onpe.gob.pe/main/elecciones-municipales
140117,PUEBLO LIBRE,00000127,VISIÓN PERÚ,107,0.154,0.148,69546,72525,767,2212,337,327,10,0,97.033,2026-10-06T10:16:02-05:00,2026-10-06T15:24:29.592Z,https://resultadoelectoral.onpe.gob.pe/main/elecciones-municipales
140117,PUEBLO LIBRE,00000105,PARTIDO DEMÓCRATA VERDE,97,0.139,0.134,69546,72525,767,2212,337,327,10,0,97.033,2026-10-06T10:16:02-05:00,2026-10-06T15:24:29.592Z,https://resultadoelectoral.onpe.gob.pe/main/elecciones-municipales
140117,PUEBLO LIBRE,00000135,ALIANZA ELECTORAL VENCEREMOS,85,0.122,0.117,69546,72525,767,2212,337,327,10,0,97.033,2026-10-06T10:16:02-05:00,2026-10-06T15:24:29.592Z,https://resultadoelectoral.onpe.gob.pe/main/elecciones-municipales
140117,PUEBLO LIBRE,00000107,FRENTE POPULAR AGRÍCOLA FÍA DEL PERÚ,71,0.102,0.098,69546,72525,767,2212,337,327,10,0,97.033,2026-10-06T10:16:02-05:00,2026-10-06T15:24:29.592Z,https://resultadoelectoral.onpe.gob.pe/main/elecciones-municipales
140117,PUEBLO LIBRE,00000099,PARTIDO POLÍTICO NACIONAL PERÚ LIBRE,61,0.088,0.084,69546,72525,767,2212,337,327,10,0,97.033,2026-10-06T10:16:02-05:00,2026-10-06T15:24:29.592Z,https://resultadoelectoral.onpe.gob.pe/main/elecciones-municipales
140117,PUEBLO LIBRE,00000124,COALICIÓN TRANSFORMADORA TIERRA VERDE,45,0.065,0.062,69546,72525,767,2212,337,327,10,0,97.033,2026-10-06T10:16:02-05:00,2026-10-06T15:24:29.592Z,https://resultadoelectoral.onpe.gob.pe/main/elecciones-municipales
140117,PUEBLO LIBRE,00000104,PARTIDO PATRIÓTICO DEL PERÚ,45,0.065,0.062,69546,72525,767,2212,337,327,10,0,97.033,2026-10-06T10:16:02-05:00,2026-10-06T15:24:29.592Z,https://resultadoelectoral.onpe.gob.pe/main/elecciones-municipales
140117,PUEBLO LIBRE,00000132,FUERZA CIUDADANA,23,0.033,0.032,69546,72525,767,2212,337,327,10,0,97.033,2026-10-06T10:16:02-05:00,2026-10-06T15:24:29.592Z,https://resultadoelectoral.onpe.gob.pe/main/elecciones-municipales
140117,PUEBLO LIBRE,00000130,PARTIDO POLÍTICO PUEBLO CONSCIENTE,18,0.026,0.025,69546,72525,767,2212,337,327,10,0,97.033,2026-10-06T10:16:02-05:00,2026-10-06T15:24:29.592Z,https://resultadoelectoral.onpe.gob.pe/main/elecciones-municipales
140117,PUEBLO LIBRE,00000125,BATALLA PERÚ,14,0.02,0.019,69546,72525,767,2212,337,327,10,0,97.033,2026-10-06T10:16:02-05:00,2026-10-06T15:24:29.592Z,https://resultadoelectoral.onpe.gob.pe/main/elecciones-municipales
140119,PUENTE PIEDRA,00000137,RENOVACIÓN POPULAR PERÚ,63065,35.103,32.187,179658,195934,5313,10963,891,836,55,0,93.827,2026-10-06T10:16:02-05:00,2026-10-06T15:24:37.200Z,https://resultadoelectoral.onpe.gob.pe/main/elecciones-municipales
140119,PUENTE PIEDRA,00000098,AVANZA PAÍS - PARTIDO DE INTEGRACIÓN SOCIAL,43949,24.463,22.431,179658,195934,5313,10963,891,836,55,0,93.827,2026-10-06T10:16:02-05:00,2026-10-06T15:24:37.200Z,https://resultadoelectoral.onpe.gob.pe/main/elecciones-municipales
140119,PUENTE PIEDRA,00000094,PARTIDO DEMOCRÁTICO SOMOS PERÚ,28217,15.706,14.401,179658,195934,5313,10963,891,836,55,0,93.827,2026-10-06T10:16:02-05:00,2026-10-06T15:24:37.200Z,https://resultadoelectoral.onpe.gob.pe/main/elecciones-municipales
140119,PUENTE PIEDRA,00000100,PODEMOS PERÚ,10753,5.985,5.488,179658,195934,5313,10963,891,836,55,0,93.827,2026-10-06T10:16:02-05:00,2026-10-06T15:24:37.200Z,https://resultadoelectoral.onpe.gob.pe/main/elecciones-municipales
140119,PUENTE PIEDRA,00000123,AHORA NACIÓN - AN,6689,3.723,3.414,179658,195934,5313,10963,891,836,55,0,93.827,2026-10-06T10:16:02-05:00,2026-10-06T15:24:37.200Z,https://resultadoelectoral.onpe.gob.pe/main/elecciones-municipales
140119,PUENTE PIEDRA,00000095,ALIANZA PARA EL PROGRESO,4855,2.702,2.478,179658,195934,5313,10963,891,836,55,0,93.827,2026-10-06T10:16:02-05:00,2026-10-06T15:24:37.200Z,https://resultadoelectoral.onpe.gob.pe/main/elecciones-municipales
140119,PUENTE PIEDRA,00000096,JUNTOS POR EL PERÚ,4492,2.5,2.293,179658,195934,5313,10963,891,836,55,0,93.827,2026-10-06T10:16:02-05:00,2026-10-06T15:24:37.200Z,https://resultadoelectoral.onpe.gob.pe/main/elecciones-municipales
140119,PUENTE PIEDRA,00000117,PARTIDO CÍVICO OBRAS,3545,1.973,1.809,179658,195934,5313,10963,891,836,55,0,93.827,2026-10-06T10:16:02-05:00,2026-10-06T15:24:37.200Z,https://resultadoelectoral.onpe.gob.pe/main/elecciones-municipales
140119,PUENTE PIEDRA,00000097,FUERZA POPULAR,2860,1.592,1.46,179658,195934,5313,10963,891,836,55,0,93.827,2026-10-06T10:16:02-05:00,2026-10-06T15:24:37.200Z,https://resultadoelectoral.onpe.gob.pe/main/elecciones-municipales
140119,PUENTE PIEDRA,00000093,ACCIÓN POPULAR,2687,1.496,1.371,179658,195934,5313,10963,891,836,55,0,93.827,2026-10-06T10:16:02-05:00,2026-10-06T15:24:37.200Z,https://resultadoelectoral.onpe.gob.pe/main/elecciones-municipales
140119,PUENTE PIEDRA,00000107,FRENTE POPULAR AGRÍCOLA FÍA DEL PERÚ,1810,1.007,0.924,179658,195934,5313,10963,891,836,55,0,93.827,2026-10-06T10:16:02-05:00,2026-10-06T15:24:37.200Z,https://resultadoelectoral.onpe.gob.pe/main/elecciones-municipales
140119,PUENTE PIEDRA,00000122,PROGRESEMOS,1190,0.662,0.607,179658,195934,5313,10963,891,836,55,0,93.827,2026-10-06T10:16:02-05:00,2026-10-06T15:24:37.200Z,https://resultadoelectoral.onpe.gob.pe/main/elecciones-municipales
140119,PUENTE PIEDRA,00000121,PARTIDO DEL BUEN GOBIERNO,938,0.522,0.479,179658,195934,5313,10963,891,836,55,0,93.827,2026-10-06T10:16:02-05:00,2026-10-06T15:24:37.200Z,https://resultadoelectoral.onpe.gob.pe/main/elecciones-municipales
140119,PUENTE PIEDRA,00000112,PARTIDO APRISTA PERUANO,671,0.373,0.342,179658,195934,5313,10963,891,836,55,0,93.827,2026-10-06T10:16:02-05:00,2026-10-06T15:24:37.200Z,https://resultadoelectoral.onpe.gob.pe/main/elecciones-municipales
140119,PUENTE PIEDRA,00000102,PARTIDO FRENTE DE LA ESPERANZA 2021,629,0.35,0.321,179658,195934,5313,10963,891,836,55,0,93.827,2026-10-06T10:16:02-05:00,2026-10-06T15:24:37.200Z,https://resultadoelectoral.onpe.gob.pe/main/elecciones-municipales
140119,PUENTE PIEDRA,00000118,PARTIDO POPULAR CRISTIANO - PPC,626,0.348,0.319,179658,195934,5313,10963,891,836,55,0,93.827,2026-10-06T10:16:02-05:00,2026-10-06T15:24:37.200Z,https://resultadoelectoral.onpe.gob.pe/main/elecciones-municipales
140119,PUENTE PIEDRA,00000099,PARTIDO POLÍTICO NACIONAL PERÚ LIBRE,476,0.265,0.243,179658,195934,5313,10963,891,836,55,0,93.827,2026-10-06T10:16:02-05:00,2026-10-06T15:24:37.200Z,https://resultadoelectoral.onpe.gob.pe/main/elecciones-municipales
140119,PUENTE PIEDRA,00000105,PARTIDO DEMÓCRATA VERDE,462,0.257,0.236,179658,195934,5313,10963,891,836,55,0,93.827,2026-10-06T10:16:02-05:00,2026-10-06T15:24:37.200Z,https://resultadoelectoral.onpe.gob.pe/main/elecciones-municipales
140119,PUENTE PIEDRA,00000101,PARTIDO MORADO,414,0.23,0.211,179658,195934,5313,10963,891,836,55,0,93.827,2026-10-06T10:16:02-05:00,2026-10-06T15:24:37.200Z,https://resultadoelectoral.onpe.gob.pe/main/elecciones-municipales
140119,PUENTE PIEDRA,00000135,ALIANZA ELECTORAL VENCEREMOS,344,0.191,0.176,179658,195934,5313,10963,891,836,55,0,93.827,2026-10-06T10:16:02-05:00,2026-10-06T15:24:37.200Z,https://resultadoelectoral.onpe.gob.pe/main/elecciones-municipales
140119,PUENTE PIEDRA,00000124,COALICIÓN TRANSFORMADORA TIERRA VERDE,271,0.151,0.138,179658,195934,5313,10963,891,836,55,0,93.827,2026-10-06T10:16:02-05:00,2026-10-06T15:24:37.200Z,https://resultadoelectoral.onpe.gob.pe/main/elecciones-municipales
140119,PUENTE PIEDRA,00000104,PARTIDO PATRIÓTICO DEL PERÚ,266,0.148,0.136,179658,195934,5313,10963,891,836,55,0,93.827,2026-10-06T10:16:02-05:00,2026-10-06T15:24:37.200Z,https://resultadoelectoral.onpe.gob.pe/main/elecciones-municipales
140119,PUENTE PIEDRA,00000130,PARTIDO POLÍTICO PUEBLO CONSCIENTE,161,0.09,0.082,179658,195934,5313,10963,891,836,55,0,93.827,2026-10-06T10:16:02-05:00,2026-10-06T15:24:37.200Z,https://resultadoelectoral.onpe.gob.pe/main/elecciones-municipales
140119,PUENTE PIEDRA,00000132,FUERZA CIUDADANA,118,0.066,0.06,179658,195934,5313,10963,891,836,55,0,93.827,2026-10-06T10:16:02-05:00,2026-10-06T15:24:37.200Z,https://resultadoelectoral.onpe.gob.pe/main/elecciones-municipales
140119,PUENTE PIEDRA,00000125,BATALLA PERÚ,91,0.051,0.046,179658,195934,5313,10963,891,836,55,0,93.827,2026-10-06T10:16:02-05:00,2026-10-06T15:24:37.200Z,https://resultadoelectoral.onpe.gob.pe/main/elecciones-municipales
140119,PUENTE PIEDRA,00000127,VISIÓN PERÚ,79,0.044,0.04,179658,195934,5313,10963,891,836,55,0,93.827,2026-10-06T10:16:02-05:00,2026-10-06T15:24:37.200Z,https://resultadoelectoral.onpe.gob.pe/main/elecciones-municipales
140120,PUNTA HERMOSA,00000137,RENOVACIÓN POPULAR PERÚ,1813,28.479,25.97,6366,6981,326,289,33,30,3,0,90.909,2026-10-06T10:22:01-05:00,2026-10-06T15:24:44.776Z,https://resultadoelectoral.onpe.gob.pe/main/elecciones-municipales
140120,PUNTA HERMOSA,00000094,PARTIDO DEMOCRÁTICO SOMOS PERÚ,1369,21.505,19.61,6366,6981,326,289,33,30,3,0,90.909,2026-10-06T10:22:01-05:00,2026-10-06T15:24:44.776Z,https://resultadoelectoral.onpe.gob.pe/main/elecciones-municipales
140120,PUNTA HERMOSA,00000098,AVANZA PAÍS - PARTIDO DE INTEGRACIÓN SOCIAL,957,15.033,13.709,6366,6981,326,289,33,30,3,0,90.909,2026-10-06T10:22:01-05:00,2026-10-06T15:24:44.776Z,https://resultadoelectoral.onpe.gob.pe/main/elecciones-municipales
140120,PUNTA HERMOSA,00000130,PARTIDO POLÍTICO PUEBLO CONSCIENTE,461,7.242,6.604,6366,6981,326,289,33,30,3,0,90.909,2026-10-06T10:22:01-05:00,2026-10-06T15:24:44.776Z,https://resultadoelectoral.onpe.gob.pe/main/elecciones-municipales
140120,PUNTA HERMOSA,00000121,PARTIDO DEL BUEN GOBIERNO,369,5.796,5.286,6366,6981,326,289,33,30,3,0,90.909,2026-10-06T10:22:01-05:00,2026-10-06T15:24:44.776Z,https://resultadoelectoral.onpe.gob.pe/main/elecciones-municipales
140120,PUNTA HERMOSA,00000095,ALIANZA PARA EL PROGRESO,360,5.655,5.157,6366,6981,326,289,33,30,3,0,90.909,2026-10-06T10:22:01-05:00,2026-10-06T15:24:44.776Z,https://resultadoelectoral.onpe.gob.pe/main/elecciones-municipales
140120,PUNTA HERMOSA,00000100,PODEMOS PERÚ,202,3.173,2.894,6366,6981,326,289,33,30,3,0,90.909,2026-10-06T10:22:01-05:00,2026-10-06T15:24:44.776Z,https://resultadoelectoral.onpe.gob.pe/main/elecciones-municipales
140120,PUNTA HERMOSA,00000123,AHORA NACIÓN - AN,184,2.89,2.636,6366,6981,326,289,33,30,3,0,90.909,2026-10-06T10:22:01-05:00,2026-10-06T15:24:44.776Z,https://resultadoelectoral.onpe.gob.pe/main/elecciones-municipales
140120,PUNTA HERMOSA,00000118,PARTIDO POPULAR CRISTIANO - PPC,179,2.812,2.564,6366,6981,326,289,33,30,3,0,90.909,2026-10-06T10:22:01-05:00,2026-10-06T15:24:44.776Z,https://resultadoelectoral.onpe.gob.pe/main/elecciones-municipales
140120,PUNTA HERMOSA,00000097,FUERZA POPULAR,109,1.712,1.561,6366,6981,326,289,33,30,3,0,90.909,2026-10-06T10:22:01-05:00,2026-10-06T15:24:44.776Z,https://resultadoelectoral.onpe.gob.pe/main/elecciones-municipales
140120,PUNTA HERMOSA,00000096,JUNTOS POR EL PERÚ,80,1.257,1.146,6366,6981,326,289,33,30,3,0,90.909,2026-10-06T10:22:01-05:00,2026-10-06T15:24:44.776Z,https://resultadoelectoral.onpe.gob.pe/main/elecciones-municipales
140120,PUNTA HERMOSA,00000117,PARTIDO CÍVICO OBRAS,75,1.178,1.074,6366,6981,326,289,33,30,3,0,90.909,2026-10-06T10:22:01-05:00,2026-10-06T15:24:44.776Z,https://resultadoelectoral.onpe.gob.pe/main/elecciones-municipales
140120,PUNTA HERMOSA,00000093,ACCIÓN POPULAR,63,0.99,0.902,6366,6981,326,289,33,30,3,0,90.909,2026-10-06T10:22:01-05:00,2026-10-06T15:24:44.776Z,https://resultadoelectoral.onpe.gob.pe/main/elecciones-municipales
140120,PUNTA HERMOSA,00000105,PARTIDO DEMÓCRATA VERDE,41,0.644,0.587,6366,6981,326,289,33,30,3,0,90.909,2026-10-06T10:22:01-05:00,2026-10-06T15:24:44.776Z,https://resultadoelectoral.onpe.gob.pe/main/elecciones-municipales
140120,PUNTA HERMOSA,00000112,PARTIDO APRISTA PERUANO,19,0.298,0.272,6366,6981,326,289,33,30,3,0,90.909,2026-10-06T10:22:01-05:00,2026-10-06T15:24:44.776Z,https://resultadoelectoral.onpe.gob.pe/main/elecciones-municipales
140120,PUNTA HERMOSA,00000122,PROGRESEMOS,18,0.283,0.258,6366,6981,326,289,33,30,3,0,90.909,2026-10-06T10:22:01-05:00,2026-10-06T15:24:44.776Z,https://resultadoelectoral.onpe.gob.pe/main/elecciones-municipales
140120,PUNTA HERMOSA,00000107,FRENTE POPULAR AGRÍCOLA FÍA DEL PERÚ,16,0.251,0.229,6366,6981,326,289,33,30,3,0,90.909,2026-10-06T10:22:01-05:00,2026-10-06T15:24:44.776Z,https://resultadoelectoral.onpe.gob.pe/main/elecciones-municipales
140120,PUNTA HERMOSA,00000102,PARTIDO FRENTE DE LA ESPERANZA 2021,14,0.22,0.201,6366,6981,326,289,33,30,3,0,90.909,2026-10-06T10:22:01-05:00,2026-10-06T15:24:44.776Z,https://resultadoelectoral.onpe.gob.pe/main/elecciones-municipales
140120,PUNTA HERMOSA,00000099,PARTIDO POLÍTICO NACIONAL PERÚ LIBRE,11,0.173,0.158,6366,6981,326,289,33,30,3,0,90.909,2026-10-06T10:22:01-05:00,2026-10-06T15:24:44.776Z,https://resultadoelectoral.onpe.gob.pe/main/elecciones-municipales
140120,PUNTA HERMOSA,00000104,PARTIDO PATRIÓTICO DEL PERÚ,7,0.11,0.1,6366,6981,326,289,33,30,3,0,90.909,2026-10-06T10:22:01-05:00,2026-10-06T15:24:44.776Z,https://resultadoelectoral.onpe.gob.pe/main/elecciones-municipales
140120,PUNTA HERMOSA,00000135,ALIANZA ELECTORAL VENCEREMOS,6,0.094,0.086,6366,6981,326,289,33,30,3,0,90.909,2026-10-06T10:22:01-05:00,2026-10-06T15:24:44.776Z,https://resultadoelectoral.onpe.gob.pe/main/elecciones-municipales
140120,PUNTA HERMOSA,00000101,PARTIDO MORADO,5,0.079,0.072,6366,6981,326,289,33,30,3,0,90.909,2026-10-06T10:22:01-05:00,2026-10-06T15:24:44.776Z,https://resultadoelectoral.onpe.gob.pe/main/elecciones-municipales
140120,PUNTA HERMOSA,00000124,COALICIÓN TRANSFORMADORA TIERRA VERDE,3,0.047,0.043,6366,6981,326,289,33,30,3,0,90.909,2026-10-06T10:22:01-05:00,2026-10-06T15:24:44.776Z,https://resultadoelectoral.onpe.gob.pe/main/elecciones-municipales
140120,PUNTA HERMOSA,00000132,FUERZA CIUDADANA,3,0.047,0.043,6366,6981,326,289,33,30,3,0,90.909,2026-10-06T10:22:01-05:00,2026-10-06T15:24:44.776Z,https://resultadoelectoral.onpe.gob.pe/main/elecciones-municipales
140120,PUNTA HERMOSA,00000127,VISIÓN PERÚ,2,0.031,0.029,6366,6981,326,289,33,30,3,0,90.909,2026-10-06T10:22:01-05:00,2026-10-06T15:24:44.776Z,https://resultadoelectoral.onpe.gob.pe/main/elecciones-municipales
140120,PUNTA HERMOSA,00000125,BATALLA PERÚ,0,0,0,6366,6981,326,289,33,30,3,0,90.909,2026-10-06T10:22:01-05:00,2026-10-06T15:24:44.776Z,https://resultadoelectoral.onpe.gob.pe/main/elecciones-municipales
140121,PUNTA NEGRA,00000137,RENOVACIÓN POPULAR PERÚ,1627,33.34,29.236,4880,5565,443,242,25,24,1,0,96,2026-10-06T10:22:01-05:00,2026-10-06T15:26:39.766Z,https://resultadoelectoral.onpe.gob.pe/main/elecciones-municipales
140121,PUNTA NEGRA,00000098,AVANZA PAÍS - PARTIDO DE INTEGRACIÓN SOCIAL,739,15.143,13.279,4880,5565,443,242,25,24,1,0,96,2026-10-06T10:22:01-05:00,2026-10-06T15:26:39.766Z,https://resultadoelectoral.onpe.gob.pe/main/elecciones-municipales
140121,PUNTA NEGRA,00000102,PARTIDO FRENTE DE LA ESPERANZA 2021,614,12.582,11.033,4880,5565,443,242,25,24,1,0,96,2026-10-06T10:22:01-05:00,2026-10-06T15:26:39.766Z,https://resultadoelectoral.onpe.gob.pe/main/elecciones-municipales
140121,PUNTA NEGRA,00000094,PARTIDO DEMOCRÁTICO SOMOS PERÚ,538,11.025,9.668,4880,5565,443,242,25,24,1,0,96,2026-10-06T10:22:01-05:00,2026-10-06T15:26:39.766Z,https://resultadoelectoral.onpe.gob.pe/main/elecciones-municipales
140121,PUNTA NEGRA,00000093,ACCIÓN POPULAR,407,8.34,7.314,4880,5565,443,242,25,24,1,0,96,2026-10-06T10:22:01-05:00,2026-10-06T15:26:39.766Z,https://resultadoelectoral.onpe.gob.pe/main/elecciones-municipales
140121,PUNTA NEGRA,00000122,PROGRESEMOS,201,4.119,3.612,4880,5565,443,242,25,24,1,0,96,2026-10-06T10:22:01-05:00,2026-10-06T15:26:39.766Z,https://resultadoelectoral.onpe.gob.pe/main/elecciones-municipales
140121,PUNTA NEGRA,00000100,PODEMOS PERÚ,157,3.217,2.821,4880,5565,443,242,25,24,1,0,96,2026-10-06T10:22:01-05:00,2026-10-06T15:26:39.766Z,https://resultadoelectoral.onpe.gob.pe/main/elecciones-municipales
140121,PUNTA NEGRA,00000123,AHORA NACIÓN - AN,147,3.012,2.642,4880,5565,443,242,25,24,1,0,96,2026-10-06T10:22:01-05:00,2026-10-06T15:26:39.766Z,https://resultadoelectoral.onpe.gob.pe/main/elecciones-municipales
140121,PUNTA NEGRA,00000095,ALIANZA PARA EL PROGRESO,109,2.234,1.959,4880,5565,443,242,25,24,1,0,96,2026-10-06T10:22:01-05:00,2026-10-06T15:26:39.766Z,https://resultadoelectoral.onpe.gob.pe/main/elecciones-municipales
140121,PUNTA NEGRA,00000097,FUERZA POPULAR,69,1.414,1.24,4880,5565,443,242,25,24,1,0,96,2026-10-06T10:22:01-05:00,2026-10-06T15:26:39.766Z,https://resultadoelectoral.onpe.gob.pe/main/elecciones-municipales
140121,PUNTA NEGRA,00000112,PARTIDO APRISTA PERUANO,65,1.332,1.168,4880,5565,443,242,25,24,1,0,96,2026-10-06T10:22:01-05:00,2026-10-06T15:26:39.766Z,https://resultadoelectoral.onpe.gob.pe/main/elecciones-municipales
140121,PUNTA NEGRA,00000096,JUNTOS POR EL PERÚ,57,1.168,1.024,4880,5565,443,242,25,24,1,0,96,2026-10-06T10:22:01-05:00,2026-10-06T15:26:39.766Z,https://resultadoelectoral.onpe.gob.pe/main/elecciones-municipales
140121,PUNTA NEGRA,00000117,PARTIDO CÍVICO OBRAS,31,0.635,0.557,4880,5565,443,242,25,24,1,0,96,2026-10-06T10:22:01-05:00,2026-10-06T15:26:39.766Z,https://resultadoelectoral.onpe.gob.pe/main/elecciones-municipales
140121,PUNTA NEGRA,00000121,PARTIDO DEL BUEN GOBIERNO,24,0.492,0.431,4880,5565,443,242,25,24,1,0,96,2026-10-06T10:22:01-05:00,2026-10-06T15:26:39.766Z,https://resultadoelectoral.onpe.gob.pe/main/elecciones-municipales
140121,PUNTA NEGRA,00000118,PARTIDO POPULAR CRISTIANO - PPC,21,0.43,0.377,4880,5565,443,242,25,24,1,0,96,2026-10-06T10:22:01-05:00,2026-10-06T15:26:39.766Z,https://resultadoelectoral.onpe.gob.pe/main/elecciones-municipales
140121,PUNTA NEGRA,00000107,FRENTE POPULAR AGRÍCOLA FÍA DEL PERÚ,15,0.307,0.27,4880,5565,443,242,25,24,1,0,96,2026-10-06T10:22:01-05:00,2026-10-06T15:26:39.766Z,https://resultadoelectoral.onpe.gob.pe/main/elecciones-municipales
140121,PUNTA NEGRA,00000101,PARTIDO MORADO,13,0.266,0.234,4880,5565,443,242,25,24,1,0,96,2026-10-06T10:22:01-05:00,2026-10-06T15:26:39.766Z,https://resultadoelectoral.onpe.gob.pe/main/elecciones-municipales
140121,PUNTA NEGRA,00000105,PARTIDO DEMÓCRATA VERDE,11,0.225,0.198,4880,5565,443,242,25,24,1,0,96,2026-10-06T10:22:01-05:00,2026-10-06T15:26:39.766Z,https://resultadoelectoral.onpe.gob.pe/main/elecciones-municipales
140121,PUNTA NEGRA,00000135,ALIANZA ELECTORAL VENCEREMOS,10,0.205,0.18,4880,5565,443,242,25,24,1,0,96,2026-10-06T10:22:01-05:00,2026-10-06T15:26:39.766Z,https://resultadoelectoral.onpe.gob.pe/main/elecciones-municipales
140121,PUNTA NEGRA,00000099,PARTIDO POLÍTICO NACIONAL PERÚ LIBRE,9,0.184,0.162,4880,5565,443,242,25,24,1,0,96,2026-10-06T10:22:01-05:00,2026-10-06T15:26:39.766Z,https://resultadoelectoral.onpe.gob.pe/main/elecciones-municipales
140121,PUNTA NEGRA,00000124,COALICIÓN TRANSFORMADORA TIERRA VERDE,5,0.102,0.09,4880,5565,443,242,25,24,1,0,96,2026-10-06T10:22:01-05:00,2026-10-06T15:26:39.766Z,https://resultadoelectoral.onpe.gob.pe/main/elecciones-municipales
140121,PUNTA NEGRA,00000127,VISIÓN PERÚ,3,0.061,0.054,4880,5565,443,242,25,24,1,0,96,2026-10-06T10:22:01-05:00,2026-10-06T15:26:39.766Z,https://resultadoelectoral.onpe.gob.pe/main/elecciones-municipales
140121,PUNTA NEGRA,00000104,PARTIDO PATRIÓTICO DEL PERÚ,3,0.061,0.054,4880,5565,443,242,25,24,1,0,96,2026-10-06T10:22:01-05:00,2026-10-06T15:26:39.766Z,https://resultadoelectoral.onpe.gob.pe/main/elecciones-municipales
140121,PUNTA NEGRA,00000132,FUERZA CIUDADANA,2,0.041,0.036,4880,5565,443,242,25,24,1,0,96,2026-10-06T10:22:01-05:00,2026-10-06T15:26:39.766Z,https://resultadoelectoral.onpe.gob.pe/main/elecciones-municipales
140121,PUNTA NEGRA,00000130,PARTIDO POLÍTICO PUEBLO CONSCIENTE,2,0.041,0.036,4880,5565,443,242,25,24,1,0,96,2026-10-06T10:22:01-05:00,2026-10-06T15:26:39.766Z,https://resultadoelectoral.onpe.gob.pe/main/elecciones-municipales
140121,PUNTA NEGRA,00000125,BATALLA PERÚ,1,0.02,0.018,4880,5565,443,242,25,24,1,0,96,2026-10-06T10:22:01-05:00,2026-10-06T15:26:39.766Z,https://resultadoelectoral.onpe.gob.pe/main/elecciones-municipales
140122,RÍMAC,00000137,RENOVACIÓN POPULAR PERÚ,29271,26.725,24.802,109527,118017,2374,6116,560,515,45,0,91.964,2026-10-06T10:22:01-05:00,2026-10-06T15:26:47.299Z,https://resultadoelectoral.onpe.gob.pe/main/elecciones-municipales
140122,RÍMAC,00000098,AVANZA PAÍS - PARTIDO DE INTEGRACIÓN SOCIAL,27843,25.421,23.592,109527,118017,2374,6116,560,515,45,0,91.964,2026-10-06T10:22:01-05:00,2026-10-06T15:26:47.299Z,https://resultadoelectoral.onpe.gob.pe/main/elecciones-municipales
140122,RÍMAC,00000100,PODEMOS PERÚ,13329,12.17,11.294,109527,118017,2374,6116,560,515,45,0,91.964,2026-10-06T10:22:01-05:00,2026-10-06T15:26:47.299Z,https://resultadoelectoral.onpe.gob.pe/main/elecciones-municipales
140122,RÍMAC,00000094,PARTIDO DEMOCRÁTICO SOMOS PERÚ,10282,9.388,8.712,109527,118017,2374,6116,560,515,45,0,91.964,2026-10-06T10:22:01-05:00,2026-10-06T15:26:47.299Z,https://resultadoelectoral.onpe.gob.pe/main/elecciones-municipales
140122,RÍMAC,00000123,AHORA NACIÓN - AN,7971,7.278,6.754,109527,118017,2374,6116,560,515,45,0,91.964,2026-10-06T10:22:01-05:00,2026-10-06T15:26:47.299Z,https://resultadoelectoral.onpe.gob.pe/main/elecciones-municipales
140122,RÍMAC,00000121,PARTIDO DEL BUEN GOBIERNO,5096,4.653,4.318,109527,118017,2374,6116,560,515,45,0,91.964,2026-10-06T10:22:01-05:00,2026-10-06T15:26:47.299Z,https://resultadoelectoral.onpe.gob.pe/main/elecciones-municipales
140122,RÍMAC,00000097,FUERZA POPULAR,2390,2.182,2.025,109527,118017,2374,6116,560,515,45,0,91.964,2026-10-06T10:22:01-05:00,2026-10-06T15:26:47.299Z,https://resultadoelectoral.onpe.gob.pe/main/elecciones-municipales
140122,RÍMAC,00000093,ACCIÓN POPULAR,2186,1.996,1.852,109527,118017,2374,6116,560,515,45,0,91.964,2026-10-06T10:22:01-05:00,2026-10-06T15:26:47.299Z,https://resultadoelectoral.onpe.gob.pe/main/elecciones-municipales
140122,RÍMAC,00000095,ALIANZA PARA EL PROGRESO,1867,1.705,1.582,109527,118017,2374,6116,560,515,45,0,91.964,2026-10-06T10:22:01-05:00,2026-10-06T15:26:47.299Z,https://resultadoelectoral.onpe.gob.pe/main/elecciones-municipales
140122,RÍMAC,00000112,PARTIDO APRISTA PERUANO,1674,1.528,1.418,109527,118017,2374,6116,560,515,45,0,91.964,2026-10-06T10:22:01-05:00,2026-10-06T15:26:47.299Z,https://resultadoelectoral.onpe.gob.pe/main/elecciones-municipales
140122,RÍMAC,00000122,PROGRESEMOS,1310,1.196,1.11,109527,118017,2374,6116,560,515,45,0,91.964,2026-10-06T10:22:01-05:00,2026-10-06T15:26:47.299Z,https://resultadoelectoral.onpe.gob.pe/main/elecciones-municipales
140122,RÍMAC,00000117,PARTIDO CÍVICO OBRAS,1270,1.16,1.076,109527,118017,2374,6116,560,515,45,0,91.964,2026-10-06T10:22:01-05:00,2026-10-06T15:26:47.299Z,https://resultadoelectoral.onpe.gob.pe/main/elecciones-municipales
140122,RÍMAC,00000096,JUNTOS POR EL PERÚ,1209,1.104,1.024,109527,118017,2374,6116,560,515,45,0,91.964,2026-10-06T10:22:01-05:00,2026-10-06T15:26:47.299Z,https://resultadoelectoral.onpe.gob.pe/main/elecciones-municipales
140122,RÍMAC,00000107,FRENTE POPULAR AGRÍCOLA FÍA DEL PERÚ,994,0.908,0.842,109527,118017,2374,6116,560,515,45,0,91.964,2026-10-06T10:22:01-05:00,2026-10-06T15:26:47.299Z,https://resultadoelectoral.onpe.gob.pe/main/elecciones-municipales
140122,RÍMAC,00000102,PARTIDO FRENTE DE LA ESPERANZA 2021,747,0.682,0.633,109527,118017,2374,6116,560,515,45,0,91.964,2026-10-06T10:22:01-05:00,2026-10-06T15:26:47.299Z,https://resultadoelectoral.onpe.gob.pe/main/elecciones-municipales
140122,RÍMAC,00000105,PARTIDO DEMÓCRATA VERDE,536,0.489,0.454,109527,118017,2374,6116,560,515,45,0,91.964,2026-10-06T10:22:01-05:00,2026-10-06T15:26:47.299Z,https://resultadoelectoral.onpe.gob.pe/main/elecciones-municipales
140122,RÍMAC,00000118,PARTIDO POPULAR CRISTIANO - PPC,419,0.383,0.355,109527,118017,2374,6116,560,515,45,0,91.964,2026-10-06T10:22:01-05:00,2026-10-06T15:26:47.299Z,https://resultadoelectoral.onpe.gob.pe/main/elecciones-municipales
140122,RÍMAC,00000099,PARTIDO POLÍTICO NACIONAL PERÚ LIBRE,208,0.19,0.176,109527,118017,2374,6116,560,515,45,0,91.964,2026-10-06T10:22:01-05:00,2026-10-06T15:26:47.299Z,https://resultadoelectoral.onpe.gob.pe/main/elecciones-municipales
140122,RÍMAC,00000101,PARTIDO MORADO,200,0.183,0.169,109527,118017,2374,6116,560,515,45,0,91.964,2026-10-06T10:22:01-05:00,2026-10-06T15:26:47.299Z,https://resultadoelectoral.onpe.gob.pe/main/elecciones-municipales
140122,RÍMAC,00000135,ALIANZA ELECTORAL VENCEREMOS,184,0.168,0.156,109527,118017,2374,6116,560,515,45,0,91.964,2026-10-06T10:22:01-05:00,2026-10-06T15:26:47.299Z,https://resultadoelectoral.onpe.gob.pe/main/elecciones-municipales
140122,RÍMAC,00000104,PARTIDO PATRIÓTICO DEL PERÚ,157,0.143,0.133,109527,118017,2374,6116,560,515,45,0,91.964,2026-10-06T10:22:01-05:00,2026-10-06T15:26:47.299Z,https://resultadoelectoral.onpe.gob.pe/main/elecciones-municipales
140122,RÍMAC,00000124,COALICIÓN TRANSFORMADORA TIERRA VERDE,126,0.115,0.107,109527,118017,2374,6116,560,515,45,0,91.964,2026-10-06T10:22:01-05:00,2026-10-06T15:26:47.299Z,https://resultadoelectoral.onpe.gob.pe/main/elecciones-municipales
140122,RÍMAC,00000125,BATALLA PERÚ,70,0.064,0.059,109527,118017,2374,6116,560,515,45,0,91.964,2026-10-06T10:22:01-05:00,2026-10-06T15:26:47.299Z,https://resultadoelectoral.onpe.gob.pe/main/elecciones-municipales
140122,RÍMAC,00000132,FUERZA CIUDADANA,67,0.061,0.057,109527,118017,2374,6116,560,515,45,0,91.964,2026-10-06T10:22:01-05:00,2026-10-06T15:26:47.299Z,https://resultadoelectoral.onpe.gob.pe/main/elecciones-municipales
140122,RÍMAC,00000130,PARTIDO POLÍTICO PUEBLO CONSCIENTE,64,0.058,0.054,109527,118017,2374,6116,560,515,45,0,91.964,2026-10-06T10:22:01-05:00,2026-10-06T15:26:47.299Z,https://resultadoelectoral.onpe.gob.pe/main/elecciones-municipales
140122,RÍMAC,00000127,VISIÓN PERÚ,57,0.052,0.048,109527,118017,2374,6116,560,515,45,0,91.964,2026-10-06T10:22:01-05:00,2026-10-06T15:26:47.299Z,https://resultadoelectoral.onpe.gob.pe/main/elecciones-municipales
140123,SAN BARTOLO,00000094,PARTIDO DEMOCRÁTICO SOMOS PERÚ,1149,26.209,23.666,4384,4855,157,314,24,21,3,0,87.5,2026-10-06T10:22:01-05:00,2026-10-06T15:26:54.703Z,https://resultadoelectoral.onpe.gob.pe/main/elecciones-municipales
140123,SAN BARTOLO,00000137,RENOVACIÓN POPULAR PERÚ,1102,25.137,22.698,4384,4855,157,314,24,21,3,0,87.5,2026-10-06T10:22:01-05:00,2026-10-06T15:26:54.703Z,https://resultadoelectoral.onpe.gob.pe/main/elecciones-municipales
140123,SAN BARTOLO,00000098,AVANZA PAÍS - PARTIDO DE INTEGRACIÓN SOCIAL,649,14.804,13.368,4384,4855,157,314,24,21,3,0,87.5,2026-10-06T10:22:01-05:00,2026-10-06T15:26:54.703Z,https://resultadoelectoral.onpe.gob.pe/main/elecciones-municipales
140123,SAN BARTOLO,00000095,ALIANZA PARA EL PROGRESO,497,11.337,10.237,4384,4855,157,314,24,21,3,0,87.5,2026-10-06T10:22:01-05:00,2026-10-06T15:26:54.703Z,https://resultadoelectoral.onpe.gob.pe/main/elecciones-municipales
140123,SAN BARTOLO,00000100,PODEMOS PERÚ,477,10.88,9.825,4384,4855,157,314,24,21,3,0,87.5,2026-10-06T10:22:01-05:00,2026-10-06T15:26:54.703Z,https://resultadoelectoral.onpe.gob.pe/main/elecciones-municipales
140123,SAN BARTOLO,00000118,PARTIDO POPULAR CRISTIANO - PPC,94,2.144,1.936,4384,4855,157,314,24,21,3,0,87.5,2026-10-06T10:22:01-05:00,2026-10-06T15:26:54.703Z,https://resultadoelectoral.onpe.gob.pe/main/elecciones-municipales
140123,SAN BARTOLO,00000123,AHORA NACIÓN - AN,94,2.144,1.936,4384,4855,157,314,24,21,3,0,87.5,2026-10-06T10:22:01-05:00,2026-10-06T15:26:54.703Z,https://resultadoelectoral.onpe.gob.pe/main/elecciones-municipales
140123,SAN BARTOLO,00000093,ACCIÓN POPULAR,59,1.346,1.215,4384,4855,157,314,24,21,3,0,87.5,2026-10-06T10:22:01-05:00,2026-10-06T15:26:54.703Z,https://resultadoelectoral.onpe.gob.pe/main/elecciones-municipales
140123,SAN BARTOLO,00000097,FUERZA POPULAR,50,1.141,1.03,4384,4855,157,314,24,21,3,0,87.5,2026-10-06T10:22:01-05:00,2026-10-06T15:26:54.703Z,https://resultadoelectoral.onpe.gob.pe/main/elecciones-municipales
140123,SAN BARTOLO,00000096,JUNTOS POR EL PERÚ,39,0.89,0.803,4384,4855,157,314,24,21,3,0,87.5,2026-10-06T10:22:01-05:00,2026-10-06T15:26:54.703Z,https://resultadoelectoral.onpe.gob.pe/main/elecciones-municipales
140123,SAN BARTOLO,00000117,PARTIDO CÍVICO OBRAS,36,0.821,0.742,4384,4855,157,314,24,21,3,0,87.5,2026-10-06T10:22:01-05:00,2026-10-06T15:26:54.703Z,https://resultadoelectoral.onpe.gob.pe/main/elecciones-municipales
140123,SAN BARTOLO,00000122,PROGRESEMOS,27,0.616,0.556,4384,4855,157,314,24,21,3,0,87.5,2026-10-06T10:22:01-05:00,2026-10-06T15:26:54.703Z,https://resultadoelectoral.onpe.gob.pe/main/elecciones-municipales
140123,SAN BARTOLO,00000121,PARTIDO DEL BUEN GOBIERNO,26,0.593,0.536,4384,4855,157,314,24,21,3,0,87.5,2026-10-06T10:22:01-05:00,2026-10-06T15:26:54.703Z,https://resultadoelectoral.onpe.gob.pe/main/elecciones-municipales
140123,SAN BARTOLO,00000102,PARTIDO FRENTE DE LA ESPERANZA 2021,13,0.297,0.268,4384,4855,157,314,24,21,3,0,87.5,2026-10-06T10:22:01-05:00,2026-10-06T15:26:54.703Z,https://resultadoelectoral.onpe.gob.pe/main/elecciones-municipales
140123,SAN BARTOLO,00000107,FRENTE POPULAR AGRÍCOLA FÍA DEL PERÚ,13,0.297,0.268,4384,4855,157,314,24,21,3,0,87.5,2026-10-06T10:22:01-05:00,2026-10-06T15:26:54.703Z,https://resultadoelectoral.onpe.gob.pe/main/elecciones-municipales
140123,SAN BARTOLO,00000104,PARTIDO PATRIÓTICO DEL PERÚ,13,0.297,0.268,4384,4855,157,314,24,21,3,0,87.5,2026-10-06T10:22:01-05:00,2026-10-06T15:26:54.703Z,https://resultadoelectoral.onpe.gob.pe/main/elecciones-municipales
140123,SAN BARTOLO,00000112,PARTIDO APRISTA PERUANO,11,0.251,0.227,4384,4855,157,314,24,21,3,0,87.5,2026-10-06T10:22:01-05:00,2026-10-06T15:26:54.703Z,https://resultadoelectoral.onpe.gob.pe/main/elecciones-municipales
140123,SAN BARTOLO,00000101,PARTIDO MORADO,8,0.182,0.165,4384,4855,157,314,24,21,3,0,87.5,2026-10-06T10:22:01-05:00,2026-10-06T15:26:54.703Z,https://resultadoelectoral.onpe.gob.pe/main/elecciones-municipales
140123,SAN BARTOLO,00000099,PARTIDO POLÍTICO NACIONAL PERÚ LIBRE,7,0.16,0.144,4384,4855,157,314,24,21,3,0,87.5,2026-10-06T10:22:01-05:00,2026-10-06T15:26:54.703Z,https://resultadoelectoral.onpe.gob.pe/main/elecciones-municipales
140123,SAN BARTOLO,00000105,PARTIDO DEMÓCRATA VERDE,6,0.137,0.124,4384,4855,157,314,24,21,3,0,87.5,2026-10-06T10:22:01-05:00,2026-10-06T15:26:54.703Z,https://resultadoelectoral.onpe.gob.pe/main/elecciones-municipales
140123,SAN BARTOLO,00000124,COALICIÓN TRANSFORMADORA TIERRA VERDE,5,0.114,0.103,4384,4855,157,314,24,21,3,0,87.5,2026-10-06T10:22:01-05:00,2026-10-06T15:26:54.703Z,https://resultadoelectoral.onpe.gob.pe/main/elecciones-municipales
140123,SAN BARTOLO,00000135,ALIANZA ELECTORAL VENCEREMOS,4,0.091,0.082,4384,4855,157,314,24,21,3,0,87.5,2026-10-06T10:22:01-05:00,2026-10-06T15:26:54.703Z,https://resultadoelectoral.onpe.gob.pe/main/elecciones-municipales
140123,SAN BARTOLO,00000125,BATALLA PERÚ,2,0.046,0.041,4384,4855,157,314,24,21,3,0,87.5,2026-10-06T10:22:01-05:00,2026-10-06T15:26:54.703Z,https://resultadoelectoral.onpe.gob.pe/main/elecciones-municipales
140123,SAN BARTOLO,00000130,PARTIDO POLÍTICO PUEBLO CONSCIENTE,2,0.046,0.041,4384,4855,157,314,24,21,3,0,87.5,2026-10-06T10:22:01-05:00,2026-10-06T15:26:54.703Z,https://resultadoelectoral.onpe.gob.pe/main/elecciones-municipales
140123,SAN BARTOLO,00000127,VISIÓN PERÚ,1,0.023,0.021,4384,4855,157,314,24,21,3,0,87.5,2026-10-06T10:22:01-05:00,2026-10-06T15:26:54.703Z,https://resultadoelectoral.onpe.gob.pe/main/elecciones-municipales
140123,SAN BARTOLO,00000132,FUERZA CIUDADANA,0,0,0,4384,4855,157,314,24,21,3,0,87.5,2026-10-06T10:22:01-05:00,2026-10-06T15:26:54.703Z,https://resultadoelectoral.onpe.gob.pe/main/elecciones-municipales
140140,SAN BORJA,00000137,RENOVACIÓN POPULAR PERÚ,34456,41.474,39.936,83079,86278,833,2366,422,394,28,0,93.365,2026-10-06T10:22:01-05:00,2026-10-06T15:27:02.125Z,https://resultadoelectoral.onpe.gob.pe/main/elecciones-municipales
140140,SAN BORJA,00000094,PARTIDO DEMOCRÁTICO SOMOS PERÚ,19635,23.634,22.758,83079,86278,833,2366,422,394,28,0,93.365,2026-10-06T10:22:01-05:00,2026-10-06T15:27:02.125Z,https://resultadoelectoral.onpe.gob.pe/main/elecciones-municipales
140140,SAN BORJA,00000098,AVANZA PAÍS - PARTIDO DE INTEGRACIÓN SOCIAL,15292,18.407,17.724,83079,86278,833,2366,422,394,28,0,93.365,2026-10-06T10:22:01-05:00,2026-10-06T15:27:02.125Z,https://resultadoelectoral.onpe.gob.pe/main/elecciones-municipales
140140,SAN BORJA,00000093,ACCIÓN POPULAR,6345,7.637,7.354,83079,86278,833,2366,422,394,28,0,93.365,2026-10-06T10:22:01-05:00,2026-10-06T15:27:02.125Z,https://resultadoelectoral.onpe.gob.pe/main/elecciones-municipales
140140,SAN BORJA,00000100,PODEMOS PERÚ,1567,1.886,1.816,83079,86278,833,2366,422,394,28,0,93.365,2026-10-06T10:22:01-05:00,2026-10-06T15:27:02.125Z,https://resultadoelectoral.onpe.gob.pe/main/elecciones-municipales
140140,SAN BORJA,00000123,AHORA NACIÓN - AN,1206,1.452,1.398,83079,86278,833,2366,422,394,28,0,93.365,2026-10-06T10:22:01-05:00,2026-10-06T15:27:02.125Z,https://resultadoelectoral.onpe.gob.pe/main/elecciones-municipales
140140,SAN BORJA,00000095,ALIANZA PARA EL PROGRESO,1017,1.224,1.179,83079,86278,833,2366,422,394,28,0,93.365,2026-10-06T10:22:01-05:00,2026-10-06T15:27:02.125Z,https://resultadoelectoral.onpe.gob.pe/main/elecciones-municipales
140140,SAN BORJA,00000097,FUERZA POPULAR,886,1.066,1.027,83079,86278,833,2366,422,394,28,0,93.365,2026-10-06T10:22:01-05:00,2026-10-06T15:27:02.125Z,https://resultadoelectoral.onpe.gob.pe/main/elecciones-municipales
140140,SAN BORJA,00000112,PARTIDO APRISTA PERUANO,493,0.593,0.571,83079,86278,833,2366,422,394,28,0,93.365,2026-10-06T10:22:01-05:00,2026-10-06T15:27:02.125Z,https://resultadoelectoral.onpe.gob.pe/main/elecciones-municipales
140140,SAN BORJA,00000117,PARTIDO CÍVICO OBRAS,414,0.498,0.48,83079,86278,833,2366,422,394,28,0,93.365,2026-10-06T10:22:01-05:00,2026-10-06T15:27:02.125Z,https://resultadoelectoral.onpe.gob.pe/main/elecciones-municipales
140140,SAN BORJA,00000096,JUNTOS POR EL PERÚ,362,0.436,0.42,83079,86278,833,2366,422,394,28,0,93.365,2026-10-06T10:22:01-05:00,2026-10-06T15:27:02.125Z,https://resultadoelectoral.onpe.gob.pe/main/elecciones-municipales
140140,SAN BORJA,00000118,PARTIDO POPULAR CRISTIANO - PPC,310,0.373,0.359,83079,86278,833,2366,422,394,28,0,93.365,2026-10-06T10:22:01-05:00,2026-10-06T15:27:02.125Z,https://resultadoelectoral.onpe.gob.pe/main/elecciones-municipales
140140,SAN BORJA,00000121,PARTIDO DEL BUEN GOBIERNO,227,0.273,0.263,83079,86278,833,2366,422,394,28,0,93.365,2026-10-06T10:22:01-05:00,2026-10-06T15:27:02.125Z,https://resultadoelectoral.onpe.gob.pe/main/elecciones-municipales
140140,SAN BORJA,00000122,PROGRESEMOS,203,0.244,0.235,83079,86278,833,2366,422,394,28,0,93.365,2026-10-06T10:22:01-05:00,2026-10-06T15:27:02.125Z,https://resultadoelectoral.onpe.gob.pe/main/elecciones-municipales
140140,SAN BORJA,00000102,PARTIDO FRENTE DE LA ESPERANZA 2021,112,0.135,0.13,83079,86278,833,2366,422,394,28,0,93.365,2026-10-06T10:22:01-05:00,2026-10-06T15:27:02.125Z,https://resultadoelectoral.onpe.gob.pe/main/elecciones-municipales
140140,SAN BORJA,00000101,PARTIDO MORADO,103,0.124,0.119,83079,86278,833,2366,422,394,28,0,93.365,2026-10-06T10:22:01-05:00,2026-10-06T15:27:02.125Z,https://resultadoelectoral.onpe.gob.pe/main/elecciones-municipales
140140,SAN BORJA,00000107,FRENTE POPULAR AGRÍCOLA FÍA DEL PERÚ,95,0.114,0.11,83079,86278,833,2366,422,394,28,0,93.365,2026-10-06T10:22:01-05:00,2026-10-06T15:27:02.125Z,https://resultadoelectoral.onpe.gob.pe/main/elecciones-municipales
140140,SAN BORJA,00000104,PARTIDO PATRIÓTICO DEL PERÚ,63,0.076,0.073,83079,86278,833,2366,422,394,28,0,93.365,2026-10-06T10:22:01-05:00,2026-10-06T15:27:02.125Z,https://resultadoelectoral.onpe.gob.pe/main/elecciones-municipales
140140,SAN BORJA,00000105,PARTIDO DEMÓCRATA VERDE,56,0.067,0.065,83079,86278,833,2366,422,394,28,0,93.365,2026-10-06T10:22:01-05:00,2026-10-06T15:27:02.125Z,https://resultadoelectoral.onpe.gob.pe/main/elecciones-municipales
140140,SAN BORJA,00000135,ALIANZA ELECTORAL VENCEREMOS,56,0.067,0.065,83079,86278,833,2366,422,394,28,0,93.365,2026-10-06T10:22:01-05:00,2026-10-06T15:27:02.125Z,https://resultadoelectoral.onpe.gob.pe/main/elecciones-municipales
140140,SAN BORJA,00000099,PARTIDO POLÍTICO NACIONAL PERÚ LIBRE,51,0.061,0.059,83079,86278,833,2366,422,394,28,0,93.365,2026-10-06T10:22:01-05:00,2026-10-06T15:27:02.125Z,https://resultadoelectoral.onpe.gob.pe/main/elecciones-municipales
140140,SAN BORJA,00000124,COALICIÓN TRANSFORMADORA TIERRA VERDE,48,0.058,0.056,83079,86278,833,2366,422,394,28,0,93.365,2026-10-06T10:22:01-05:00,2026-10-06T15:27:02.125Z,https://resultadoelectoral.onpe.gob.pe/main/elecciones-municipales
140140,SAN BORJA,00000132,FUERZA CIUDADANA,27,0.032,0.031,83079,86278,833,2366,422,394,28,0,93.365,2026-10-06T10:22:01-05:00,2026-10-06T15:27:02.125Z,https://resultadoelectoral.onpe.gob.pe/main/elecciones-municipales
140140,SAN BORJA,00000127,VISIÓN PERÚ,24,0.029,0.028,83079,86278,833,2366,422,394,28,0,93.365,2026-10-06T10:22:01-05:00,2026-10-06T15:27:02.125Z,https://resultadoelectoral.onpe.gob.pe/main/elecciones-municipales
140140,SAN BORJA,00000125,BATALLA PERÚ,18,0.022,0.021,83079,86278,833,2366,422,394,28,0,93.365,2026-10-06T10:22:01-05:00,2026-10-06T15:27:02.125Z,https://resultadoelectoral.onpe.gob.pe/main/elecciones-municipales
140140,SAN BORJA,00000130,PARTIDO POLÍTICO PUEBLO CONSCIENTE,13,0.016,0.015,83079,86278,833,2366,422,394,28,0,93.365,2026-10-06T10:22:01-05:00,2026-10-06T15:27:02.125Z,https://resultadoelectoral.onpe.gob.pe/main/elecciones-municipales
140124,SAN ISIDRO,00000137,RENOVACIÓN POPULAR PERÚ,23257,44.358,42.76,52430,54389,590,1369,282,272,10,0,96.454,2026-10-06T10:22:01-05:00,2026-10-06T15:27:11.884Z,https://resultadoelectoral.onpe.gob.pe/main/elecciones-municipales
140124,SAN ISIDRO,00000094,PARTIDO DEMOCRÁTICO SOMOS PERÚ,13491,25.731,24.805,52430,54389,590,1369,282,272,10,0,96.454,2026-10-06T10:22:01-05:00,2026-10-06T15:27:11.884Z,https://resultadoelectoral.onpe.gob.pe/main/elecciones-municipales
140124,SAN ISIDRO,00000098,AVANZA PAÍS - PARTIDO DE INTEGRACIÓN SOCIAL,9670,18.444,17.779,52430,54389,590,1369,282,272,10,0,96.454,2026-10-06T10:22:01-05:00,2026-10-06T15:27:11.884Z,https://resultadoelectoral.onpe.gob.pe/main/elecciones-municipales
140124,SAN ISIDRO,00000093,ACCIÓN POPULAR,1629,3.107,2.995,52430,54389,590,1369,282,272,10,0,96.454,2026-10-06T10:22:01-05:00,2026-10-06T15:27:11.884Z,https://resultadoelectoral.onpe.gob.pe/main/elecciones-municipales
140124,SAN ISIDRO,00000100,PODEMOS PERÚ,785,1.497,1.443,52430,54389,590,1369,282,272,10,0,96.454,2026-10-06T10:22:01-05:00,2026-10-06T15:27:11.884Z,https://resultadoelectoral.onpe.gob.pe/main/elecciones-municipales
140124,SAN ISIDRO,00000095,ALIANZA PARA EL PROGRESO,772,1.472,1.419,52430,54389,590,1369,282,272,10,0,96.454,2026-10-06T10:22:01-05:00,2026-10-06T15:27:11.884Z,https://resultadoelectoral.onpe.gob.pe/main/elecciones-municipales
140124,SAN ISIDRO,00000123,AHORA NACIÓN - AN,638,1.217,1.173,52430,54389,590,1369,282,272,10,0,96.454,2026-10-06T10:22:01-05:00,2026-10-06T15:27:11.884Z,https://resultadoelectoral.onpe.gob.pe/main/elecciones-municipales
140124,SAN ISIDRO,00000097,FUERZA POPULAR,592,1.129,1.088,52430,54389,590,1369,282,272,10,0,96.454,2026-10-06T10:22:01-05:00,2026-10-06T15:27:11.884Z,https://resultadoelectoral.onpe.gob.pe/main/elecciones-municipales
140124,SAN ISIDRO,00000117,PARTIDO CÍVICO OBRAS,237,0.452,0.436,52430,54389,590,1369,282,272,10,0,96.454,2026-10-06T10:22:01-05:00,2026-10-06T15:27:11.884Z,https://resultadoelectoral.onpe.gob.pe/main/elecciones-municipales
140124,SAN ISIDRO,00000118,PARTIDO POPULAR CRISTIANO - PPC,228,0.435,0.419,52430,54389,590,1369,282,272,10,0,96.454,2026-10-06T10:22:01-05:00,2026-10-06T15:27:11.884Z,https://resultadoelectoral.onpe.gob.pe/main/elecciones-municipales
140124,SAN ISIDRO,00000112,PARTIDO APRISTA PERUANO,216,0.412,0.397,52430,54389,590,1369,282,272,10,0,96.454,2026-10-06T10:22:01-05:00,2026-10-06T15:27:11.884Z,https://resultadoelectoral.onpe.gob.pe/main/elecciones-municipales
140124,SAN ISIDRO,00000096,JUNTOS POR EL PERÚ,195,0.372,0.359,52430,54389,590,1369,282,272,10,0,96.454,2026-10-06T10:22:01-05:00,2026-10-06T15:27:11.884Z,https://resultadoelectoral.onpe.gob.pe/main/elecciones-municipales
140124,SAN ISIDRO,00000122,PROGRESEMOS,149,0.284,0.274,52430,54389,590,1369,282,272,10,0,96.454,2026-10-06T10:22:01-05:00,2026-10-06T15:27:11.884Z,https://resultadoelectoral.onpe.gob.pe/main/elecciones-municipales
140124,SAN ISIDRO,00000121,PARTIDO DEL BUEN GOBIERNO,127,0.242,0.234,52430,54389,590,1369,282,272,10,0,96.454,2026-10-06T10:22:01-05:00,2026-10-06T15:27:11.884Z,https://resultadoelectoral.onpe.gob.pe/main/elecciones-municipales
140124,SAN ISIDRO,00000127,VISIÓN PERÚ,71,0.135,0.131,52430,54389,590,1369,282,272,10,0,96.454,2026-10-06T10:22:01-05:00,2026-10-06T15:27:11.884Z,https://resultadoelectoral.onpe.gob.pe/main/elecciones-municipales
140124,SAN ISIDRO,00000101,PARTIDO MORADO,65,0.124,0.12,52430,54389,590,1369,282,272,10,0,96.454,2026-10-06T10:22:01-05:00,2026-10-06T15:27:11.884Z,https://resultadoelectoral.onpe.gob.pe/main/elecciones-municipales
140124,SAN ISIDRO,00000102,PARTIDO FRENTE DE LA ESPERANZA 2021,62,0.118,0.114,52430,54389,590,1369,282,272,10,0,96.454,2026-10-06T10:22:01-05:00,2026-10-06T15:27:11.884Z,https://resultadoelectoral.onpe.gob.pe/main/elecciones-municipales
140124,SAN ISIDRO,00000105,PARTIDO DEMÓCRATA VERDE,57,0.109,0.105,52430,54389,590,1369,282,272,10,0,96.454,2026-10-06T10:22:01-05:00,2026-10-06T15:27:11.884Z,https://resultadoelectoral.onpe.gob.pe/main/elecciones-municipales
140124,SAN ISIDRO,00000107,FRENTE POPULAR AGRÍCOLA FÍA DEL PERÚ,45,0.086,0.083,52430,54389,590,1369,282,272,10,0,96.454,2026-10-06T10:22:01-05:00,2026-10-06T15:27:11.884Z,https://resultadoelectoral.onpe.gob.pe/main/elecciones-municipales
140124,SAN ISIDRO,00000135,ALIANZA ELECTORAL VENCEREMOS,38,0.072,0.07,52430,54389,590,1369,282,272,10,0,96.454,2026-10-06T10:22:01-05:00,2026-10-06T15:27:11.884Z,https://resultadoelectoral.onpe.gob.pe/main/elecciones-municipales
140124,SAN ISIDRO,00000099,PARTIDO POLÍTICO NACIONAL PERÚ LIBRE,34,0.065,0.063,52430,54389,590,1369,282,272,10,0,96.454,2026-10-06T10:22:01-05:00,2026-10-06T15:27:11.884Z,https://resultadoelectoral.onpe.gob.pe/main/elecciones-municipales
140124,SAN ISIDRO,00000104,PARTIDO PATRIÓTICO DEL PERÚ,24,0.046,0.044,52430,54389,590,1369,282,272,10,0,96.454,2026-10-06T10:22:01-05:00,2026-10-06T15:27:11.884Z,https://resultadoelectoral.onpe.gob.pe/main/elecciones-municipales
140124,SAN ISIDRO,00000124,COALICIÓN TRANSFORMADORA TIERRA VERDE,23,0.044,0.042,52430,54389,590,1369,282,272,10,0,96.454,2026-10-06T10:22:01-05:00,2026-10-06T15:27:11.884Z,https://resultadoelectoral.onpe.gob.pe/main/elecciones-municipales
140124,SAN ISIDRO,00000125,BATALLA PERÚ,10,0.019,0.018,52430,54389,590,1369,282,272,10,0,96.454,2026-10-06T10:22:01-05:00,2026-10-06T15:27:11.884Z,https://resultadoelectoral.onpe.gob.pe/main/elecciones-municipales
140124,SAN ISIDRO,00000132,FUERZA CIUDADANA,8,0.015,0.015,52430,54389,590,1369,282,272,10,0,96.454,2026-10-06T10:22:01-05:00,2026-10-06T15:27:11.884Z,https://resultadoelectoral.onpe.gob.pe/main/elecciones-municipales
140124,SAN ISIDRO,00000130,PARTIDO POLÍTICO PUEBLO CONSCIENTE,7,0.013,0.013,52430,54389,590,1369,282,272,10,0,96.454,2026-10-06T10:22:01-05:00,2026-10-06T15:27:11.884Z,https://resultadoelectoral.onpe.gob.pe/main/elecciones-municipales
140137,SAN JUAN DE LURIGANCHO,00000098,AVANZA PAÍS - PARTIDO DE INTEGRACIÓN SOCIAL,122229,22.269,20.266,548878,603111,16687,37546,2731,2556,175,0,93.592,2026-10-06T10:22:01-05:00,2026-10-06T15:27:21.013Z,https://resultadoelectoral.onpe.gob.pe/main/elecciones-municipales
140137,SAN JUAN DE LURIGANCHO,00000094,PARTIDO DEMOCRÁTICO SOMOS PERÚ,114752,20.907,19.027,548878,603111,16687,37546,2731,2556,175,0,93.592,2026-10-06T10:22:01-05:00,2026-10-06T15:27:21.013Z,https://resultadoelectoral.onpe.gob.pe/main/elecciones-municipales
140137,SAN JUAN DE LURIGANCHO,00000137,RENOVACIÓN POPULAR PERÚ,104456,19.031,17.32,548878,603111,16687,37546,2731,2556,175,0,93.592,2026-10-06T10:22:01-05:00,2026-10-06T15:27:21.013Z,https://resultadoelectoral.onpe.gob.pe/main/elecciones-municipales
140137,SAN JUAN DE LURIGANCHO,00000100,PODEMOS PERÚ,64210,11.698,10.646,548878,603111,16687,37546,2731,2556,175,0,93.592,2026-10-06T10:22:01-05:00,2026-10-06T15:27:21.013Z,https://resultadoelectoral.onpe.gob.pe/main/elecciones-municipales
140137,SAN JUAN DE LURIGANCHO,00000095,ALIANZA PARA EL PROGRESO,37098,6.759,6.151,548878,603111,16687,37546,2731,2556,175,0,93.592,2026-10-06T10:22:01-05:00,2026-10-06T15:27:21.013Z,https://resultadoelectoral.onpe.gob.pe/main/elecciones-municipales
140137,SAN JUAN DE LURIGANCHO,00000123,AHORA NACIÓN - AN,21385,3.896,3.546,548878,603111,16687,37546,2731,2556,175,0,93.592,2026-10-06T10:22:01-05:00,2026-10-06T15:27:21.013Z,https://resultadoelectoral.onpe.gob.pe/main/elecciones-municipales
140137,SAN JUAN DE LURIGANCHO,00000096,JUNTOS POR EL PERÚ,13649,2.487,2.263,548878,603111,16687,37546,2731,2556,175,0,93.592,2026-10-06T10:22:01-05:00,2026-10-06T15:27:21.013Z,https://resultadoelectoral.onpe.gob.pe/main/elecciones-municipales
140137,SAN JUAN DE LURIGANCHO,00000097,FUERZA POPULAR,12558,2.288,2.082,548878,603111,16687,37546,2731,2556,175,0,93.592,2026-10-06T10:22:01-05:00,2026-10-06T15:27:21.013Z,https://resultadoelectoral.onpe.gob.pe/main/elecciones-municipales
140137,SAN JUAN DE LURIGANCHO,00000117,PARTIDO CÍVICO OBRAS,12405,2.26,2.057,548878,603111,16687,37546,2731,2556,175,0,93.592,2026-10-06T10:22:01-05:00,2026-10-06T15:27:21.013Z,https://resultadoelectoral.onpe.gob.pe/main/elecciones-municipales
140137,SAN JUAN DE LURIGANCHO,00000093,ACCIÓN POPULAR,10956,1.996,1.817,548878,603111,16687,37546,2731,2556,175,0,93.592,2026-10-06T10:22:01-05:00,2026-10-06T15:27:21.013Z,https://resultadoelectoral.onpe.gob.pe/main/elecciones-municipales
140137,SAN JUAN DE LURIGANCHO,00000107,FRENTE POPULAR AGRÍCOLA FÍA DEL PERÚ,7565,1.378,1.254,548878,603111,16687,37546,2731,2556,175,0,93.592,2026-10-06T10:22:01-05:00,2026-10-06T15:27:21.013Z,https://resultadoelectoral.onpe.gob.pe/main/elecciones-municipales
140137,SAN JUAN DE LURIGANCHO,00000122,PROGRESEMOS,4576,0.834,0.759,548878,603111,16687,37546,2731,2556,175,0,93.592,2026-10-06T10:22:01-05:00,2026-10-06T15:27:21.013Z,https://resultadoelectoral.onpe.gob.pe/main/elecciones-municipales
140137,SAN JUAN DE LURIGANCHO,00000121,PARTIDO DEL BUEN GOBIERNO,4415,0.804,0.732,548878,603111,16687,37546,2731,2556,175,0,93.592,2026-10-06T10:22:01-05:00,2026-10-06T15:27:21.013Z,https://resultadoelectoral.onpe.gob.pe/main/elecciones-municipales
140137,SAN JUAN DE LURIGANCHO,00000105,PARTIDO DEMÓCRATA VERDE,4105,0.748,0.681,548878,603111,16687,37546,2731,2556,175,0,93.592,2026-10-06T10:22:01-05:00,2026-10-06T15:27:21.013Z,https://resultadoelectoral.onpe.gob.pe/main/elecciones-municipales
140137,SAN JUAN DE LURIGANCHO,00000102,PARTIDO FRENTE DE LA ESPERANZA 2021,2359,0.43,0.391,548878,603111,16687,37546,2731,2556,175,0,93.592,2026-10-06T10:22:01-05:00,2026-10-06T15:27:21.013Z,https://resultadoelectoral.onpe.gob.pe/main/elecciones-municipales
140137,SAN JUAN DE LURIGANCHO,00000112,PARTIDO APRISTA PERUANO,2025,0.369,0.336,548878,603111,16687,37546,2731,2556,175,0,93.592,2026-10-06T10:22:01-05:00,2026-10-06T15:27:21.013Z,https://resultadoelectoral.onpe.gob.pe/main/elecciones-municipales
140137,SAN JUAN DE LURIGANCHO,00000099,PARTIDO POLÍTICO NACIONAL PERÚ LIBRE,1843,0.336,0.306,548878,603111,16687,37546,2731,2556,175,0,93.592,2026-10-06T10:22:01-05:00,2026-10-06T15:27:21.013Z,https://resultadoelectoral.onpe.gob.pe/main/elecciones-municipales
140137,SAN JUAN DE LURIGANCHO,00000118,PARTIDO POPULAR CRISTIANO - PPC,1608,0.293,0.267,548878,603111,16687,37546,2731,2556,175,0,93.592,2026-10-06T10:22:01-05:00,2026-10-06T15:27:21.013Z,https://resultadoelectoral.onpe.gob.pe/main/elecciones-municipales
140137,SAN JUAN DE LURIGANCHO,00000135,ALIANZA ELECTORAL VENCEREMOS,1526,0.278,0.253,548878,603111,16687,37546,2731,2556,175,0,93.592,2026-10-06T10:22:01-05:00,2026-10-06T15:27:21.013Z,https://resultadoelectoral.onpe.gob.pe/main/elecciones-municipales
140137,SAN JUAN DE LURIGANCHO,00000124,COALICIÓN TRANSFORMADORA TIERRA VERDE,1264,0.23,0.21,548878,603111,16687,37546,2731,2556,175,0,93.592,2026-10-06T10:22:01-05:00,2026-10-06T15:27:21.013Z,https://resultadoelectoral.onpe.gob.pe/main/elecciones-municipales
140137,SAN JUAN DE LURIGANCHO,00000104,PARTIDO PATRIÓTICO DEL PERÚ,1133,0.206,0.188,548878,603111,16687,37546,2731,2556,175,0,93.592,2026-10-06T10:22:01-05:00,2026-10-06T15:27:21.013Z,https://resultadoelectoral.onpe.gob.pe/main/elecciones-municipales
140137,SAN JUAN DE LURIGANCHO,00000101,PARTIDO MORADO,1033,0.188,0.171,548878,603111,16687,37546,2731,2556,175,0,93.592,2026-10-06T10:22:01-05:00,2026-10-06T15:27:21.013Z,https://resultadoelectoral.onpe.gob.pe/main/elecciones-municipales
140137,SAN JUAN DE LURIGANCHO,00000127,VISIÓN PERÚ,521,0.095,0.086,548878,603111,16687,37546,2731,2556,175,0,93.592,2026-10-06T10:22:01-05:00,2026-10-06T15:27:21.013Z,https://resultadoelectoral.onpe.gob.pe/main/elecciones-municipales
140137,SAN JUAN DE LURIGANCHO,00000125,BATALLA PERÚ,445,0.081,0.074,548878,603111,16687,37546,2731,2556,175,0,93.592,2026-10-06T10:22:01-05:00,2026-10-06T15:27:21.013Z,https://resultadoelectoral.onpe.gob.pe/main/elecciones-municipales
140137,SAN JUAN DE LURIGANCHO,00000132,FUERZA CIUDADANA,403,0.073,0.067,548878,603111,16687,37546,2731,2556,175,0,93.592,2026-10-06T10:22:01-05:00,2026-10-06T15:27:21.013Z,https://resultadoelectoral.onpe.gob.pe/main/elecciones-municipales
140137,SAN JUAN DE LURIGANCHO,00000130,PARTIDO POLÍTICO PUEBLO CONSCIENTE,359,0.065,0.06,548878,603111,16687,37546,2731,2556,175,0,93.592,2026-10-06T10:22:01-05:00,2026-10-06T15:27:21.013Z,https://resultadoelectoral.onpe.gob.pe/main/elecciones-municipales
140136,SAN JUAN DE MIRAFLORES,00000137,RENOVACIÓN POPULAR PERÚ,64206,29.611,27.047,216829,237383,5825,14729,1115,1005,110,0,90.135,2026-10-06T10:22:01-05:00,2026-10-06T15:28:45.169Z,https://resultadoelectoral.onpe.gob.pe/main/elecciones-municipales
140136,SAN JUAN DE MIRAFLORES,00000098,AVANZA PAÍS - PARTIDO DE INTEGRACIÓN SOCIAL,42294,19.506,17.817,216829,237383,5825,14729,1115,1005,110,0,90.135,2026-10-06T10:22:01-05:00,2026-10-06T15:28:45.169Z,https://resultadoelectoral.onpe.gob.pe/main/elecciones-municipales
140136,SAN JUAN DE MIRAFLORES,00000094,PARTIDO DEMOCRÁTICO SOMOS PERÚ,26588,12.262,11.2,216829,237383,5825,14729,1115,1005,110,0,90.135,2026-10-06T10:22:01-05:00,2026-10-06T15:28:45.169Z,https://resultadoelectoral.onpe.gob.pe/main/elecciones-municipales
140136,SAN JUAN DE MIRAFLORES,00000095,ALIANZA PARA EL PROGRESO,16758,7.729,7.059,216829,237383,5825,14729,1115,1005,110,0,90.135,2026-10-06T10:22:01-05:00,2026-10-06T15:28:45.169Z,https://resultadoelectoral.onpe.gob.pe/main/elecciones-municipales
140136,SAN JUAN DE MIRAFLORES,00000100,PODEMOS PERÚ,13527,6.239,5.698,216829,237383,5825,14729,1115,1005,110,0,90.135,2026-10-06T10:22:01-05:00,2026-10-06T15:28:45.169Z,https://resultadoelectoral.onpe.gob.pe/main/elecciones-municipales
140136,SAN JUAN DE MIRAFLORES,00000102,PARTIDO FRENTE DE LA ESPERANZA 2021,12798,5.902,5.391,216829,237383,5825,14729,1115,1005,110,0,90.135,2026-10-06T10:22:01-05:00,2026-10-06T15:28:45.169Z,https://resultadoelectoral.onpe.gob.pe/main/elecciones-municipales
140136,SAN JUAN DE MIRAFLORES,00000097,FUERZA POPULAR,7105,3.277,2.993,216829,237383,5825,14729,1115,1005,110,0,90.135,2026-10-06T10:22:01-05:00,2026-10-06T15:28:45.169Z,https://resultadoelectoral.onpe.gob.pe/main/elecciones-municipales
140136,SAN JUAN DE MIRAFLORES,00000123,AHORA NACIÓN - AN,7102,3.275,2.992,216829,237383,5825,14729,1115,1005,110,0,90.135,2026-10-06T10:22:01-05:00,2026-10-06T15:28:45.169Z,https://resultadoelectoral.onpe.gob.pe/main/elecciones-municipales
140136,SAN JUAN DE MIRAFLORES,00000093,ACCIÓN POPULAR,4700,2.168,1.98,216829,237383,5825,14729,1115,1005,110,0,90.135,2026-10-06T10:22:01-05:00,2026-10-06T15:28:45.169Z,https://resultadoelectoral.onpe.gob.pe/main/elecciones-municipales
140136,SAN JUAN DE MIRAFLORES,00000107,FRENTE POPULAR AGRÍCOLA FÍA DEL PERÚ,4592,2.118,1.934,216829,237383,5825,14729,1115,1005,110,0,90.135,2026-10-06T10:22:01-05:00,2026-10-06T15:28:45.169Z,https://resultadoelectoral.onpe.gob.pe/main/elecciones-municipales
140136,SAN JUAN DE MIRAFLORES,00000117,PARTIDO CÍVICO OBRAS,4428,2.042,1.865,216829,237383,5825,14729,1115,1005,110,0,90.135,2026-10-06T10:22:01-05:00,2026-10-06T15:28:45.169Z,https://resultadoelectoral.onpe.gob.pe/main/elecciones-municipales
140136,SAN JUAN DE MIRAFLORES,00000096,JUNTOS POR EL PERÚ,4002,1.846,1.686,216829,237383,5825,14729,1115,1005,110,0,90.135,2026-10-06T10:22:01-05:00,2026-10-06T15:28:45.169Z,https://resultadoelectoral.onpe.gob.pe/main/elecciones-municipales
140136,SAN JUAN DE MIRAFLORES,00000121,PARTIDO DEL BUEN GOBIERNO,1967,0.907,0.829,216829,237383,5825,14729,1115,1005,110,0,90.135,2026-10-06T10:22:01-05:00,2026-10-06T15:28:45.169Z,https://resultadoelectoral.onpe.gob.pe/main/elecciones-municipales
140136,SAN JUAN DE MIRAFLORES,00000122,PROGRESEMOS,1487,0.686,0.626,216829,237383,5825,14729,1115,1005,110,0,90.135,2026-10-06T10:22:01-05:00,2026-10-06T15:28:45.169Z,https://resultadoelectoral.onpe.gob.pe/main/elecciones-municipales
140136,SAN JUAN DE MIRAFLORES,00000118,PARTIDO POPULAR CRISTIANO - PPC,705,0.325,0.297,216829,237383,5825,14729,1115,1005,110,0,90.135,2026-10-06T10:22:01-05:00,2026-10-06T15:28:45.169Z,https://resultadoelectoral.onpe.gob.pe/main/elecciones-municipales
140136,SAN JUAN DE MIRAFLORES,00000112,PARTIDO APRISTA PERUANO,667,0.308,0.281,216829,237383,5825,14729,1115,1005,110,0,90.135,2026-10-06T10:22:01-05:00,2026-10-06T15:28:45.169Z,https://resultadoelectoral.onpe.gob.pe/main/elecciones-municipales
140136,SAN JUAN DE MIRAFLORES,00000101,PARTIDO MORADO,653,0.301,0.275,216829,237383,5825,14729,1115,1005,110,0,90.135,2026-10-06T10:22:01-05:00,2026-10-06T15:28:45.169Z,https://resultadoelectoral.onpe.gob.pe/main/elecciones-municipales
140136,SAN JUAN DE MIRAFLORES,00000127,VISIÓN PERÚ,625,0.288,0.263,216829,237383,5825,14729,1115,1005,110,0,90.135,2026-10-06T10:22:01-05:00,2026-10-06T15:28:45.169Z,https://resultadoelectoral.onpe.gob.pe/main/elecciones-municipales
140136,SAN JUAN DE MIRAFLORES,00000099,PARTIDO POLÍTICO NACIONAL PERÚ LIBRE,548,0.253,0.231,216829,237383,5825,14729,1115,1005,110,0,90.135,2026-10-06T10:22:01-05:00,2026-10-06T15:28:45.169Z,https://resultadoelectoral.onpe.gob.pe/main/elecciones-municipales
140136,SAN JUAN DE MIRAFLORES,00000105,PARTIDO DEMÓCRATA VERDE,545,0.251,0.23,216829,237383,5825,14729,1115,1005,110,0,90.135,2026-10-06T10:22:01-05:00,2026-10-06T15:28:45.169Z,https://resultadoelectoral.onpe.gob.pe/main/elecciones-municipales
140136,SAN JUAN DE MIRAFLORES,00000104,PARTIDO PATRIÓTICO DEL PERÚ,453,0.209,0.191,216829,237383,5825,14729,1115,1005,110,0,90.135,2026-10-06T10:22:01-05:00,2026-10-06T15:28:45.169Z,https://resultadoelectoral.onpe.gob.pe/main/elecciones-municipales
140136,SAN JUAN DE MIRAFLORES,00000135,ALIANZA ELECTORAL VENCEREMOS,383,0.177,0.161,216829,237383,5825,14729,1115,1005,110,0,90.135,2026-10-06T10:22:01-05:00,2026-10-06T15:28:45.169Z,https://resultadoelectoral.onpe.gob.pe/main/elecciones-municipales
140136,SAN JUAN DE MIRAFLORES,00000124,COALICIÓN TRANSFORMADORA TIERRA VERDE,322,0.149,0.136,216829,237383,5825,14729,1115,1005,110,0,90.135,2026-10-06T10:22:01-05:00,2026-10-06T15:28:45.169Z,https://resultadoelectoral.onpe.gob.pe/main/elecciones-municipales
140136,SAN JUAN DE MIRAFLORES,00000125,BATALLA PERÚ,133,0.061,0.056,216829,237383,5825,14729,1115,1005,110,0,90.135,2026-10-06T10:22:01-05:00,2026-10-06T15:28:45.169Z,https://resultadoelectoral.onpe.gob.pe/main/elecciones-municipales
140136,SAN JUAN DE MIRAFLORES,00000130,PARTIDO POLÍTICO PUEBLO CONSCIENTE,123,0.057,0.052,216829,237383,5825,14729,1115,1005,110,0,90.135,2026-10-06T10:22:01-05:00,2026-10-06T15:28:45.169Z,https://resultadoelectoral.onpe.gob.pe/main/elecciones-municipales
140136,SAN JUAN DE MIRAFLORES,00000132,FUERZA CIUDADANA,118,0.054,0.05,216829,237383,5825,14729,1115,1005,110,0,90.135,2026-10-06T10:22:01-05:00,2026-10-06T15:28:45.169Z,https://resultadoelectoral.onpe.gob.pe/main/elecciones-municipales
140138,SAN LUIS,00000098,AVANZA PAÍS - PARTIDO DE INTEGRACIÓN SOCIAL,11595,29.376,27.627,39471,41970,792,1707,190,180,10,0,94.737,2026-10-06T10:22:01-05:00,2026-10-06T15:28:55.231Z,https://resultadoelectoral.onpe.gob.pe/main/elecciones-municipales
140138,SAN LUIS,00000137,RENOVACIÓN POPULAR PERÚ,11389,28.854,27.136,39471,41970,792,1707,190,180,10,0,94.737,2026-10-06T10:22:01-05:00,2026-10-06T15:28:55.231Z,https://resultadoelectoral.onpe.gob.pe/main/elecciones-municipales
140138,SAN LUIS,00000094,PARTIDO DEMOCRÁTICO SOMOS PERÚ,6141,15.558,14.632,39471,41970,792,1707,190,180,10,0,94.737,2026-10-06T10:22:01-05:00,2026-10-06T15:28:55.231Z,https://resultadoelectoral.onpe.gob.pe/main/elecciones-municipales
140138,SAN LUIS,00000100,PODEMOS PERÚ,2762,6.998,6.581,39471,41970,792,1707,190,180,10,0,94.737,2026-10-06T10:22:01-05:00,2026-10-06T15:28:55.231Z,https://resultadoelectoral.onpe.gob.pe/main/elecciones-municipales
140138,SAN LUIS,00000123,AHORA NACIÓN - AN,1381,3.499,3.29,39471,41970,792,1707,190,180,10,0,94.737,2026-10-06T10:22:01-05:00,2026-10-06T15:28:55.231Z,https://resultadoelectoral.onpe.gob.pe/main/elecciones-municipales
140138,SAN LUIS,00000093,ACCIÓN POPULAR,1260,3.192,3.002,39471,41970,792,1707,190,180,10,0,94.737,2026-10-06T10:22:01-05:00,2026-10-06T15:28:55.231Z,https://resultadoelectoral.onpe.gob.pe/main/elecciones-municipales
140138,SAN LUIS,00000095,ALIANZA PARA EL PROGRESO,1178,2.984,2.807,39471,41970,792,1707,190,180,10,0,94.737,2026-10-06T10:22:01-05:00,2026-10-06T15:28:55.231Z,https://resultadoelectoral.onpe.gob.pe/main/elecciones-municipales
140138,SAN LUIS,00000097,FUERZA POPULAR,756,1.915,1.801,39471,41970,792,1707,190,180,10,0,94.737,2026-10-06T10:22:01-05:00,2026-10-06T15:28:55.231Z,https://resultadoelectoral.onpe.gob.pe/main/elecciones-municipales
140138,SAN LUIS,00000117,PARTIDO CÍVICO OBRAS,531,1.345,1.265,39471,41970,792,1707,190,180,10,0,94.737,2026-10-06T10:22:01-05:00,2026-10-06T15:28:55.231Z,https://resultadoelectoral.onpe.gob.pe/main/elecciones-municipales
140138,SAN LUIS,00000127,VISIÓN PERÚ,487,1.234,1.16,39471,41970,792,1707,190,180,10,0,94.737,2026-10-06T10:22:01-05:00,2026-10-06T15:28:55.231Z,https://resultadoelectoral.onpe.gob.pe/main/elecciones-municipales
140138,SAN LUIS,00000096,JUNTOS POR EL PERÚ,393,0.996,0.936,39471,41970,792,1707,190,180,10,0,94.737,2026-10-06T10:22:01-05:00,2026-10-06T15:28:55.231Z,https://resultadoelectoral.onpe.gob.pe/main/elecciones-municipales
140138,SAN LUIS,00000118,PARTIDO POPULAR CRISTIANO - PPC,261,0.661,0.622,39471,41970,792,1707,190,180,10,0,94.737,2026-10-06T10:22:01-05:00,2026-10-06T15:28:55.231Z,https://resultadoelectoral.onpe.gob.pe/main/elecciones-municipales
140138,SAN LUIS,00000112,PARTIDO APRISTA PERUANO,209,0.53,0.498,39471,41970,792,1707,190,180,10,0,94.737,2026-10-06T10:22:01-05:00,2026-10-06T15:28:55.231Z,https://resultadoelectoral.onpe.gob.pe/main/elecciones-municipales
140138,SAN LUIS,00000105,PARTIDO DEMÓCRATA VERDE,208,0.527,0.496,39471,41970,792,1707,190,180,10,0,94.737,2026-10-06T10:22:01-05:00,2026-10-06T15:28:55.231Z,https://resultadoelectoral.onpe.gob.pe/main/elecciones-municipales
140138,SAN LUIS,00000122,PROGRESEMOS,195,0.494,0.465,39471,41970,792,1707,190,180,10,0,94.737,2026-10-06T10:22:01-05:00,2026-10-06T15:28:55.231Z,https://resultadoelectoral.onpe.gob.pe/main/elecciones-municipales
140138,SAN LUIS,00000121,PARTIDO DEL BUEN GOBIERNO,171,0.433,0.407,39471,41970,792,1707,190,180,10,0,94.737,2026-10-06T10:22:01-05:00,2026-10-06T15:28:55.231Z,https://resultadoelectoral.onpe.gob.pe/main/elecciones-municipales
140138,SAN LUIS,00000107,FRENTE POPULAR AGRÍCOLA FÍA DEL PERÚ,144,0.365,0.343,39471,41970,792,1707,190,180,10,0,94.737,2026-10-06T10:22:01-05:00,2026-10-06T15:28:55.231Z,https://resultadoelectoral.onpe.gob.pe/main/elecciones-municipales
140138,SAN LUIS,00000102,PARTIDO FRENTE DE LA ESPERANZA 2021,110,0.279,0.262,39471,41970,792,1707,190,180,10,0,94.737,2026-10-06T10:22:01-05:00,2026-10-06T15:28:55.231Z,https://resultadoelectoral.onpe.gob.pe/main/elecciones-municipales
140138,SAN LUIS,00000101,PARTIDO MORADO,60,0.152,0.143,39471,41970,792,1707,190,180,10,0,94.737,2026-10-06T10:22:01-05:00,2026-10-06T15:28:55.231Z,https://resultadoelectoral.onpe.gob.pe/main/elecciones-municipales
140138,SAN LUIS,00000099,PARTIDO POLÍTICO NACIONAL PERÚ LIBRE,57,0.144,0.136,39471,41970,792,1707,190,180,10,0,94.737,2026-10-06T10:22:01-05:00,2026-10-06T15:28:55.231Z,https://resultadoelectoral.onpe.gob.pe/main/elecciones-municipales
140138,SAN LUIS,00000135,ALIANZA ELECTORAL VENCEREMOS,48,0.122,0.114,39471,41970,792,1707,190,180,10,0,94.737,2026-10-06T10:22:01-05:00,2026-10-06T15:28:55.231Z,https://resultadoelectoral.onpe.gob.pe/main/elecciones-municipales
140138,SAN LUIS,00000104,PARTIDO PATRIÓTICO DEL PERÚ,39,0.099,0.093,39471,41970,792,1707,190,180,10,0,94.737,2026-10-06T10:22:01-05:00,2026-10-06T15:28:55.231Z,https://resultadoelectoral.onpe.gob.pe/main/elecciones-municipales
140138,SAN LUIS,00000124,COALICIÓN TRANSFORMADORA TIERRA VERDE,36,0.091,0.086,39471,41970,792,1707,190,180,10,0,94.737,2026-10-06T10:22:01-05:00,2026-10-06T15:28:55.231Z,https://resultadoelectoral.onpe.gob.pe/main/elecciones-municipales
140138,SAN LUIS,00000125,BATALLA PERÚ,22,0.056,0.052,39471,41970,792,1707,190,180,10,0,94.737,2026-10-06T10:22:01-05:00,2026-10-06T15:28:55.231Z,https://resultadoelectoral.onpe.gob.pe/main/elecciones-municipales
140138,SAN LUIS,00000130,PARTIDO POLÍTICO PUEBLO CONSCIENTE,22,0.056,0.052,39471,41970,792,1707,190,180,10,0,94.737,2026-10-06T10:22:01-05:00,2026-10-06T15:28:55.231Z,https://resultadoelectoral.onpe.gob.pe/main/elecciones-municipales
140138,SAN LUIS,00000132,FUERZA CIUDADANA,16,0.041,0.038,39471,41970,792,1707,190,180,10,0,94.737,2026-10-06T10:22:01-05:00,2026-10-06T15:28:55.231Z,https://resultadoelectoral.onpe.gob.pe/main/elecciones-municipales
140126,SAN MARTÍN DE PORRES,00000137,RENOVACIÓN POPULAR PERÚ,106466,30.657,27.975,347277,380576,10280,23019,1786,1658,128,0,92.833,2026-10-06T10:22:01-05:00,2026-10-06T15:29:06.073Z,https://resultadoelectoral.onpe.gob.pe/main/elecciones-municipales
140126,SAN MARTÍN DE PORRES,00000098,AVANZA PAÍS - PARTIDO DE INTEGRACIÓN SOCIAL,88980,25.622,23.38,347277,380576,10280,23019,1786,1658,128,0,92.833,2026-10-06T10:22:01-05:00,2026-10-06T15:29:06.073Z,https://resultadoelectoral.onpe.gob.pe/main/elecciones-municipales
140126,SAN MARTÍN DE PORRES,00000094,PARTIDO DEMOCRÁTICO SOMOS PERÚ,44720,12.877,11.751,347277,380576,10280,23019,1786,1658,128,0,92.833,2026-10-06T10:22:01-05:00,2026-10-06T15:29:06.073Z,https://resultadoelectoral.onpe.gob.pe/main/elecciones-municipales
140126,SAN MARTÍN DE PORRES,00000100,PODEMOS PERÚ,28776,8.286,7.561,347277,380576,10280,23019,1786,1658,128,0,92.833,2026-10-06T10:22:01-05:00,2026-10-06T15:29:06.073Z,https://resultadoelectoral.onpe.gob.pe/main/elecciones-municipales
140126,SAN MARTÍN DE PORRES,00000093,ACCIÓN POPULAR,15212,4.38,3.997,347277,380576,10280,23019,1786,1658,128,0,92.833,2026-10-06T10:22:01-05:00,2026-10-06T15:29:06.073Z,https://resultadoelectoral.onpe.gob.pe/main/elecciones-municipales
140126,SAN MARTÍN DE PORRES,00000123,AHORA NACIÓN - AN,13707,3.947,3.602,347277,380576,10280,23019,1786,1658,128,0,92.833,2026-10-06T10:22:01-05:00,2026-10-06T15:29:06.073Z,https://resultadoelectoral.onpe.gob.pe/main/elecciones-municipales
140126,SAN MARTÍN DE PORRES,00000097,FUERZA POPULAR,8960,2.58,2.354,347277,380576,10280,23019,1786,1658,128,0,92.833,2026-10-06T10:22:01-05:00,2026-10-06T15:29:06.073Z,https://resultadoelectoral.onpe.gob.pe/main/elecciones-municipales
140126,SAN MARTÍN DE PORRES,00000095,ALIANZA PARA EL PROGRESO,8266,2.38,2.172,347277,380576,10280,23019,1786,1658,128,0,92.833,2026-10-06T10:22:01-05:00,2026-10-06T15:29:06.073Z,https://resultadoelectoral.onpe.gob.pe/main/elecciones-municipales
140126,SAN MARTÍN DE PORRES,00000096,JUNTOS POR EL PERÚ,5779,1.664,1.518,347277,380576,10280,23019,1786,1658,128,0,92.833,2026-10-06T10:22:01-05:00,2026-10-06T15:29:06.073Z,https://resultadoelectoral.onpe.gob.pe/main/elecciones-municipales
140126,SAN MARTÍN DE PORRES,00000117,PARTIDO CÍVICO OBRAS,5136,1.479,1.35,347277,380576,10280,23019,1786,1658,128,0,92.833,2026-10-06T10:22:01-05:00,2026-10-06T15:29:06.073Z,https://resultadoelectoral.onpe.gob.pe/main/elecciones-municipales
140126,SAN MARTÍN DE PORRES,00000122,PROGRESEMOS,4133,1.19,1.086,347277,380576,10280,23019,1786,1658,128,0,92.833,2026-10-06T10:22:01-05:00,2026-10-06T15:29:06.073Z,https://resultadoelectoral.onpe.gob.pe/main/elecciones-municipales
140126,SAN MARTÍN DE PORRES,00000112,PARTIDO APRISTA PERUANO,2574,0.741,0.676,347277,380576,10280,23019,1786,1658,128,0,92.833,2026-10-06T10:22:01-05:00,2026-10-06T15:29:06.073Z,https://resultadoelectoral.onpe.gob.pe/main/elecciones-municipales
140126,SAN MARTÍN DE PORRES,00000121,PARTIDO DEL BUEN GOBIERNO,2380,0.685,0.625,347277,380576,10280,23019,1786,1658,128,0,92.833,2026-10-06T10:22:01-05:00,2026-10-06T15:29:06.073Z,https://resultadoelectoral.onpe.gob.pe/main/elecciones-municipales
140126,SAN MARTÍN DE PORRES,00000105,PARTIDO DEMÓCRATA VERDE,2355,0.678,0.619,347277,380576,10280,23019,1786,1658,128,0,92.833,2026-10-06T10:22:01-05:00,2026-10-06T15:29:06.073Z,https://resultadoelectoral.onpe.gob.pe/main/elecciones-municipales
140126,SAN MARTÍN DE PORRES,00000099,PARTIDO POLÍTICO NACIONAL PERÚ LIBRE,1832,0.528,0.481,347277,380576,10280,23019,1786,1658,128,0,92.833,2026-10-06T10:22:01-05:00,2026-10-06T15:29:06.073Z,https://resultadoelectoral.onpe.gob.pe/main/elecciones-municipales
140126,SAN MARTÍN DE PORRES,00000102,PARTIDO FRENTE DE LA ESPERANZA 2021,1536,0.442,0.404,347277,380576,10280,23019,1786,1658,128,0,92.833,2026-10-06T10:22:01-05:00,2026-10-06T15:29:06.073Z,https://resultadoelectoral.onpe.gob.pe/main/elecciones-municipales
140126,SAN MARTÍN DE PORRES,00000107,FRENTE POPULAR AGRÍCOLA FÍA DEL PERÚ,1476,0.425,0.388,347277,380576,10280,23019,1786,1658,128,0,92.833,2026-10-06T10:22:01-05:00,2026-10-06T15:29:06.073Z,https://resultadoelectoral.onpe.gob.pe/main/elecciones-municipales
140126,SAN MARTÍN DE PORRES,00000118,PARTIDO POPULAR CRISTIANO - PPC,1071,0.308,0.281,347277,380576,10280,23019,1786,1658,128,0,92.833,2026-10-06T10:22:01-05:00,2026-10-06T15:29:06.073Z,https://resultadoelectoral.onpe.gob.pe/main/elecciones-municipales
140126,SAN MARTÍN DE PORRES,00000101,PARTIDO MORADO,1011,0.291,0.266,347277,380576,10280,23019,1786,1658,128,0,92.833,2026-10-06T10:22:01-05:00,2026-10-06T15:29:06.073Z,https://resultadoelectoral.onpe.gob.pe/main/elecciones-municipales
140126,SAN MARTÍN DE PORRES,00000104,PARTIDO PATRIÓTICO DEL PERÚ,721,0.208,0.189,347277,380576,10280,23019,1786,1658,128,0,92.833,2026-10-06T10:22:01-05:00,2026-10-06T15:29:06.073Z,https://resultadoelectoral.onpe.gob.pe/main/elecciones-municipales
140126,SAN MARTÍN DE PORRES,00000135,ALIANZA ELECTORAL VENCEREMOS,673,0.194,0.177,347277,380576,10280,23019,1786,1658,128,0,92.833,2026-10-06T10:22:01-05:00,2026-10-06T15:29:06.073Z,https://resultadoelectoral.onpe.gob.pe/main/elecciones-municipales
140126,SAN MARTÍN DE PORRES,00000124,COALICIÓN TRANSFORMADORA TIERRA VERDE,465,0.134,0.122,347277,380576,10280,23019,1786,1658,128,0,92.833,2026-10-06T10:22:01-05:00,2026-10-06T15:29:06.073Z,https://resultadoelectoral.onpe.gob.pe/main/elecciones-municipales
140126,SAN MARTÍN DE PORRES,00000132,FUERZA CIUDADANA,296,0.085,0.078,347277,380576,10280,23019,1786,1658,128,0,92.833,2026-10-06T10:22:01-05:00,2026-10-06T15:29:06.073Z,https://resultadoelectoral.onpe.gob.pe/main/elecciones-municipales
140126,SAN MARTÍN DE PORRES,00000130,PARTIDO POLÍTICO PUEBLO CONSCIENTE,282,0.081,0.074,347277,380576,10280,23019,1786,1658,128,0,92.833,2026-10-06T10:22:01-05:00,2026-10-06T15:29:06.073Z,https://resultadoelectoral.onpe.gob.pe/main/elecciones-municipales
140126,SAN MARTÍN DE PORRES,00000125,BATALLA PERÚ,248,0.071,0.065,347277,380576,10280,23019,1786,1658,128,0,92.833,2026-10-06T10:22:01-05:00,2026-10-06T15:29:06.073Z,https://resultadoelectoral.onpe.gob.pe/main/elecciones-municipales
140126,SAN MARTÍN DE PORRES,00000127,VISIÓN PERÚ,222,0.064,0.058,347277,380576,10280,23019,1786,1658,128,0,92.833,2026-10-06T10:22:01-05:00,2026-10-06T15:29:06.073Z,https://resultadoelectoral.onpe.gob.pe/main/elecciones-municipales
140127,SAN MIGUEL,00000098,AVANZA PAÍS - PARTIDO DE INTEGRACIÓN SOCIAL,36047,35.603,33.74,101248,106838,1467,4123,507,472,35,0,93.097,2026-10-06T10:22:01-05:00,2026-10-06T15:29:13.285Z,https://resultadoelectoral.onpe.gob.pe/main/elecciones-municipales
140127,SAN MIGUEL,00000137,RENOVACIÓN POPULAR PERÚ,34164,33.743,31.977,101248,106838,1467,4123,507,472,35,0,93.097,2026-10-06T10:22:01-05:00,2026-10-06T15:29:13.285Z,https://resultadoelectoral.onpe.gob.pe/main/elecciones-municipales
140127,SAN MIGUEL,00000094,PARTIDO DEMOCRÁTICO SOMOS PERÚ,14910,14.726,13.956,101248,106838,1467,4123,507,472,35,0,93.097,2026-10-06T10:22:01-05:00,2026-10-06T15:29:13.285Z,https://resultadoelectoral.onpe.gob.pe/main/elecciones-municipales
140127,SAN MIGUEL,00000093,ACCIÓN POPULAR,3042,3.005,2.847,101248,106838,1467,4123,507,472,35,0,93.097,2026-10-06T10:22:01-05:00,2026-10-06T15:29:13.285Z,https://resultadoelectoral.onpe.gob.pe/main/elecciones-municipales
140127,SAN MIGUEL,00000100,PODEMOS PERÚ,2399,2.369,2.245,101248,106838,1467,4123,507,472,35,0,93.097,2026-10-06T10:22:01-05:00,2026-10-06T15:29:13.285Z,https://resultadoelectoral.onpe.gob.pe/main/elecciones-municipales
140127,SAN MIGUEL,00000123,AHORA NACIÓN - AN,2249,2.221,2.105,101248,106838,1467,4123,507,472,35,0,93.097,2026-10-06T10:22:01-05:00,2026-10-06T15:29:13.285Z,https://resultadoelectoral.onpe.gob.pe/main/elecciones-municipales
140127,SAN MIGUEL,00000097,FUERZA POPULAR,1397,1.38,1.308,101248,106838,1467,4123,507,472,35,0,93.097,2026-10-06T10:22:01-05:00,2026-10-06T15:29:13.285Z,https://resultadoelectoral.onpe.gob.pe/main/elecciones-municipales
140127,SAN MIGUEL,00000095,ALIANZA PARA EL PROGRESO,1378,1.361,1.29,101248,106838,1467,4123,507,472,35,0,93.097,2026-10-06T10:22:01-05:00,2026-10-06T15:29:13.285Z,https://resultadoelectoral.onpe.gob.pe/main/elecciones-municipales
140127,SAN MIGUEL,00000121,PARTIDO DEL BUEN GOBIERNO,1210,1.195,1.133,101248,106838,1467,4123,507,472,35,0,93.097,2026-10-06T10:22:01-05:00,2026-10-06T15:29:13.285Z,https://resultadoelectoral.onpe.gob.pe/main/elecciones-municipales
140127,SAN MIGUEL,00000122,PROGRESEMOS,1176,1.162,1.101,101248,106838,1467,4123,507,472,35,0,93.097,2026-10-06T10:22:01-05:00,2026-10-06T15:29:13.285Z,https://resultadoelectoral.onpe.gob.pe/main/elecciones-municipales
140127,SAN MIGUEL,00000112,PARTIDO APRISTA PERUANO,739,0.73,0.692,101248,106838,1467,4123,507,472,35,0,93.097,2026-10-06T10:22:01-05:00,2026-10-06T15:29:13.285Z,https://resultadoelectoral.onpe.gob.pe/main/elecciones-municipales
140127,SAN MIGUEL,00000117,PARTIDO CÍVICO OBRAS,651,0.643,0.609,101248,106838,1467,4123,507,472,35,0,93.097,2026-10-06T10:22:01-05:00,2026-10-06T15:29:13.285Z,https://resultadoelectoral.onpe.gob.pe/main/elecciones-municipales
140127,SAN MIGUEL,00000096,JUNTOS POR EL PERÚ,529,0.522,0.495,101248,106838,1467,4123,507,472,35,0,93.097,2026-10-06T10:22:01-05:00,2026-10-06T15:29:13.285Z,https://resultadoelectoral.onpe.gob.pe/main/elecciones-municipales
140127,SAN MIGUEL,00000101,PARTIDO MORADO,201,0.199,0.188,101248,106838,1467,4123,507,472,35,0,93.097,2026-10-06T10:22:01-05:00,2026-10-06T15:29:13.285Z,https://resultadoelectoral.onpe.gob.pe/main/elecciones-municipales
140127,SAN MIGUEL,00000102,PARTIDO FRENTE DE LA ESPERANZA 2021,196,0.194,0.183,101248,106838,1467,4123,507,472,35,0,93.097,2026-10-06T10:22:01-05:00,2026-10-06T15:29:13.285Z,https://resultadoelectoral.onpe.gob.pe/main/elecciones-municipales
140127,SAN MIGUEL,00000118,PARTIDO POPULAR CRISTIANO - PPC,195,0.193,0.183,101248,106838,1467,4123,507,472,35,0,93.097,2026-10-06T10:22:01-05:00,2026-10-06T15:29:13.285Z,https://resultadoelectoral.onpe.gob.pe/main/elecciones-municipales
140127,SAN MIGUEL,00000107,FRENTE POPULAR AGRÍCOLA FÍA DEL PERÚ,136,0.134,0.127,101248,106838,1467,4123,507,472,35,0,93.097,2026-10-06T10:22:01-05:00,2026-10-06T15:29:13.285Z,https://resultadoelectoral.onpe.gob.pe/main/elecciones-municipales
140127,SAN MIGUEL,00000135,ALIANZA ELECTORAL VENCEREMOS,123,0.121,0.115,101248,106838,1467,4123,507,472,35,0,93.097,2026-10-06T10:22:01-05:00,2026-10-06T15:29:13.285Z,https://resultadoelectoral.onpe.gob.pe/main/elecciones-municipales
140127,SAN MIGUEL,00000105,PARTIDO DEMÓCRATA VERDE,106,0.105,0.099,101248,106838,1467,4123,507,472,35,0,93.097,2026-10-06T10:22:01-05:00,2026-10-06T15:29:13.285Z,https://resultadoelectoral.onpe.gob.pe/main/elecciones-municipales
140127,SAN MIGUEL,00000099,PARTIDO POLÍTICO NACIONAL PERÚ LIBRE,101,0.1,0.095,101248,106838,1467,4123,507,472,35,0,93.097,2026-10-06T10:22:01-05:00,2026-10-06T15:29:13.285Z,https://resultadoelectoral.onpe.gob.pe/main/elecciones-municipales
140127,SAN MIGUEL,00000104,PARTIDO PATRIÓTICO DEL PERÚ,84,0.083,0.079,101248,106838,1467,4123,507,472,35,0,93.097,2026-10-06T10:22:01-05:00,2026-10-06T15:29:13.285Z,https://resultadoelectoral.onpe.gob.pe/main/elecciones-municipales
140127,SAN MIGUEL,00000124,COALICIÓN TRANSFORMADORA TIERRA VERDE,65,0.064,0.061,101248,106838,1467,4123,507,472,35,0,93.097,2026-10-06T10:22:01-05:00,2026-10-06T15:29:13.285Z,https://resultadoelectoral.onpe.gob.pe/main/elecciones-municipales
140127,SAN MIGUEL,00000132,FUERZA CIUDADANA,44,0.043,0.041,101248,106838,1467,4123,507,472,35,0,93.097,2026-10-06T10:22:01-05:00,2026-10-06T15:29:13.285Z,https://resultadoelectoral.onpe.gob.pe/main/elecciones-municipales
140127,SAN MIGUEL,00000127,VISIÓN PERÚ,42,0.041,0.039,101248,106838,1467,4123,507,472,35,0,93.097,2026-10-06T10:22:01-05:00,2026-10-06T15:29:13.285Z,https://resultadoelectoral.onpe.gob.pe/main/elecciones-municipales
140127,SAN MIGUEL,00000125,BATALLA PERÚ,36,0.036,0.034,101248,106838,1467,4123,507,472,35,0,93.097,2026-10-06T10:22:01-05:00,2026-10-06T15:29:13.285Z,https://resultadoelectoral.onpe.gob.pe/main/elecciones-municipales
140127,SAN MIGUEL,00000130,PARTIDO POLÍTICO PUEBLO CONSCIENTE,28,0.028,0.026,101248,106838,1467,4123,507,472,35,0,93.097,2026-10-06T10:22:01-05:00,2026-10-06T15:29:13.285Z,https://resultadoelectoral.onpe.gob.pe/main/elecciones-municipales
140143,SANTA ANITA,00000098,AVANZA PAÍS - PARTIDO DE INTEGRACIÓN SOCIAL,50838,38.466,36.058,132164,140989,3056,5769,631,585,46,0,92.71,2026-10-06T10:22:01-05:00,2026-10-06T15:29:20.440Z,https://resultadoelectoral.onpe.gob.pe/main/elecciones-municipales
140143,SANTA ANITA,00000137,RENOVACIÓN POPULAR PERÚ,29786,22.537,21.126,132164,140989,3056,5769,631,585,46,0,92.71,2026-10-06T10:22:01-05:00,2026-10-06T15:29:20.440Z,https://resultadoelectoral.onpe.gob.pe/main/elecciones-municipales
140143,SANTA ANITA,00000100,PODEMOS PERÚ,17234,13.04,12.224,132164,140989,3056,5769,631,585,46,0,92.71,2026-10-06T10:22:01-05:00,2026-10-06T15:29:20.440Z,https://resultadoelectoral.onpe.gob.pe/main/elecciones-municipales
140143,SANTA ANITA,00000094,PARTIDO DEMOCRÁTICO SOMOS PERÚ,9680,7.324,6.866,132164,140989,3056,5769,631,585,46,0,92.71,2026-10-06T10:22:01-05:00,2026-10-06T15:29:20.440Z,https://resultadoelectoral.onpe.gob.pe/main/elecciones-municipales
140143,SANTA ANITA,00000123,AHORA NACIÓN - AN,4200,3.178,2.979,132164,140989,3056,5769,631,585,46,0,92.71,2026-10-06T10:22:01-05:00,2026-10-06T15:29:20.440Z,https://resultadoelectoral.onpe.gob.pe/main/elecciones-municipales
140143,SANTA ANITA,00000096,JUNTOS POR EL PERÚ,3610,2.731,2.56,132164,140989,3056,5769,631,585,46,0,92.71,2026-10-06T10:22:01-05:00,2026-10-06T15:29:20.440Z,https://resultadoelectoral.onpe.gob.pe/main/elecciones-municipales
140143,SANTA ANITA,00000095,ALIANZA PARA EL PROGRESO,3056,2.312,2.168,132164,140989,3056,5769,631,585,46,0,92.71,2026-10-06T10:22:01-05:00,2026-10-06T15:29:20.440Z,https://resultadoelectoral.onpe.gob.pe/main/elecciones-municipales
140143,SANTA ANITA,00000117,PARTIDO CÍVICO OBRAS,2442,1.848,1.732,132164,140989,3056,5769,631,585,46,0,92.71,2026-10-06T10:22:01-05:00,2026-10-06T15:29:20.440Z,https://resultadoelectoral.onpe.gob.pe/main/elecciones-municipales
140143,SANTA ANITA,00000093,ACCIÓN POPULAR,2276,1.722,1.614,132164,140989,3056,5769,631,585,46,0,92.71,2026-10-06T10:22:01-05:00,2026-10-06T15:29:20.440Z,https://resultadoelectoral.onpe.gob.pe/main/elecciones-municipales
140143,SANTA ANITA,00000097,FUERZA POPULAR,1890,1.43,1.341,132164,140989,3056,5769,631,585,46,0,92.71,2026-10-06T10:22:01-05:00,2026-10-06T15:29:20.440Z,https://resultadoelectoral.onpe.gob.pe/main/elecciones-municipales
140143,SANTA ANITA,00000102,PARTIDO FRENTE DE LA ESPERANZA 2021,1783,1.349,1.265,132164,140989,3056,5769,631,585,46,0,92.71,2026-10-06T10:22:01-05:00,2026-10-06T15:29:20.440Z,https://resultadoelectoral.onpe.gob.pe/main/elecciones-municipales
140143,SANTA ANITA,00000107,FRENTE POPULAR AGRÍCOLA FÍA DEL PERÚ,1680,1.271,1.192,132164,140989,3056,5769,631,585,46,0,92.71,2026-10-06T10:22:01-05:00,2026-10-06T15:29:20.440Z,https://resultadoelectoral.onpe.gob.pe/main/elecciones-municipales
140143,SANTA ANITA,00000122,PROGRESEMOS,884,0.669,0.627,132164,140989,3056,5769,631,585,46,0,92.71,2026-10-06T10:22:01-05:00,2026-10-06T15:29:20.440Z,https://resultadoelectoral.onpe.gob.pe/main/elecciones-municipales
140143,SANTA ANITA,00000099,PARTIDO POLÍTICO NACIONAL PERÚ LIBRE,491,0.372,0.348,132164,140989,3056,5769,631,585,46,0,92.71,2026-10-06T10:22:01-05:00,2026-10-06T15:29:20.440Z,https://resultadoelectoral.onpe.gob.pe/main/elecciones-municipales
140143,SANTA ANITA,00000121,PARTIDO DEL BUEN GOBIERNO,486,0.368,0.345,132164,140989,3056,5769,631,585,46,0,92.71,2026-10-06T10:22:01-05:00,2026-10-06T15:29:20.440Z,https://resultadoelectoral.onpe.gob.pe/main/elecciones-municipales
140143,SANTA ANITA,00000112,PARTIDO APRISTA PERUANO,353,0.267,0.25,132164,140989,3056,5769,631,585,46,0,92.71,2026-10-06T10:22:01-05:00,2026-10-06T15:29:20.440Z,https://resultadoelectoral.onpe.gob.pe/main/elecciones-municipales
140143,SANTA ANITA,00000118,PARTIDO POPULAR CRISTIANO - PPC,245,0.185,0.174,132164,140989,3056,5769,631,585,46,0,92.71,2026-10-06T10:22:01-05:00,2026-10-06T15:29:20.440Z,https://resultadoelectoral.onpe.gob.pe/main/elecciones-municipales
140143,SANTA ANITA,00000135,ALIANZA ELECTORAL VENCEREMOS,244,0.185,0.173,132164,140989,3056,5769,631,585,46,0,92.71,2026-10-06T10:22:01-05:00,2026-10-06T15:29:20.440Z,https://resultadoelectoral.onpe.gob.pe/main/elecciones-municipales
140143,SANTA ANITA,00000105,PARTIDO DEMÓCRATA VERDE,235,0.178,0.167,132164,140989,3056,5769,631,585,46,0,92.71,2026-10-06T10:22:01-05:00,2026-10-06T15:29:20.440Z,https://resultadoelectoral.onpe.gob.pe/main/elecciones-municipales
140143,SANTA ANITA,00000101,PARTIDO MORADO,195,0.148,0.138,132164,140989,3056,5769,631,585,46,0,92.71,2026-10-06T10:22:01-05:00,2026-10-06T15:29:20.440Z,https://resultadoelectoral.onpe.gob.pe/main/elecciones-municipales
140143,SANTA ANITA,00000104,PARTIDO PATRIÓTICO DEL PERÚ,189,0.143,0.134,132164,140989,3056,5769,631,585,46,0,92.71,2026-10-06T10:22:01-05:00,2026-10-06T15:29:20.440Z,https://resultadoelectoral.onpe.gob.pe/main/elecciones-municipales
140143,SANTA ANITA,00000124,COALICIÓN TRANSFORMADORA TIERRA VERDE,112,0.085,0.079,132164,140989,3056,5769,631,585,46,0,92.71,2026-10-06T10:22:01-05:00,2026-10-06T15:29:20.440Z,https://resultadoelectoral.onpe.gob.pe/main/elecciones-municipales
140143,SANTA ANITA,00000125,BATALLA PERÚ,85,0.064,0.06,132164,140989,3056,5769,631,585,46,0,92.71,2026-10-06T10:22:01-05:00,2026-10-06T15:29:20.440Z,https://resultadoelectoral.onpe.gob.pe/main/elecciones-municipales
140143,SANTA ANITA,00000132,FUERZA CIUDADANA,67,0.051,0.048,132164,140989,3056,5769,631,585,46,0,92.71,2026-10-06T10:22:01-05:00,2026-10-06T15:29:20.440Z,https://resultadoelectoral.onpe.gob.pe/main/elecciones-municipales
140143,SANTA ANITA,00000127,VISIÓN PERÚ,53,0.04,0.038,132164,140989,3056,5769,631,585,46,0,92.71,2026-10-06T10:22:01-05:00,2026-10-06T15:29:20.440Z,https://resultadoelectoral.onpe.gob.pe/main/elecciones-municipales
140143,SANTA ANITA,00000130,PARTIDO POLÍTICO PUEBLO CONSCIENTE,50,0.038,0.035,132164,140989,3056,5769,631,585,46,0,92.71,2026-10-06T10:22:01-05:00,2026-10-06T15:29:20.440Z,https://resultadoelectoral.onpe.gob.pe/main/elecciones-municipales
140128,SANTA MARÍA DEL MAR,00000137,RENOVACIÓN POPULAR PERÚ,488,43.649,40.837,1118,1195,49,28,6,6,0,0,100,2026-10-06T10:22:01-05:00,2026-10-06T15:30:03.637Z,https://resultadoelectoral.onpe.gob.pe/main/elecciones-municipales
140128,SANTA MARÍA DEL MAR,00000098,AVANZA PAÍS - PARTIDO DE INTEGRACIÓN SOCIAL,246,22.004,20.586,1118,1195,49,28,6,6,0,0,100,2026-10-06T10:22:01-05:00,2026-10-06T15:30:03.637Z,https://resultadoelectoral.onpe.gob.pe/main/elecciones-municipales
140128,SANTA MARÍA DEL MAR,00000094,PARTIDO DEMOCRÁTICO SOMOS PERÚ,127,11.36,10.628,1118,1195,49,28,6,6,0,0,100,2026-10-06T10:22:01-05:00,2026-10-06T15:30:03.637Z,https://resultadoelectoral.onpe.gob.pe/main/elecciones-municipales
140128,SANTA MARÍA DEL MAR,00000118,PARTIDO POPULAR CRISTIANO - PPC,90,8.05,7.531,1118,1195,49,28,6,6,0,0,100,2026-10-06T10:22:01-05:00,2026-10-06T15:30:03.637Z,https://resultadoelectoral.onpe.gob.pe/main/elecciones-municipales
140128,SANTA MARÍA DEL MAR,00000095,ALIANZA PARA EL PROGRESO,52,4.651,4.351,1118,1195,49,28,6,6,0,0,100,2026-10-06T10:22:01-05:00,2026-10-06T15:30:03.637Z,https://resultadoelectoral.onpe.gob.pe/main/elecciones-municipales
140128,SANTA MARÍA DEL MAR,00000123,AHORA NACIÓN - AN,28,2.504,2.343,1118,1195,49,28,6,6,0,0,100,2026-10-06T10:22:01-05:00,2026-10-06T15:30:03.637Z,https://resultadoelectoral.onpe.gob.pe/main/elecciones-municipales
140128,SANTA MARÍA DEL MAR,00000100,PODEMOS PERÚ,25,2.236,2.092,1118,1195,49,28,6,6,0,0,100,2026-10-06T10:22:01-05:00,2026-10-06T15:30:03.637Z,https://resultadoelectoral.onpe.gob.pe/main/elecciones-municipales
140128,SANTA MARÍA DEL MAR,00000117,PARTIDO CÍVICO OBRAS,15,1.342,1.255,1118,1195,49,28,6,6,0,0,100,2026-10-06T10:22:01-05:00,2026-10-06T15:30:03.637Z,https://resultadoelectoral.onpe.gob.pe/main/elecciones-municipales
140128,SANTA MARÍA DEL MAR,00000093,ACCIÓN POPULAR,13,1.163,1.088,1118,1195,49,28,6,6,0,0,100,2026-10-06T10:22:01-05:00,2026-10-06T15:30:03.637Z,https://resultadoelectoral.onpe.gob.pe/main/elecciones-municipales
140128,SANTA MARÍA DEL MAR,00000122,PROGRESEMOS,10,0.894,0.837,1118,1195,49,28,6,6,0,0,100,2026-10-06T10:22:01-05:00,2026-10-06T15:30:03.637Z,https://resultadoelectoral.onpe.gob.pe/main/elecciones-municipales
140128,SANTA MARÍA DEL MAR,00000096,JUNTOS POR EL PERÚ,3,0.268,0.251,1118,1195,49,28,6,6,0,0,100,2026-10-06T10:22:01-05:00,2026-10-06T15:30:03.637Z,https://resultadoelectoral.onpe.gob.pe/main/elecciones-municipales
140128,SANTA MARÍA DEL MAR,00000107,FRENTE POPULAR AGRÍCOLA FÍA DEL PERÚ,3,0.268,0.251,1118,1195,49,28,6,6,0,0,100,2026-10-06T10:22:01-05:00,2026-10-06T15:30:03.637Z,https://resultadoelectoral.onpe.gob.pe/main/elecciones-municipales
140128,SANTA MARÍA DEL MAR,00000097,FUERZA POPULAR,3,0.268,0.251,1118,1195,49,28,6,6,0,0,100,2026-10-06T10:22:01-05:00,2026-10-06T15:30:03.637Z,https://resultadoelectoral.onpe.gob.pe/main/elecciones-municipales
140128,SANTA MARÍA DEL MAR,00000099,PARTIDO POLÍTICO NACIONAL PERÚ LIBRE,2,0.179,0.167,1118,1195,49,28,6,6,0,0,100,2026-10-06T10:22:01-05:00,2026-10-06T15:30:03.637Z,https://resultadoelectoral.onpe.gob.pe/main/elecciones-municipales
140128,SANTA MARÍA DEL MAR,00000124,COALICIÓN TRANSFORMADORA TIERRA VERDE,2,0.179,0.167,1118,1195,49,28,6,6,0,0,100,2026-10-06T10:22:01-05:00,2026-10-06T15:30:03.637Z,https://resultadoelectoral.onpe.gob.pe/main/elecciones-municipales
140128,SANTA MARÍA DEL MAR,00000105,PARTIDO DEMÓCRATA VERDE,2,0.179,0.167,1118,1195,49,28,6,6,0,0,100,2026-10-06T10:22:01-05:00,2026-10-06T15:30:03.637Z,https://resultadoelectoral.onpe.gob.pe/main/elecciones-municipales
140128,SANTA MARÍA DEL MAR,00000112,PARTIDO APRISTA PERUANO,2,0.179,0.167,1118,1195,49,28,6,6,0,0,100,2026-10-06T10:22:01-05:00,2026-10-06T15:30:03.637Z,https://resultadoelectoral.onpe.gob.pe/main/elecciones-municipales
140128,SANTA MARÍA DEL MAR,00000135,ALIANZA ELECTORAL VENCEREMOS,2,0.179,0.167,1118,1195,49,28,6,6,0,0,100,2026-10-06T10:22:01-05:00,2026-10-06T15:30:03.637Z,https://resultadoelectoral.onpe.gob.pe/main/elecciones-municipales
140128,SANTA MARÍA DEL MAR,00000102,PARTIDO FRENTE DE LA ESPERANZA 2021,1,0.089,0.084,1118,1195,49,28,6,6,0,0,100,2026-10-06T10:22:01-05:00,2026-10-06T15:30:03.637Z,https://resultadoelectoral.onpe.gob.pe/main/elecciones-municipales
140128,SANTA MARÍA DEL MAR,00000127,VISIÓN PERÚ,1,0.089,0.084,1118,1195,49,28,6,6,0,0,100,2026-10-06T10:22:01-05:00,2026-10-06T15:30:03.637Z,https://resultadoelectoral.onpe.gob.pe/main/elecciones-municipales
140128,SANTA MARÍA DEL MAR,00000132,FUERZA CIUDADANA,1,0.089,0.084,1118,1195,49,28,6,6,0,0,100,2026-10-06T10:22:01-05:00,2026-10-06T15:30:03.637Z,https://resultadoelectoral.onpe.gob.pe/main/elecciones-municipales
140128,SANTA MARÍA DEL MAR,00000121,PARTIDO DEL BUEN GOBIERNO,1,0.089,0.084,1118,1195,49,28,6,6,0,0,100,2026-10-06T10:22:01-05:00,2026-10-06T15:30:03.637Z,https://resultadoelectoral.onpe.gob.pe/main/elecciones-municipales
140128,SANTA MARÍA DEL MAR,00000101,PARTIDO MORADO,1,0.089,0.084,1118,1195,49,28,6,6,0,0,100,2026-10-06T10:22:01-05:00,2026-10-06T15:30:03.637Z,https://resultadoelectoral.onpe.gob.pe/main/elecciones-municipales
140128,SANTA MARÍA DEL MAR,00000104,PARTIDO PATRIÓTICO DEL PERÚ,0,0,0,1118,1195,49,28,6,6,0,0,100,2026-10-06T10:22:01-05:00,2026-10-06T15:30:03.637Z,https://resultadoelectoral.onpe.gob.pe/main/elecciones-municipales
140128,SANTA MARÍA DEL MAR,00000125,BATALLA PERÚ,0,0,0,1118,1195,49,28,6,6,0,0,100,2026-10-06T10:22:01-05:00,2026-10-06T15:30:03.637Z,https://resultadoelectoral.onpe.gob.pe/main/elecciones-municipales
140128,SANTA MARÍA DEL MAR,00000130,PARTIDO POLÍTICO PUEBLO CONSCIENTE,0,0,0,1118,1195,49,28,6,6,0,0,100,2026-10-06T10:22:01-05:00,2026-10-06T15:30:03.637Z,https://resultadoelectoral.onpe.gob.pe/main/elecciones-municipales
140129,SANTA ROSA,00000137,RENOVACIÓN POPULAR PERÚ,4068,30.404,27.401,13380,14846,421,1045,68,66,2,0,97.059,2026-10-06T10:26:01-05:00,2026-10-06T15:30:10.754Z,https://resultadoelectoral.onpe.gob.pe/main/elecciones-municipales
140129,SANTA ROSA,00000100,PODEMOS PERÚ,2042,15.262,13.755,13380,14846,421,1045,68,66,2,0,97.059,2026-10-06T10:26:01-05:00,2026-10-06T15:30:10.754Z,https://resultadoelectoral.onpe.gob.pe/main/elecciones-municipales
140129,SANTA ROSA,00000093,ACCIÓN POPULAR,1909,14.268,12.859,13380,14846,421,1045,68,66,2,0,97.059,2026-10-06T10:26:01-05:00,2026-10-06T15:30:10.754Z,https://resultadoelectoral.onpe.gob.pe/main/elecciones-municipales
140129,SANTA ROSA,00000098,AVANZA PAÍS - PARTIDO DE INTEGRACIÓN SOCIAL,1853,13.849,12.481,13380,14846,421,1045,68,66,2,0,97.059,2026-10-06T10:26:01-05:00,2026-10-06T15:30:10.754Z,https://resultadoelectoral.onpe.gob.pe/main/elecciones-municipales
140129,SANTA ROSA,00000094,PARTIDO DEMOCRÁTICO SOMOS PERÚ,1042,7.788,7.019,13380,14846,421,1045,68,66,2,0,97.059,2026-10-06T10:26:01-05:00,2026-10-06T15:30:10.754Z,https://resultadoelectoral.onpe.gob.pe/main/elecciones-municipales
140129,SANTA ROSA,00000105,PARTIDO DEMÓCRATA VERDE,701,5.239,4.722,13380,14846,421,1045,68,66,2,0,97.059,2026-10-06T10:26:01-05:00,2026-10-06T15:30:10.754Z,https://resultadoelectoral.onpe.gob.pe/main/elecciones-municipales
140129,SANTA ROSA,00000097,FUERZA POPULAR,319,2.384,2.149,13380,14846,421,1045,68,66,2,0,97.059,2026-10-06T10:26:01-05:00,2026-10-06T15:30:10.754Z,https://resultadoelectoral.onpe.gob.pe/main/elecciones-municipales
140129,SANTA ROSA,00000123,AHORA NACIÓN - AN,309,2.309,2.081,13380,14846,421,1045,68,66,2,0,97.059,2026-10-06T10:26:01-05:00,2026-10-06T15:30:10.754Z,https://resultadoelectoral.onpe.gob.pe/main/elecciones-municipales
140129,SANTA ROSA,00000117,PARTIDO CÍVICO OBRAS,252,1.883,1.697,13380,14846,421,1045,68,66,2,0,97.059,2026-10-06T10:26:01-05:00,2026-10-06T15:30:10.754Z,https://resultadoelectoral.onpe.gob.pe/main/elecciones-municipales
140129,SANTA ROSA,00000096,JUNTOS POR EL PERÚ,222,1.659,1.495,13380,14846,421,1045,68,66,2,0,97.059,2026-10-06T10:26:01-05:00,2026-10-06T15:30:10.754Z,https://resultadoelectoral.onpe.gob.pe/main/elecciones-municipales
140129,SANTA ROSA,00000095,ALIANZA PARA EL PROGRESO,209,1.562,1.408,13380,14846,421,1045,68,66,2,0,97.059,2026-10-06T10:26:01-05:00,2026-10-06T15:30:10.754Z,https://resultadoelectoral.onpe.gob.pe/main/elecciones-municipales
140129,SANTA ROSA,00000107,FRENTE POPULAR AGRÍCOLA FÍA DEL PERÚ,98,0.732,0.66,13380,14846,421,1045,68,66,2,0,97.059,2026-10-06T10:26:01-05:00,2026-10-06T15:30:10.754Z,https://resultadoelectoral.onpe.gob.pe/main/elecciones-municipales
140129,SANTA ROSA,00000122,PROGRESEMOS,92,0.688,0.62,13380,14846,421,1045,68,66,2,0,97.059,2026-10-06T10:26:01-05:00,2026-10-06T15:30:10.754Z,https://resultadoelectoral.onpe.gob.pe/main/elecciones-municipales
140129,SANTA ROSA,00000121,PARTIDO DEL BUEN GOBIERNO,54,0.404,0.364,13380,14846,421,1045,68,66,2,0,97.059,2026-10-06T10:26:01-05:00,2026-10-06T15:30:10.754Z,https://resultadoelectoral.onpe.gob.pe/main/elecciones-municipales
140129,SANTA ROSA,00000102,PARTIDO FRENTE DE LA ESPERANZA 2021,38,0.284,0.256,13380,14846,421,1045,68,66,2,0,97.059,2026-10-06T10:26:01-05:00,2026-10-06T15:30:10.754Z,https://resultadoelectoral.onpe.gob.pe/main/elecciones-municipales
140129,SANTA ROSA,00000099,PARTIDO POLÍTICO NACIONAL PERÚ LIBRE,34,0.254,0.229,13380,14846,421,1045,68,66,2,0,97.059,2026-10-06T10:26:01-05:00,2026-10-06T15:30:10.754Z,https://resultadoelectoral.onpe.gob.pe/main/elecciones-municipales
140129,SANTA ROSA,00000135,ALIANZA ELECTORAL VENCEREMOS,32,0.239,0.216,13380,14846,421,1045,68,66,2,0,97.059,2026-10-06T10:26:01-05:00,2026-10-06T15:30:10.754Z,https://resultadoelectoral.onpe.gob.pe/main/elecciones-municipales
140129,SANTA ROSA,00000104,PARTIDO PATRIÓTICO DEL PERÚ,28,0.209,0.189,13380,14846,421,1045,68,66,2,0,97.059,2026-10-06T10:26:01-05:00,2026-10-06T15:30:10.754Z,https://resultadoelectoral.onpe.gob.pe/main/elecciones-municipales
140129,SANTA ROSA,00000112,PARTIDO APRISTA PERUANO,19,0.142,0.128,13380,14846,421,1045,68,66,2,0,97.059,2026-10-06T10:26:01-05:00,2026-10-06T15:30:10.754Z,https://resultadoelectoral.onpe.gob.pe/main/elecciones-municipales
140129,SANTA ROSA,00000101,PARTIDO MORADO,16,0.12,0.108,13380,14846,421,1045,68,66,2,0,97.059,2026-10-06T10:26:01-05:00,2026-10-06T15:30:10.754Z,https://resultadoelectoral.onpe.gob.pe/main/elecciones-municipales
140129,SANTA ROSA,00000118,PARTIDO POPULAR CRISTIANO - PPC,14,0.105,0.094,13380,14846,421,1045,68,66,2,0,97.059,2026-10-06T10:26:01-05:00,2026-10-06T15:30:10.754Z,https://resultadoelectoral.onpe.gob.pe/main/elecciones-municipales
140129,SANTA ROSA,00000130,PARTIDO POLÍTICO PUEBLO CONSCIENTE,11,0.082,0.074,13380,14846,421,1045,68,66,2,0,97.059,2026-10-06T10:26:01-05:00,2026-10-06T15:30:10.754Z,https://resultadoelectoral.onpe.gob.pe/main/elecciones-municipales
140129,SANTA ROSA,00000124,COALICIÓN TRANSFORMADORA TIERRA VERDE,6,0.045,0.04,13380,14846,421,1045,68,66,2,0,97.059,2026-10-06T10:26:01-05:00,2026-10-06T15:30:10.754Z,https://resultadoelectoral.onpe.gob.pe/main/elecciones-municipales
140129,SANTA ROSA,00000125,BATALLA PERÚ,5,0.037,0.034,13380,14846,421,1045,68,66,2,0,97.059,2026-10-06T10:26:01-05:00,2026-10-06T15:30:10.754Z,https://resultadoelectoral.onpe.gob.pe/main/elecciones-municipales
140129,SANTA ROSA,00000132,FUERZA CIUDADANA,4,0.03,0.027,13380,14846,421,1045,68,66,2,0,97.059,2026-10-06T10:26:01-05:00,2026-10-06T15:30:10.754Z,https://resultadoelectoral.onpe.gob.pe/main/elecciones-municipales
140129,SANTA ROSA,00000127,VISIÓN PERÚ,3,0.022,0.02,13380,14846,421,1045,68,66,2,0,97.059,2026-10-06T10:26:01-05:00,2026-10-06T15:30:10.754Z,https://resultadoelectoral.onpe.gob.pe/main/elecciones-municipales
140130,SANTIAGO DE SURCO,00000137,RENOVACIÓN POPULAR PERÚ,88472,39.201,37.638,225688,235061,2493,6880,1179,1065,114,0,90.331,2026-10-06T10:26:01-05:00,2026-10-06T15:30:22.071Z,https://resultadoelectoral.onpe.gob.pe/main/elecciones-municipales
140130,SANTIAGO DE SURCO,00000094,PARTIDO DEMOCRÁTICO SOMOS PERÚ,77967,34.546,33.169,225688,235061,2493,6880,1179,1065,114,0,90.331,2026-10-06T10:26:01-05:00,2026-10-06T15:30:22.071Z,https://resultadoelectoral.onpe.gob.pe/main/elecciones-municipales
140130,SANTIAGO DE SURCO,00000098,AVANZA PAÍS - PARTIDO DE INTEGRACIÓN SOCIAL,30398,13.469,12.932,225688,235061,2493,6880,1179,1065,114,0,90.331,2026-10-06T10:26:01-05:00,2026-10-06T15:30:22.071Z,https://resultadoelectoral.onpe.gob.pe/main/elecciones-municipales
140130,SANTIAGO DE SURCO,00000100,PODEMOS PERÚ,4890,2.167,2.08,225688,235061,2493,6880,1179,1065,114,0,90.331,2026-10-06T10:26:01-05:00,2026-10-06T15:30:22.071Z,https://resultadoelectoral.onpe.gob.pe/main/elecciones-municipales
140130,SANTIAGO DE SURCO,00000095,ALIANZA PARA EL PROGRESO,4738,2.099,2.016,225688,235061,2493,6880,1179,1065,114,0,90.331,2026-10-06T10:26:01-05:00,2026-10-06T15:30:22.071Z,https://resultadoelectoral.onpe.gob.pe/main/elecciones-municipales
140130,SANTIAGO DE SURCO,00000093,ACCIÓN POPULAR,3819,1.692,1.625,225688,235061,2493,6880,1179,1065,114,0,90.331,2026-10-06T10:26:01-05:00,2026-10-06T15:30:22.071Z,https://resultadoelectoral.onpe.gob.pe/main/elecciones-municipales
140130,SANTIAGO DE SURCO,00000123,AHORA NACIÓN - AN,3580,1.586,1.523,225688,235061,2493,6880,1179,1065,114,0,90.331,2026-10-06T10:26:01-05:00,2026-10-06T15:30:22.071Z,https://resultadoelectoral.onpe.gob.pe/main/elecciones-municipales
140130,SANTIAGO DE SURCO,00000097,FUERZA POPULAR,2735,1.212,1.164,225688,235061,2493,6880,1179,1065,114,0,90.331,2026-10-06T10:26:01-05:00,2026-10-06T15:30:22.071Z,https://resultadoelectoral.onpe.gob.pe/main/elecciones-municipales
140130,SANTIAGO DE SURCO,00000122,PROGRESEMOS,1454,0.644,0.619,225688,235061,2493,6880,1179,1065,114,0,90.331,2026-10-06T10:26:01-05:00,2026-10-06T15:30:22.071Z,https://resultadoelectoral.onpe.gob.pe/main/elecciones-municipales
140130,SANTIAGO DE SURCO,00000117,PARTIDO CÍVICO OBRAS,1381,0.612,0.588,225688,235061,2493,6880,1179,1065,114,0,90.331,2026-10-06T10:26:01-05:00,2026-10-06T15:30:22.071Z,https://resultadoelectoral.onpe.gob.pe/main/elecciones-municipales
140130,SANTIAGO DE SURCO,00000096,JUNTOS POR EL PERÚ,1245,0.552,0.53,225688,235061,2493,6880,1179,1065,114,0,90.331,2026-10-06T10:26:01-05:00,2026-10-06T15:30:22.071Z,https://resultadoelectoral.onpe.gob.pe/main/elecciones-municipales
140130,SANTIAGO DE SURCO,00000112,PARTIDO APRISTA PERUANO,957,0.424,0.407,225688,235061,2493,6880,1179,1065,114,0,90.331,2026-10-06T10:26:01-05:00,2026-10-06T15:30:22.071Z,https://resultadoelectoral.onpe.gob.pe/main/elecciones-municipales
140130,SANTIAGO DE SURCO,00000118,PARTIDO POPULAR CRISTIANO - PPC,677,0.3,0.288,225688,235061,2493,6880,1179,1065,114,0,90.331,2026-10-06T10:26:01-05:00,2026-10-06T15:30:22.071Z,https://resultadoelectoral.onpe.gob.pe/main/elecciones-municipales
140130,SANTIAGO DE SURCO,00000121,PARTIDO DEL BUEN GOBIERNO,639,0.283,0.272,225688,235061,2493,6880,1179,1065,114,0,90.331,2026-10-06T10:26:01-05:00,2026-10-06T15:30:22.071Z,https://resultadoelectoral.onpe.gob.pe/main/elecciones-municipales
140130,SANTIAGO DE SURCO,00000107,FRENTE POPULAR AGRÍCOLA FÍA DEL PERÚ,535,0.237,0.228,225688,235061,2493,6880,1179,1065,114,0,90.331,2026-10-06T10:26:01-05:00,2026-10-06T15:30:22.071Z,https://resultadoelectoral.onpe.gob.pe/main/elecciones-municipales
140130,SANTIAGO DE SURCO,00000102,PARTIDO FRENTE DE LA ESPERANZA 2021,438,0.194,0.186,225688,235061,2493,6880,1179,1065,114,0,90.331,2026-10-06T10:26:01-05:00,2026-10-06T15:30:22.071Z,https://resultadoelectoral.onpe.gob.pe/main/elecciones-municipales
140130,SANTIAGO DE SURCO,00000105,PARTIDO DEMÓCRATA VERDE,385,0.171,0.164,225688,235061,2493,6880,1179,1065,114,0,90.331,2026-10-06T10:26:01-05:00,2026-10-06T15:30:22.071Z,https://resultadoelectoral.onpe.gob.pe/main/elecciones-municipales
140130,SANTIAGO DE SURCO,00000101,PARTIDO MORADO,282,0.125,0.12,225688,235061,2493,6880,1179,1065,114,0,90.331,2026-10-06T10:26:01-05:00,2026-10-06T15:30:22.071Z,https://resultadoelectoral.onpe.gob.pe/main/elecciones-municipales
140130,SANTIAGO DE SURCO,00000124,COALICIÓN TRANSFORMADORA TIERRA VERDE,224,0.099,0.095,225688,235061,2493,6880,1179,1065,114,0,90.331,2026-10-06T10:26:01-05:00,2026-10-06T15:30:22.071Z,https://resultadoelectoral.onpe.gob.pe/main/elecciones-municipales
140130,SANTIAGO DE SURCO,00000099,PARTIDO POLÍTICO NACIONAL PERÚ LIBRE,219,0.097,0.093,225688,235061,2493,6880,1179,1065,114,0,90.331,2026-10-06T10:26:01-05:00,2026-10-06T15:30:22.071Z,https://resultadoelectoral.onpe.gob.pe/main/elecciones-municipales
140130,SANTIAGO DE SURCO,00000135,ALIANZA ELECTORAL VENCEREMOS,211,0.093,0.09,225688,235061,2493,6880,1179,1065,114,0,90.331,2026-10-06T10:26:01-05:00,2026-10-06T15:30:22.071Z,https://resultadoelectoral.onpe.gob.pe/main/elecciones-municipales
140130,SANTIAGO DE SURCO,00000104,PARTIDO PATRIÓTICO DEL PERÚ,127,0.056,0.054,225688,235061,2493,6880,1179,1065,114,0,90.331,2026-10-06T10:26:01-05:00,2026-10-06T15:30:22.071Z,https://resultadoelectoral.onpe.gob.pe/main/elecciones-municipales
140130,SANTIAGO DE SURCO,00000125,BATALLA PERÚ,106,0.047,0.045,225688,235061,2493,6880,1179,1065,114,0,90.331,2026-10-06T10:26:01-05:00,2026-10-06T15:30:22.071Z,https://resultadoelectoral.onpe.gob.pe/main/elecciones-municipales
140130,SANTIAGO DE SURCO,00000132,FUERZA CIUDADANA,95,0.042,0.04,225688,235061,2493,6880,1179,1065,114,0,90.331,2026-10-06T10:26:01-05:00,2026-10-06T15:30:22.071Z,https://resultadoelectoral.onpe.gob.pe/main/elecciones-municipales
140130,SANTIAGO DE SURCO,00000127,VISIÓN PERÚ,66,0.029,0.028,225688,235061,2493,6880,1179,1065,114,0,90.331,2026-10-06T10:26:01-05:00,2026-10-06T15:30:22.071Z,https://resultadoelectoral.onpe.gob.pe/main/elecciones-municipales
140130,SANTIAGO DE SURCO,00000130,PARTIDO POLÍTICO PUEBLO CONSCIENTE,48,0.021,0.02,225688,235061,2493,6880,1179,1065,114,0,90.331,2026-10-06T10:26:01-05:00,2026-10-06T15:30:22.071Z,https://resultadoelectoral.onpe.gob.pe/main/elecciones-municipales
140131,SURQUILLO,00000098,AVANZA PAÍS - PARTIDO DE INTEGRACIÓN SOCIAL,19998,30.321,28.701,65955,69677,1000,2722,338,303,35,0,89.645,2026-10-06T10:26:01-05:00,2026-10-06T15:30:29.126Z,https://resultadoelectoral.onpe.gob.pe/main/elecciones-municipales
140131,SURQUILLO,00000137,RENOVACIÓN POPULAR PERÚ,19115,28.982,27.434,65955,69677,1000,2722,338,303,35,0,89.645,2026-10-06T10:26:01-05:00,2026-10-06T15:30:29.126Z,https://resultadoelectoral.onpe.gob.pe/main/elecciones-municipales
140131,SURQUILLO,00000094,PARTIDO DEMOCRÁTICO SOMOS PERÚ,15802,23.959,22.679,65955,69677,1000,2722,338,303,35,0,89.645,2026-10-06T10:26:01-05:00,2026-10-06T15:30:29.126Z,https://resultadoelectoral.onpe.gob.pe/main/elecciones-municipales
140131,SURQUILLO,00000100,PODEMOS PERÚ,2487,3.771,3.569,65955,69677,1000,2722,338,303,35,0,89.645,2026-10-06T10:26:01-05:00,2026-10-06T15:30:29.126Z,https://resultadoelectoral.onpe.gob.pe/main/elecciones-municipales
140131,SURQUILLO,00000123,AHORA NACIÓN - AN,1917,2.907,2.751,65955,69677,1000,2722,338,303,35,0,89.645,2026-10-06T10:26:01-05:00,2026-10-06T15:30:29.126Z,https://resultadoelectoral.onpe.gob.pe/main/elecciones-municipales
140131,SURQUILLO,00000093,ACCIÓN POPULAR,1751,2.655,2.513,65955,69677,1000,2722,338,303,35,0,89.645,2026-10-06T10:26:01-05:00,2026-10-06T15:30:29.126Z,https://resultadoelectoral.onpe.gob.pe/main/elecciones-municipales
140131,SURQUILLO,00000095,ALIANZA PARA EL PROGRESO,1112,1.686,1.596,65955,69677,1000,2722,338,303,35,0,89.645,2026-10-06T10:26:01-05:00,2026-10-06T15:30:29.126Z,https://resultadoelectoral.onpe.gob.pe/main/elecciones-municipales
140131,SURQUILLO,00000097,FUERZA POPULAR,833,1.263,1.196,65955,69677,1000,2722,338,303,35,0,89.645,2026-10-06T10:26:01-05:00,2026-10-06T15:30:29.126Z,https://resultadoelectoral.onpe.gob.pe/main/elecciones-municipales
140131,SURQUILLO,00000117,PARTIDO CÍVICO OBRAS,546,0.828,0.784,65955,69677,1000,2722,338,303,35,0,89.645,2026-10-06T10:26:01-05:00,2026-10-06T15:30:29.126Z,https://resultadoelectoral.onpe.gob.pe/main/elecciones-municipales
140131,SURQUILLO,00000096,JUNTOS POR EL PERÚ,436,0.661,0.626,65955,69677,1000,2722,338,303,35,0,89.645,2026-10-06T10:26:01-05:00,2026-10-06T15:30:29.126Z,https://resultadoelectoral.onpe.gob.pe/main/elecciones-municipales
140131,SURQUILLO,00000112,PARTIDO APRISTA PERUANO,386,0.585,0.554,65955,69677,1000,2722,338,303,35,0,89.645,2026-10-06T10:26:01-05:00,2026-10-06T15:30:29.126Z,https://resultadoelectoral.onpe.gob.pe/main/elecciones-municipales
140131,SURQUILLO,00000118,PARTIDO POPULAR CRISTIANO - PPC,275,0.417,0.395,65955,69677,1000,2722,338,303,35,0,89.645,2026-10-06T10:26:01-05:00,2026-10-06T15:30:29.126Z,https://resultadoelectoral.onpe.gob.pe/main/elecciones-municipales
140131,SURQUILLO,00000122,PROGRESEMOS,261,0.396,0.375,65955,69677,1000,2722,338,303,35,0,89.645,2026-10-06T10:26:01-05:00,2026-10-06T15:30:29.126Z,https://resultadoelectoral.onpe.gob.pe/main/elecciones-municipales
140131,SURQUILLO,00000121,PARTIDO DEL BUEN GOBIERNO,254,0.385,0.365,65955,69677,1000,2722,338,303,35,0,89.645,2026-10-06T10:26:01-05:00,2026-10-06T15:30:29.126Z,https://resultadoelectoral.onpe.gob.pe/main/elecciones-municipales
140131,SURQUILLO,00000107,FRENTE POPULAR AGRÍCOLA FÍA DEL PERÚ,130,0.197,0.187,65955,69677,1000,2722,338,303,35,0,89.645,2026-10-06T10:26:01-05:00,2026-10-06T15:30:29.126Z,https://resultadoelectoral.onpe.gob.pe/main/elecciones-municipales
140131,SURQUILLO,00000102,PARTIDO FRENTE DE LA ESPERANZA 2021,127,0.193,0.182,65955,69677,1000,2722,338,303,35,0,89.645,2026-10-06T10:26:01-05:00,2026-10-06T15:30:29.126Z,https://resultadoelectoral.onpe.gob.pe/main/elecciones-municipales
140131,SURQUILLO,00000101,PARTIDO MORADO,95,0.144,0.136,65955,69677,1000,2722,338,303,35,0,89.645,2026-10-06T10:26:01-05:00,2026-10-06T15:30:29.126Z,https://resultadoelectoral.onpe.gob.pe/main/elecciones-municipales
140131,SURQUILLO,00000105,PARTIDO DEMÓCRATA VERDE,92,0.139,0.132,65955,69677,1000,2722,338,303,35,0,89.645,2026-10-06T10:26:01-05:00,2026-10-06T15:30:29.126Z,https://resultadoelectoral.onpe.gob.pe/main/elecciones-municipales
140131,SURQUILLO,00000099,PARTIDO POLÍTICO NACIONAL PERÚ LIBRE,79,0.12,0.113,65955,69677,1000,2722,338,303,35,0,89.645,2026-10-06T10:26:01-05:00,2026-10-06T15:30:29.126Z,https://resultadoelectoral.onpe.gob.pe/main/elecciones-municipales
140131,SURQUILLO,00000135,ALIANZA ELECTORAL VENCEREMOS,68,0.103,0.098,65955,69677,1000,2722,338,303,35,0,89.645,2026-10-06T10:26:01-05:00,2026-10-06T15:30:29.126Z,https://resultadoelectoral.onpe.gob.pe/main/elecciones-municipales
140131,SURQUILLO,00000104,PARTIDO PATRIÓTICO DEL PERÚ,57,0.086,0.082,65955,69677,1000,2722,338,303,35,0,89.645,2026-10-06T10:26:01-05:00,2026-10-06T15:30:29.126Z,https://resultadoelectoral.onpe.gob.pe/main/elecciones-municipales
140131,SURQUILLO,00000124,COALICIÓN TRANSFORMADORA TIERRA VERDE,35,0.053,0.05,65955,69677,1000,2722,338,303,35,0,89.645,2026-10-06T10:26:01-05:00,2026-10-06T15:30:29.126Z,https://resultadoelectoral.onpe.gob.pe/main/elecciones-municipales
140131,SURQUILLO,00000127,VISIÓN PERÚ,27,0.041,0.039,65955,69677,1000,2722,338,303,35,0,89.645,2026-10-06T10:26:01-05:00,2026-10-06T15:30:29.126Z,https://resultadoelectoral.onpe.gob.pe/main/elecciones-municipales
140131,SURQUILLO,00000132,FUERZA CIUDADANA,27,0.041,0.039,65955,69677,1000,2722,338,303,35,0,89.645,2026-10-06T10:26:01-05:00,2026-10-06T15:30:29.126Z,https://resultadoelectoral.onpe.gob.pe/main/elecciones-municipales
140131,SURQUILLO,00000125,BATALLA PERÚ,24,0.036,0.034,65955,69677,1000,2722,338,303,35,0,89.645,2026-10-06T10:26:01-05:00,2026-10-06T15:30:29.126Z,https://resultadoelectoral.onpe.gob.pe/main/elecciones-municipales
140131,SURQUILLO,00000130,PARTIDO POLÍTICO PUEBLO CONSCIENTE,21,0.032,0.03,65955,69677,1000,2722,338,303,35,0,89.645,2026-10-06T10:26:01-05:00,2026-10-06T15:30:29.126Z,https://resultadoelectoral.onpe.gob.pe/main/elecciones-municipales
140141,VILLA EL SALVADOR,00000098,AVANZA PAÍS - PARTIDO DE INTEGRACIÓN SOCIAL,60749,25.564,23.403,237638,259580,6616,15326,1171,1078,93,0,92.058,2026-10-06T10:26:01-05:00,2026-10-06T15:30:39.277Z,https://resultadoelectoral.onpe.gob.pe/main/elecciones-municipales
140141,VILLA EL SALVADOR,00000137,RENOVACIÓN POPULAR PERÚ,49148,20.682,18.934,237638,259580,6616,15326,1171,1078,93,0,92.058,2026-10-06T10:26:01-05:00,2026-10-06T15:30:39.277Z,https://resultadoelectoral.onpe.gob.pe/main/elecciones-municipales
140141,VILLA EL SALVADOR,00000094,PARTIDO DEMOCRÁTICO SOMOS PERÚ,34355,14.457,13.235,237638,259580,6616,15326,1171,1078,93,0,92.058,2026-10-06T10:26:01-05:00,2026-10-06T15:30:39.277Z,https://resultadoelectoral.onpe.gob.pe/main/elecciones-municipales
140141,VILLA EL SALVADOR,00000095,ALIANZA PARA EL PROGRESO,29447,12.392,11.344,237638,259580,6616,15326,1171,1078,93,0,92.058,2026-10-06T10:26:01-05:00,2026-10-06T15:30:39.277Z,https://resultadoelectoral.onpe.gob.pe/main/elecciones-municipales
140141,VILLA EL SALVADOR,00000100,PODEMOS PERÚ,16689,7.023,6.429,237638,259580,6616,15326,1171,1078,93,0,92.058,2026-10-06T10:26:01-05:00,2026-10-06T15:30:39.277Z,https://resultadoelectoral.onpe.gob.pe/main/elecciones-municipales
140141,VILLA EL SALVADOR,00000123,AHORA NACIÓN - AN,9445,3.975,3.639,237638,259580,6616,15326,1171,1078,93,0,92.058,2026-10-06T10:26:01-05:00,2026-10-06T15:30:39.277Z,https://resultadoelectoral.onpe.gob.pe/main/elecciones-municipales
140141,VILLA EL SALVADOR,00000097,FUERZA POPULAR,7690,3.236,2.962,237638,259580,6616,15326,1171,1078,93,0,92.058,2026-10-06T10:26:01-05:00,2026-10-06T15:30:39.277Z,https://resultadoelectoral.onpe.gob.pe/main/elecciones-municipales
140141,VILLA EL SALVADOR,00000093,ACCIÓN POPULAR,6154,2.59,2.371,237638,259580,6616,15326,1171,1078,93,0,92.058,2026-10-06T10:26:01-05:00,2026-10-06T15:30:39.277Z,https://resultadoelectoral.onpe.gob.pe/main/elecciones-municipales
140141,VILLA EL SALVADOR,00000117,PARTIDO CÍVICO OBRAS,4475,1.883,1.724,237638,259580,6616,15326,1171,1078,93,0,92.058,2026-10-06T10:26:01-05:00,2026-10-06T15:30:39.277Z,https://resultadoelectoral.onpe.gob.pe/main/elecciones-municipales
140141,VILLA EL SALVADOR,00000096,JUNTOS POR EL PERÚ,4255,1.791,1.639,237638,259580,6616,15326,1171,1078,93,0,92.058,2026-10-06T10:26:01-05:00,2026-10-06T15:30:39.277Z,https://resultadoelectoral.onpe.gob.pe/main/elecciones-municipales
140141,VILLA EL SALVADOR,00000107,FRENTE POPULAR AGRÍCOLA FÍA DEL PERÚ,3771,1.587,1.453,237638,259580,6616,15326,1171,1078,93,0,92.058,2026-10-06T10:26:01-05:00,2026-10-06T15:30:39.277Z,https://resultadoelectoral.onpe.gob.pe/main/elecciones-municipales
140141,VILLA EL SALVADOR,00000121,PARTIDO DEL BUEN GOBIERNO,1825,0.768,0.703,237638,259580,6616,15326,1171,1078,93,0,92.058,2026-10-06T10:26:01-05:00,2026-10-06T15:30:39.277Z,https://resultadoelectoral.onpe.gob.pe/main/elecciones-municipales
140141,VILLA EL SALVADOR,00000102,PARTIDO FRENTE DE LA ESPERANZA 2021,1823,0.767,0.702,237638,259580,6616,15326,1171,1078,93,0,92.058,2026-10-06T10:26:01-05:00,2026-10-06T15:30:39.277Z,https://resultadoelectoral.onpe.gob.pe/main/elecciones-municipales
140141,VILLA EL SALVADOR,00000122,PROGRESEMOS,1806,0.76,0.696,237638,259580,6616,15326,1171,1078,93,0,92.058,2026-10-06T10:26:01-05:00,2026-10-06T15:30:39.277Z,https://resultadoelectoral.onpe.gob.pe/main/elecciones-municipales
140141,VILLA EL SALVADOR,00000101,PARTIDO MORADO,989,0.416,0.381,237638,259580,6616,15326,1171,1078,93,0,92.058,2026-10-06T10:26:01-05:00,2026-10-06T15:30:39.277Z,https://resultadoelectoral.onpe.gob.pe/main/elecciones-municipales
140141,VILLA EL SALVADOR,00000112,PARTIDO APRISTA PERUANO,910,0.383,0.351,237638,259580,6616,15326,1171,1078,93,0,92.058,2026-10-06T10:26:01-05:00,2026-10-06T15:30:39.277Z,https://resultadoelectoral.onpe.gob.pe/main/elecciones-municipales
140141,VILLA EL SALVADOR,00000104,PARTIDO PATRIÓTICO DEL PERÚ,730,0.307,0.281,237638,259580,6616,15326,1171,1078,93,0,92.058,2026-10-06T10:26:01-05:00,2026-10-06T15:30:39.277Z,https://resultadoelectoral.onpe.gob.pe/main/elecciones-municipales
140141,VILLA EL SALVADOR,00000118,PARTIDO POPULAR CRISTIANO - PPC,709,0.298,0.273,237638,259580,6616,15326,1171,1078,93,0,92.058,2026-10-06T10:26:01-05:00,2026-10-06T15:30:39.277Z,https://resultadoelectoral.onpe.gob.pe/main/elecciones-municipales
140141,VILLA EL SALVADOR,00000099,PARTIDO POLÍTICO NACIONAL PERÚ LIBRE,633,0.266,0.244,237638,259580,6616,15326,1171,1078,93,0,92.058,2026-10-06T10:26:01-05:00,2026-10-06T15:30:39.277Z,https://resultadoelectoral.onpe.gob.pe/main/elecciones-municipales
140141,VILLA EL SALVADOR,00000105,PARTIDO DEMÓCRATA VERDE,605,0.255,0.233,237638,259580,6616,15326,1171,1078,93,0,92.058,2026-10-06T10:26:01-05:00,2026-10-06T15:30:39.277Z,https://resultadoelectoral.onpe.gob.pe/main/elecciones-municipales
140141,VILLA EL SALVADOR,00000135,ALIANZA ELECTORAL VENCEREMOS,600,0.252,0.231,237638,259580,6616,15326,1171,1078,93,0,92.058,2026-10-06T10:26:01-05:00,2026-10-06T15:30:39.277Z,https://resultadoelectoral.onpe.gob.pe/main/elecciones-municipales
140141,VILLA EL SALVADOR,00000124,COALICIÓN TRANSFORMADORA TIERRA VERDE,282,0.119,0.109,237638,259580,6616,15326,1171,1078,93,0,92.058,2026-10-06T10:26:01-05:00,2026-10-06T15:30:39.277Z,https://resultadoelectoral.onpe.gob.pe/main/elecciones-municipales
140141,VILLA EL SALVADOR,00000125,BATALLA PERÚ,159,0.067,0.061,237638,259580,6616,15326,1171,1078,93,0,92.058,2026-10-06T10:26:01-05:00,2026-10-06T15:30:39.277Z,https://resultadoelectoral.onpe.gob.pe/main/elecciones-municipales
140141,VILLA EL SALVADOR,00000132,FUERZA CIUDADANA,145,0.061,0.056,237638,259580,6616,15326,1171,1078,93,0,92.058,2026-10-06T10:26:01-05:00,2026-10-06T15:30:39.277Z,https://resultadoelectoral.onpe.gob.pe/main/elecciones-municipales
140141,VILLA EL SALVADOR,00000127,VISIÓN PERÚ,131,0.055,0.05,237638,259580,6616,15326,1171,1078,93,0,92.058,2026-10-06T10:26:01-05:00,2026-10-06T15:30:39.277Z,https://resultadoelectoral.onpe.gob.pe/main/elecciones-municipales
140141,VILLA EL SALVADOR,00000130,PARTIDO POLÍTICO PUEBLO CONSCIENTE,113,0.048,0.044,237638,259580,6616,15326,1171,1078,93,0,92.058,2026-10-06T10:26:01-05:00,2026-10-06T15:30:39.277Z,https://resultadoelectoral.onpe.gob.pe/main/elecciones-municipales
140132,VILLA MARÍA DEL TRIUNFO,00000098,AVANZA PAÍS - PARTIDO DE INTEGRACIÓN SOCIAL,64790,27.049,24.709,239532,262215,7323,15360,1234,1112,122,0,90.113,2026-10-06T10:26:01-05:00,2026-10-06T15:31:15.047Z,https://resultadoelectoral.onpe.gob.pe/main/elecciones-municipales
140132,VILLA MARÍA DEL TRIUNFO,00000137,RENOVACIÓN POPULAR PERÚ,63893,26.674,24.367,239532,262215,7323,15360,1234,1112,122,0,90.113,2026-10-06T10:26:01-05:00,2026-10-06T15:31:15.047Z,https://resultadoelectoral.onpe.gob.pe/main/elecciones-municipales
140132,VILLA MARÍA DEL TRIUNFO,00000094,PARTIDO DEMOCRÁTICO SOMOS PERÚ,34879,14.561,13.302,239532,262215,7323,15360,1234,1112,122,0,90.113,2026-10-06T10:26:01-05:00,2026-10-06T15:31:15.047Z,https://resultadoelectoral.onpe.gob.pe/main/elecciones-municipales
140132,VILLA MARÍA DEL TRIUNFO,00000100,PODEMOS PERÚ,19067,7.96,7.272,239532,262215,7323,15360,1234,1112,122,0,90.113,2026-10-06T10:26:01-05:00,2026-10-06T15:31:15.047Z,https://resultadoelectoral.onpe.gob.pe/main/elecciones-municipales
140132,VILLA MARÍA DEL TRIUNFO,00000097,FUERZA POPULAR,10681,4.459,4.073,239532,262215,7323,15360,1234,1112,122,0,90.113,2026-10-06T10:26:01-05:00,2026-10-06T15:31:15.047Z,https://resultadoelectoral.onpe.gob.pe/main/elecciones-municipales
140132,VILLA MARÍA DEL TRIUNFO,00000095,ALIANZA PARA EL PROGRESO,8454,3.529,3.224,239532,262215,7323,15360,1234,1112,122,0,90.113,2026-10-06T10:26:01-05:00,2026-10-06T15:31:15.047Z,https://resultadoelectoral.onpe.gob.pe/main/elecciones-municipales
140132,VILLA MARÍA DEL TRIUNFO,00000123,AHORA NACIÓN - AN,7082,2.957,2.701,239532,262215,7323,15360,1234,1112,122,0,90.113,2026-10-06T10:26:01-05:00,2026-10-06T15:31:15.047Z,https://resultadoelectoral.onpe.gob.pe/main/elecciones-municipales
140132,VILLA MARÍA DEL TRIUNFO,00000096,JUNTOS POR EL PERÚ,6312,2.635,2.407,239532,262215,7323,15360,1234,1112,122,0,90.113,2026-10-06T10:26:01-05:00,2026-10-06T15:31:15.047Z,https://resultadoelectoral.onpe.gob.pe/main/elecciones-municipales
140132,VILLA MARÍA DEL TRIUNFO,00000117,PARTIDO CÍVICO OBRAS,4218,1.761,1.609,239532,262215,7323,15360,1234,1112,122,0,90.113,2026-10-06T10:26:01-05:00,2026-10-06T15:31:15.047Z,https://resultadoelectoral.onpe.gob.pe/main/elecciones-municipales
140132,VILLA MARÍA DEL TRIUNFO,00000093,ACCIÓN POPULAR,4152,1.733,1.583,239532,262215,7323,15360,1234,1112,122,0,90.113,2026-10-06T10:26:01-05:00,2026-10-06T15:31:15.047Z,https://resultadoelectoral.onpe.gob.pe/main/elecciones-municipales
140132,VILLA MARÍA DEL TRIUNFO,00000107,FRENTE POPULAR AGRÍCOLA FÍA DEL PERÚ,4051,1.691,1.545,239532,262215,7323,15360,1234,1112,122,0,90.113,2026-10-06T10:26:01-05:00,2026-10-06T15:31:15.047Z,https://resultadoelectoral.onpe.gob.pe/main/elecciones-municipales
140132,VILLA MARÍA DEL TRIUNFO,00000122,PROGRESEMOS,2702,1.128,1.03,239532,262215,7323,15360,1234,1112,122,0,90.113,2026-10-06T10:26:01-05:00,2026-10-06T15:31:15.047Z,https://resultadoelectoral.onpe.gob.pe/main/elecciones-municipales
140132,VILLA MARÍA DEL TRIUNFO,00000102,PARTIDO FRENTE DE LA ESPERANZA 2021,1777,0.742,0.678,239532,262215,7323,15360,1234,1112,122,0,90.113,2026-10-06T10:26:01-05:00,2026-10-06T15:31:15.047Z,https://resultadoelectoral.onpe.gob.pe/main/elecciones-municipales
140132,VILLA MARÍA DEL TRIUNFO,00000121,PARTIDO DEL BUEN GOBIERNO,1418,0.592,0.541,239532,262215,7323,15360,1234,1112,122,0,90.113,2026-10-06T10:26:01-05:00,2026-10-06T15:31:15.047Z,https://resultadoelectoral.onpe.gob.pe/main/elecciones-municipales
140132,VILLA MARÍA DEL TRIUNFO,00000118,PARTIDO POPULAR CRISTIANO - PPC,1417,0.592,0.54,239532,262215,7323,15360,1234,1112,122,0,90.113,2026-10-06T10:26:01-05:00,2026-10-06T15:31:15.047Z,https://resultadoelectoral.onpe.gob.pe/main/elecciones-municipales
140132,VILLA MARÍA DEL TRIUNFO,00000112,PARTIDO APRISTA PERUANO,821,0.343,0.313,239532,262215,7323,15360,1234,1112,122,0,90.113,2026-10-06T10:26:01-05:00,2026-10-06T15:31:15.047Z,https://resultadoelectoral.onpe.gob.pe/main/elecciones-municipales
140132,VILLA MARÍA DEL TRIUNFO,00000104,PARTIDO PATRIÓTICO DEL PERÚ,737,0.308,0.281,239532,262215,7323,15360,1234,1112,122,0,90.113,2026-10-06T10:26:01-05:00,2026-10-06T15:31:15.047Z,https://resultadoelectoral.onpe.gob.pe/main/elecciones-municipales
140132,VILLA MARÍA DEL TRIUNFO,00000099,PARTIDO POLÍTICO NACIONAL PERÚ LIBRE,732,0.306,0.279,239532,262215,7323,15360,1234,1112,122,0,90.113,2026-10-06T10:26:01-05:00,2026-10-06T15:31:15.047Z,https://resultadoelectoral.onpe.gob.pe/main/elecciones-municipales
140132,VILLA MARÍA DEL TRIUNFO,00000105,PARTIDO DEMÓCRATA VERDE,479,0.2,0.183,239532,262215,7323,15360,1234,1112,122,0,90.113,2026-10-06T10:26:01-05:00,2026-10-06T15:31:15.047Z,https://resultadoelectoral.onpe.gob.pe/main/elecciones-municipales
140132,VILLA MARÍA DEL TRIUNFO,00000101,PARTIDO MORADO,469,0.196,0.179,239532,262215,7323,15360,1234,1112,122,0,90.113,2026-10-06T10:26:01-05:00,2026-10-06T15:31:15.047Z,https://resultadoelectoral.onpe.gob.pe/main/elecciones-municipales
140132,VILLA MARÍA DEL TRIUNFO,00000135,ALIANZA ELECTORAL VENCEREMOS,448,0.187,0.171,239532,262215,7323,15360,1234,1112,122,0,90.113,2026-10-06T10:26:01-05:00,2026-10-06T15:31:15.047Z,https://resultadoelectoral.onpe.gob.pe/main/elecciones-municipales
140132,VILLA MARÍA DEL TRIUNFO,00000124,COALICIÓN TRANSFORMADORA TIERRA VERDE,316,0.132,0.121,239532,262215,7323,15360,1234,1112,122,0,90.113,2026-10-06T10:26:01-05:00,2026-10-06T15:31:15.047Z,https://resultadoelectoral.onpe.gob.pe/main/elecciones-municipales
140132,VILLA MARÍA DEL TRIUNFO,00000130,PARTIDO POLÍTICO PUEBLO CONSCIENTE,198,0.083,0.076,239532,262215,7323,15360,1234,1112,122,0,90.113,2026-10-06T10:26:01-05:00,2026-10-06T15:31:15.047Z,https://resultadoelectoral.onpe.gob.pe/main/elecciones-municipales
140132,VILLA MARÍA DEL TRIUNFO,00000125,BATALLA PERÚ,167,0.07,0.064,239532,262215,7323,15360,1234,1112,122,0,90.113,2026-10-06T10:26:01-05:00,2026-10-06T15:31:15.047Z,https://resultadoelectoral.onpe.gob.pe/main/elecciones-municipales
140132,VILLA MARÍA DEL TRIUNFO,00000132,FUERZA CIUDADANA,162,0.068,0.062,239532,262215,7323,15360,1234,1112,122,0,90.113,2026-10-06T10:26:01-05:00,2026-10-06T15:31:15.047Z,https://resultadoelectoral.onpe.gob.pe/main/elecciones-municipales
140132,VILLA MARÍA DEL TRIUNFO,00000127,VISIÓN PERÚ,110,0.046,0.042,239532,262215,7323,15360,1234,1112,122,0,90.113,2026-10-06T10:26:01-05:00,2026-10-06T15:31:15.047Z,https://resultadoelectoral.onpe.gob.pe/main/elecciones-municipales
