level,ubigeo,department,province,district,organization_count,valid_votes,emitted_votes,blank_votes,null_votes,blank_null_votes,total_actas,counted_actas,jee_actas,pending_actas,counted_pct,source_updated_at,retrieved_at,source_url
provincial,010100,AMAZONAS,CHACHAPOYAS,,4,29709,33570,,,3861,169,163,6,0,96.45,2026-10-06T13:56:01-05:00,2026-10-06T18:59:45+00:00,https://resultadoelectoral.onpe.gob.pe/main/elecciones-municipales
provincial,010200,AMAZONAS,BAGUA,,5,34655,42652,,,7997,250,236,6,8,94.4,2026-10-06T13:56:01-05:00,2026-10-06T18:59:45+00:00,https://resultadoelectoral.onpe.gob.pe/main/elecciones-municipales
provincial,010300,AMAZONAS,BONGARÁ,,4,15089,16626,,,1537,85,84,1,0,98.824,2026-10-06T13:56:01-05:00,2026-10-06T18:59:45+00:00,https://resultadoelectoral.onpe.gob.pe/main/elecciones-municipales
provincial,010400,AMAZONAS,LUYA,,4,27140,30896,,,3756,155,155,0,0,100,2026-10-06T13:56:01-05:00,2026-10-06T18:59:45+00:00,https://resultadoelectoral.onpe.gob.pe/main/elecciones-municipales
provincial,010500,AMAZONAS,RODRÍGUEZ DE MENDOZA,,5,17065,18493,,,1428,97,95,2,0,97.938,2026-10-06T13:56:01-05:00,2026-10-06T18:59:45+00:00,https://resultadoelectoral.onpe.gob.pe/main/elecciones-municipales
provincial,010600,AMAZONAS,CONDORCANQUI,,10,20639,24902,,,4263,174,162,7,5,93.103,2026-10-06T13:56:01-05:00,2026-10-06T18:59:45+00:00,https://resultadoelectoral.onpe.gob.pe/main/elecciones-municipales
provincial,010700,AMAZONAS,UTCUBAMBA,,7,57799,65176,,,7377,333,328,5,0,98.498,2026-10-06T13:56:01-05:00,2026-10-06T18:59:45+00:00,https://resultadoelectoral.onpe.gob.pe/main/elecciones-municipales
provincial,020100,ÁNCASH,HUARAZ,,13,86852,103017,,,16165,463,458,5,0,98.92,2026-10-06T13:56:01-05:00,2026-10-06T18:59:45+00:00,https://resultadoelectoral.onpe.gob.pe/main/elecciones-municipales
provincial,020200,ÁNCASH,AIJA,,6,4604,5143,,,539,26,26,0,0,100,2026-10-06T13:56:01-05:00,2026-10-06T18:59:45+00:00,https://resultadoelectoral.onpe.gob.pe/main/elecciones-municipales
provincial,020300,ÁNCASH,BOLOGNESI,,4,13057,14918,,,1861,84,83,1,0,98.81,2026-10-06T13:56:01-05:00,2026-10-06T18:59:45+00:00,https://resultadoelectoral.onpe.gob.pe/main/elecciones-municipales
provincial,020400,ÁNCASH,CARHUAZ,,8,27771,33407,,,5636,148,145,3,0,97.973,2026-10-06T13:56:01-05:00,2026-10-06T18:59:45+00:00,https://resultadoelectoral.onpe.gob.pe/main/elecciones-municipales
provincial,020500,ÁNCASH,CASMA,,9,27794,32250,,,4456,143,140,3,0,97.902,2026-10-06T13:56:01-05:00,2026-10-06T18:59:45+00:00,https://resultadoelectoral.onpe.gob.pe/main/elecciones-municipales
provincial,020600,ÁNCASH,CORONGO,,5,4133,4799,,,666,27,27,0,0,100,2026-10-06T13:56:01-05:00,2026-10-06T18:59:45+00:00,https://resultadoelectoral.onpe.gob.pe/main/elecciones-municipales
provincial,020700,ÁNCASH,HUAYLAS,,10,29292,35852,,,6560,169,167,2,0,98.817,2026-10-06T13:56:01-05:00,2026-10-06T18:59:45+00:00,https://resultadoelectoral.onpe.gob.pe/main/elecciones-municipales
provincial,020800,ÁNCASH,HUARI,,5,48093,56202,,,8109,288,281,6,1,97.569,2026-10-06T13:56:01-05:00,2026-10-06T18:59:45+00:00,https://resultadoelectoral.onpe.gob.pe/main/elecciones-municipales
provincial,020900,ÁNCASH,MARISCAL LUZURIAGA,,5,11128,13702,,,2574,71,70,1,0,98.592,2026-10-06T13:56:01-05:00,2026-10-06T18:59:45+00:00,https://resultadoelectoral.onpe.gob.pe/main/elecciones-municipales
provincial,021000,ÁNCASH,PALLASCA,,7,10005,13204,,,3199,76,76,0,0,100,2026-10-06T13:56:01-05:00,2026-10-06T18:59:45+00:00,https://resultadoelectoral.onpe.gob.pe/main/elecciones-municipales
provincial,021100,ÁNCASH,POMABAMBA,,8,11578,13792,,,2214,76,75,1,0,98.684,2026-10-06T13:56:01-05:00,2026-10-06T18:59:45+00:00,https://resultadoelectoral.onpe.gob.pe/main/elecciones-municipales
provincial,021200,ÁNCASH,RECUAY,,5,10704,13316,,,2612,67,66,1,0,98.507,2026-10-06T13:56:01-05:00,2026-10-06T18:59:45+00:00,https://resultadoelectoral.onpe.gob.pe/main/elecciones-municipales
provincial,021300,ÁNCASH,SANTA,,15,233414,277524,,,44110,1280,1244,36,0,97.188,2026-10-06T13:56:01-05:00,2026-10-06T18:59:45+00:00,https://resultadoelectoral.onpe.gob.pe/main/elecciones-municipales
provincial,021400,ÁNCASH,SIHUAS,,4,13622,16520,,,2898,89,88,1,0,98.876,2026-10-06T13:56:01-05:00,2026-10-06T18:59:45+00:00,https://resultadoelectoral.onpe.gob.pe/main/elecciones-municipales
provincial,021500,ÁNCASH,YUNGAY,,6,29169,35470,,,6301,171,169,2,0,98.83,2026-10-06T13:56:01-05:00,2026-10-06T18:59:45+00:00,https://resultadoelectoral.onpe.gob.pe/main/elecciones-municipales
provincial,021600,ÁNCASH,ANTONIO RAIMONDI,,7,6580,7775,,,1195,45,43,2,0,95.556,2026-10-06T13:56:01-05:00,2026-10-06T18:59:45+00:00,https://resultadoelectoral.onpe.gob.pe/main/elecciones-municipales
provincial,021700,ÁNCASH,CARLOS FERMÍN FITZCARRALD,,8,8643,10140,,,1497,57,56,1,0,98.246,2026-10-06T13:56:01-05:00,2026-10-06T18:59:45+00:00,https://resultadoelectoral.onpe.gob.pe/main/elecciones-municipales
provincial,021800,ÁNCASH,ASUNCIÓN,,5,3531,4277,,,746,23,23,0,0,100,2026-10-06T13:56:01-05:00,2026-10-06T18:59:45+00:00,https://resultadoelectoral.onpe.gob.pe/main/elecciones-municipales
provincial,021900,ÁNCASH,HUARMEY,,11,18494,20180,,,1686,94,92,2,0,97.872,2026-10-06T13:56:01-05:00,2026-10-06T18:59:45+00:00,https://resultadoelectoral.onpe.gob.pe/main/elecciones-municipales
provincial,022000,ÁNCASH,OCROS,,4,4400,5002,,,602,30,29,1,0,96.667,2026-10-06T13:56:01-05:00,2026-10-06T18:59:45+00:00,https://resultadoelectoral.onpe.gob.pe/main/elecciones-municipales
provincial,030100,APURÍMAC,ABANCAY,,9,60103,67597,,,7494,312,312,0,0,100,2026-10-06T13:56:01-05:00,2026-10-06T18:59:45+00:00,https://resultadoelectoral.onpe.gob.pe/main/elecciones-municipales
provincial,030200,APURÍMAC,AYMARAES,,4,16818,18812,,,1994,103,99,4,0,96.117,2026-10-06T13:56:01-05:00,2026-10-06T18:59:45+00:00,https://resultadoelectoral.onpe.gob.pe/main/elecciones-municipales
provincial,030300,APURÍMAC,ANDAHUAYLAS,,5,82832,94629,,,11797,451,446,5,0,98.891,2026-10-06T13:56:01-05:00,2026-10-06T18:59:45+00:00,https://resultadoelectoral.onpe.gob.pe/main/elecciones-municipales
provincial,030400,APURÍMAC,ANTABAMBA,,5,6853,7798,,,945,41,41,0,0,100,2026-10-06T13:56:01-05:00,2026-10-06T18:59:45+00:00,https://resultadoelectoral.onpe.gob.pe/main/elecciones-municipales
provincial,030500,APURÍMAC,COTABAMBAS,,6,28368,31554,,,3186,165,163,2,0,98.788,2026-10-06T13:56:01-05:00,2026-10-06T18:59:45+00:00,https://resultadoelectoral.onpe.gob.pe/main/elecciones-municipales
provincial,030600,APURÍMAC,GRAU,,4,12950,15100,,,2150,82,82,0,0,100,2026-10-06T13:56:01-05:00,2026-10-06T18:59:45+00:00,https://resultadoelectoral.onpe.gob.pe/main/elecciones-municipales
provincial,030700,APURÍMAC,CHINCHEROS,,4,27645,30098,,,2453,151,147,4,0,97.351,2026-10-06T13:56:01-05:00,2026-10-06T18:59:45+00:00,https://resultadoelectoral.onpe.gob.pe/main/elecciones-municipales
provincial,040100,AREQUIPA,AREQUIPA,,18,665499,763418,,,97919,3216,3192,24,0,99.254,2026-10-06T13:56:01-05:00,2026-10-06T18:59:45+00:00,https://resultadoelectoral.onpe.gob.pe/main/elecciones-municipales
provincial,040200,AREQUIPA,CAYLLOMA,,10,54078,63305,,,9227,297,288,9,0,96.97,2026-10-06T13:56:01-05:00,2026-10-06T18:59:45+00:00,https://resultadoelectoral.onpe.gob.pe/main/elecciones-municipales
provincial,040300,AREQUIPA,CAMANÁ,,12,34650,39517,,,4867,180,179,1,0,99.444,2026-10-06T13:56:01-05:00,2026-10-06T18:59:45+00:00,https://resultadoelectoral.onpe.gob.pe/main/elecciones-municipales
provincial,040400,AREQUIPA,CARAVELÍ,,8,18734,22657,,,3923,114,111,3,0,97.368,2026-10-06T13:56:01-05:00,2026-10-06T18:59:45+00:00,https://resultadoelectoral.onpe.gob.pe/main/elecciones-municipales
provincial,040500,AREQUIPA,CASTILLA,,8,16367,19421,,,3054,105,103,2,0,98.095,2026-10-06T13:56:01-05:00,2026-10-06T18:59:45+00:00,https://resultadoelectoral.onpe.gob.pe/main/elecciones-municipales
provincial,040600,AREQUIPA,CONDESUYOS,,6,8675,10091,,,1416,56,56,0,0,100,2026-10-06T13:56:01-05:00,2026-10-06T18:59:45+00:00,https://resultadoelectoral.onpe.gob.pe/main/elecciones-municipales
provincial,040700,AREQUIPA,ISLAY,,11,35463,39550,,,4087,177,175,2,0,98.87,2026-10-06T13:56:01-05:00,2026-10-06T18:59:45+00:00,https://resultadoelectoral.onpe.gob.pe/main/elecciones-municipales
provincial,040800,AREQUIPA,LA UNIÓN,,7,5778,7438,,,1660,49,48,1,0,97.959,2026-10-06T13:56:01-05:00,2026-10-06T18:59:45+00:00,https://resultadoelectoral.onpe.gob.pe/main/elecciones-municipales
provincial,050100,AYACUCHO,HUAMANGA,,9,153135,172544,,,19409,783,780,3,0,99.617,2026-10-06T13:56:01-05:00,2026-10-06T18:59:45+00:00,https://resultadoelectoral.onpe.gob.pe/main/elecciones-municipales
provincial,050200,AYACUCHO,CANGALLO,,6,18082,20650,,,2568,110,109,1,0,99.091,2026-10-06T13:56:01-05:00,2026-10-06T18:59:45+00:00,https://resultadoelectoral.onpe.gob.pe/main/elecciones-municipales
provincial,050300,AYACUCHO,HUANTA,,10,48314,54816,,,6502,279,277,2,0,99.283,2026-10-06T13:56:01-05:00,2026-10-06T18:59:45+00:00,https://resultadoelectoral.onpe.gob.pe/main/elecciones-municipales
provincial,050400,AYACUCHO,LA MAR,,7,38953,43305,,,4352,224,223,1,0,99.554,2026-10-06T13:56:01-05:00,2026-10-06T18:59:45+00:00,https://resultadoelectoral.onpe.gob.pe/main/elecciones-municipales
provincial,050500,AYACUCHO,LUCANAS,,8,23088,26495,,,3407,162,157,5,0,96.914,2026-10-06T13:56:01-05:00,2026-10-06T18:59:45+00:00,https://resultadoelectoral.onpe.gob.pe/main/elecciones-municipales
provincial,050600,AYACUCHO,PARINACOCHAS,,4,10761,12704,,,1943,77,77,0,0,100,2026-10-06T13:56:01-05:00,2026-10-06T18:59:45+00:00,https://resultadoelectoral.onpe.gob.pe/main/elecciones-municipales
provincial,050700,AYACUCHO,VÍCTOR FAJARDO,,6,12578,14083,,,1505,79,79,0,0,100,2026-10-06T13:56:01-05:00,2026-10-06T18:59:45+00:00,https://resultadoelectoral.onpe.gob.pe/main/elecciones-municipales
provincial,050800,AYACUCHO,HUANCA SANCOS,,4,4698,5308,,,610,34,34,0,0,100,2026-10-06T13:56:01-05:00,2026-10-06T18:59:45+00:00,https://resultadoelectoral.onpe.gob.pe/main/elecciones-municipales
provincial,050900,AYACUCHO,VILCAS HUAMÁN,,5,11877,13078,,,1201,71,70,1,0,98.592,2026-10-06T13:56:01-05:00,2026-10-06T18:59:45+00:00,https://resultadoelectoral.onpe.gob.pe/main/elecciones-municipales
provincial,051000,AYACUCHO,PÁUCAR DEL SARA SARA,,7,4819,5407,,,588,33,32,1,0,96.97,2026-10-06T13:56:01-05:00,2026-10-06T18:59:45+00:00,https://resultadoelectoral.onpe.gob.pe/main/elecciones-municipales
provincial,051100,AYACUCHO,SUCRE,,3,5591,6345,,,754,38,37,1,0,97.368,2026-10-06T13:56:01-05:00,2026-10-06T18:59:45+00:00,https://resultadoelectoral.onpe.gob.pe/main/elecciones-municipales
provincial,060100,CAJAMARCA,CAJAMARCA,,13,191994,225549,,,33555,1023,994,29,0,97.165,2026-10-06T13:56:01-05:00,2026-10-06T18:59:45+00:00,https://resultadoelectoral.onpe.gob.pe/main/elecciones-municipales
provincial,060200,CAJAMARCA,CAJABAMBA,,6,32670,39693,,,7023,218,210,8,0,96.33,2026-10-06T13:56:01-05:00,2026-10-06T18:59:45+00:00,https://resultadoelectoral.onpe.gob.pe/main/elecciones-municipales
provincial,060300,CAJAMARCA,CELENDÍN,,6,45049,50535,,,5486,267,265,2,0,99.251,2026-10-06T13:56:01-05:00,2026-10-06T18:59:45+00:00,https://resultadoelectoral.onpe.gob.pe/main/elecciones-municipales
provincial,060400,CAJAMARCA,CONTUMAZA,,3,14163,16901,,,2738,82,82,0,0,100,2026-10-06T13:56:01-05:00,2026-10-06T18:59:45+00:00,https://resultadoelectoral.onpe.gob.pe/main/elecciones-municipales
provincial,060500,CAJAMARCA,CUTERVO,,6,61489,76689,,,15200,381,378,3,0,99.213,2026-10-06T13:56:01-05:00,2026-10-06T18:59:45+00:00,https://resultadoelectoral.onpe.gob.pe/main/elecciones-municipales
provincial,060600,CAJAMARCA,CHOTA,,6,81899,95398,,,13499,464,456,7,1,98.276,2026-10-06T13:56:01-05:00,2026-10-06T18:59:45+00:00,https://resultadoelectoral.onpe.gob.pe/main/elecciones-municipales
provincial,060700,CAJAMARCA,HUALGAYOC,,7,41612,52057,,,10445,264,262,2,0,99.242,2026-10-06T13:56:01-05:00,2026-10-06T18:59:45+00:00,https://resultadoelectoral.onpe.gob.pe/main/elecciones-municipales
provincial,060800,CAJAMARCA,JAÉN,,11,111820,126878,,,15058,605,593,12,0,98.017,2026-10-06T13:56:01-05:00,2026-10-06T18:59:45+00:00,https://resultadoelectoral.onpe.gob.pe/main/elecciones-municipales
provincial,060900,CAJAMARCA,SANTA CRUZ,,6,23939,26426,,,2487,125,125,0,0,100,2026-10-06T13:56:01-05:00,2026-10-06T18:59:45+00:00,https://resultadoelectoral.onpe.gob.pe/main/elecciones-municipales
provincial,061000,CAJAMARCA,SAN MIGUEL,,4,28311,33240,,,4929,160,160,0,0,100,2026-10-06T13:56:01-05:00,2026-10-06T18:59:45+00:00,https://resultadoelectoral.onpe.gob.pe/main/elecciones-municipales
provincial,061100,CAJAMARCA,SAN IGNACIO,,6,68571,84024,,,15453,408,401,7,0,98.284,2026-10-06T13:56:01-05:00,2026-10-06T18:59:45+00:00,https://resultadoelectoral.onpe.gob.pe/main/elecciones-municipales
provincial,061200,CAJAMARCA,SAN MARCOS,,4,25528,30324,,,4796,162,160,2,0,98.765,2026-10-06T13:56:01-05:00,2026-10-06T18:59:45+00:00,https://resultadoelectoral.onpe.gob.pe/main/elecciones-municipales
provincial,061300,CAJAMARCA,SAN PABLO,,4,13483,15339,,,1856,73,72,1,0,98.63,2026-10-06T13:56:01-05:00,2026-10-06T18:59:45+00:00,https://resultadoelectoral.onpe.gob.pe/main/elecciones-municipales
provincial,070100,CUSCO,CUSCO,,13,237993,284772,,,46779,1253,1236,17,0,98.643,2026-10-06T13:56:01-05:00,2026-10-06T18:59:45+00:00,https://resultadoelectoral.onpe.gob.pe/main/elecciones-municipales
provincial,070200,CUSCO,ACOMAYO,,6,13146,15882,,,2736,76,76,0,0,100,2026-10-06T13:56:01-05:00,2026-10-06T18:59:45+00:00,https://resultadoelectoral.onpe.gob.pe/main/elecciones-municipales
provincial,070300,CUSCO,ANTA,,11,37812,43090,,,5278,191,190,1,0,99.476,2026-10-06T13:56:01-05:00,2026-10-06T18:59:45+00:00,https://resultadoelectoral.onpe.gob.pe/main/elecciones-municipales
provincial,070400,CUSCO,CALCA,,10,38683,44559,,,5876,209,206,3,0,98.565,2026-10-06T13:56:01-05:00,2026-10-06T18:59:45+00:00,https://resultadoelectoral.onpe.gob.pe/main/elecciones-municipales
provincial,070500,CUSCO,CANAS,,5,20795,23563,,,2768,114,114,0,0,100,2026-10-06T13:56:01-05:00,2026-10-06T18:59:45+00:00,https://resultadoelectoral.onpe.gob.pe/main/elecciones-municipales
provincial,070600,CUSCO,CANCHIS,,11,55301,62966,,,7665,287,284,3,0,98.955,2026-10-06T13:56:01-05:00,2026-10-06T18:59:45+00:00,https://resultadoelectoral.onpe.gob.pe/main/elecciones-municipales
provincial,070700,CUSCO,CHUMBIVILCAS,,11,41124,46408,,,5284,234,232,2,0,99.145,2026-10-06T13:56:01-05:00,2026-10-06T18:59:45+00:00,https://resultadoelectoral.onpe.gob.pe/main/elecciones-municipales
provincial,070800,CUSCO,ESPINAR,,14,42940,48206,,,5266,216,213,3,0,98.611,2026-10-06T13:56:01-05:00,2026-10-06T18:59:45+00:00,https://resultadoelectoral.onpe.gob.pe/main/elecciones-municipales
provincial,070900,CUSCO,LA CONVENCIÓN,,7,66879,77742,,,10863,618,416,14,188,67.314,2026-10-06T13:56:01-05:00,2026-10-06T18:59:45+00:00,https://resultadoelectoral.onpe.gob.pe/main/elecciones-municipales
provincial,071000,CUSCO,PARURO,,5,17936,20580,,,2644,103,101,2,0,98.058,2026-10-06T13:56:01-05:00,2026-10-06T18:59:45+00:00,https://resultadoelectoral.onpe.gob.pe/main/elecciones-municipales
provincial,071100,CUSCO,PAUCARTAMBO,,9,26767,30660,,,3893,143,141,2,0,98.601,2026-10-06T13:56:01-05:00,2026-10-06T18:59:45+00:00,https://resultadoelectoral.onpe.gob.pe/main/elecciones-municipales
provincial,071200,CUSCO,QUISPICANCHI,,6,50124,59851,,,9727,274,272,2,0,99.27,2026-10-06T13:56:01-05:00,2026-10-06T18:59:45+00:00,https://resultadoelectoral.onpe.gob.pe/main/elecciones-municipales
provincial,071300,CUSCO,URUBAMBA,,6,42446,48688,,,6242,216,215,1,0,99.537,2026-10-06T13:56:01-05:00,2026-10-06T18:59:45+00:00,https://resultadoelectoral.onpe.gob.pe/main/elecciones-municipales
provincial,080100,HUANCAVELICA,HUANCAVELICA,,9,71699,79021,,,7322,383,381,2,0,99.478,2026-10-06T13:56:01-05:00,2026-10-06T18:59:45+00:00,https://resultadoelectoral.onpe.gob.pe/main/elecciones-municipales
provincial,080200,HUANCAVELICA,ACOBAMBA,,5,26278,28246,,,1968,143,143,0,0,100,2026-10-06T13:56:01-05:00,2026-10-06T18:59:45+00:00,https://resultadoelectoral.onpe.gob.pe/main/elecciones-municipales
provincial,080300,HUANCAVELICA,ANGARAES,,5,27658,30561,,,2903,159,159,0,0,100,2026-10-06T13:56:01-05:00,2026-10-06T18:59:45+00:00,https://resultadoelectoral.onpe.gob.pe/main/elecciones-municipales
provincial,080400,HUANCAVELICA,CASTROVIRREYNA,,8,11560,12597,,,1037,67,65,2,0,97.015,2026-10-06T13:56:01-05:00,2026-10-06T18:59:45+00:00,https://resultadoelectoral.onpe.gob.pe/main/elecciones-municipales
provincial,080500,HUANCAVELICA,TAYACAJA,,6,57052,62209,,,5157,309,303,6,0,98.058,2026-10-06T13:56:01-05:00,2026-10-06T18:59:45+00:00,https://resultadoelectoral.onpe.gob.pe/main/elecciones-municipales
provincial,080600,HUANCAVELICA,HUAYTARA,,7,13976,15399,,,1423,83,81,2,0,97.59,2026-10-06T13:56:01-05:00,2026-10-06T18:59:45+00:00,https://resultadoelectoral.onpe.gob.pe/main/elecciones-municipales
provincial,080700,HUANCAVELICA,CHURCAMPA,,5,21031,22789,,,1758,120,115,5,0,95.833,2026-10-06T13:56:01-05:00,2026-10-06T18:59:45+00:00,https://resultadoelectoral.onpe.gob.pe/main/elecciones-municipales
provincial,090100,HUÁNUCO,HUÁNUCO,,15,156813,179945,,,23132,856,837,19,0,97.78,2026-10-06T13:56:01-05:00,2026-10-06T18:59:45+00:00,https://resultadoelectoral.onpe.gob.pe/main/elecciones-municipales
provincial,090200,HUÁNUCO,AMBO,,8,31689,35710,,,4021,174,168,6,0,96.552,2026-10-06T13:56:01-05:00,2026-10-06T18:59:45+00:00,https://resultadoelectoral.onpe.gob.pe/main/elecciones-municipales
provincial,090300,HUÁNUCO,DOS DE MAYO,,5,18374,22708,,,4334,122,119,3,0,97.541,2026-10-06T13:56:01-05:00,2026-10-06T18:59:45+00:00,https://resultadoelectoral.onpe.gob.pe/main/elecciones-municipales
provincial,090400,HUÁNUCO,HUAMALIES,,7,28055,32006,,,3951,174,170,4,0,97.701,2026-10-06T13:56:01-05:00,2026-10-06T18:59:45+00:00,https://resultadoelectoral.onpe.gob.pe/main/elecciones-municipales
provincial,090500,HUÁNUCO,MARAÑÓN,,5,14293,16269,,,1976,93,92,1,0,98.925,2026-10-06T13:56:01-05:00,2026-10-06T18:59:45+00:00,https://resultadoelectoral.onpe.gob.pe/main/elecciones-municipales
provincial,090600,HUÁNUCO,LEONCIO PRADO,,12,68868,78571,,,9703,386,379,7,0,98.187,2026-10-06T13:56:01-05:00,2026-10-06T18:59:45+00:00,https://resultadoelectoral.onpe.gob.pe/main/elecciones-municipales
provincial,090700,HUÁNUCO,PACHITEA,,9,28001,30569,,,2568,163,160,3,0,98.16,2026-10-06T13:56:01-05:00,2026-10-06T18:59:45+00:00,https://resultadoelectoral.onpe.gob.pe/main/elecciones-municipales
provincial,090800,HUÁNUCO,PUERTO INCA,,8,15781,19357,,,3576,118,111,7,0,94.068,2026-10-06T13:56:01-05:00,2026-10-06T18:59:45+00:00,https://resultadoelectoral.onpe.gob.pe/main/elecciones-municipales
provincial,090900,HUÁNUCO,HUACAYBAMBA,,5,7348,8626,,,1278,54,53,1,0,98.148,2026-10-06T13:56:01-05:00,2026-10-06T18:59:45+00:00,https://resultadoelectoral.onpe.gob.pe/main/elecciones-municipales
provincial,091000,HUÁNUCO,LAURICOCHA,,9,10866,11804,,,938,79,60,0,19,75.949,2026-10-06T13:56:01-05:00,2026-10-06T18:59:45+00:00,https://resultadoelectoral.onpe.gob.pe/main/elecciones-municipales
provincial,091100,HUÁNUCO,YAROWILCA,,6,15615,18295,,,2680,111,93,4,14,83.784,2026-10-06T13:56:01-05:00,2026-10-06T18:59:45+00:00,https://resultadoelectoral.onpe.gob.pe/main/elecciones-municipales
provincial,100100,ICA,ICA,,13,227953,254154,,,26201,1110,1073,37,0,96.667,2026-10-06T13:56:01-05:00,2026-10-06T18:59:45+00:00,https://resultadoelectoral.onpe.gob.pe/main/elecciones-municipales
provincial,100200,ICA,CHINCHA,,12,133797,149720,,,15923,637,614,23,0,96.389,2026-10-06T13:56:01-05:00,2026-10-06T18:59:45+00:00,https://resultadoelectoral.onpe.gob.pe/main/elecciones-municipales
provincial,100300,ICA,NASCA,,8,37907,46786,,,8879,216,207,9,0,95.833,2026-10-06T13:56:01-05:00,2026-10-06T18:59:45+00:00,https://resultadoelectoral.onpe.gob.pe/main/elecciones-municipales
provincial,100400,ICA,PISCO,,12,90166,98748,,,8582,425,410,15,0,96.471,2026-10-06T13:56:01-05:00,2026-10-06T18:59:45+00:00,https://resultadoelectoral.onpe.gob.pe/main/elecciones-municipales
provincial,100500,ICA,PALPA,,9,9395,10284,,,889,46,46,0,0,100,2026-10-06T13:56:01-05:00,2026-10-06T18:59:45+00:00,https://resultadoelectoral.onpe.gob.pe/main/elecciones-municipales
provincial,110100,JUNÍN,HUANCAYO,,10,310672,353016,,,42344,1583,1569,14,0,99.116,2026-10-06T13:56:01-05:00,2026-10-06T18:59:45+00:00,https://resultadoelectoral.onpe.gob.pe/main/elecciones-municipales
provincial,110200,JUNÍN,CONCEPCIÓN,,7,34029,38173,,,4144,185,182,3,0,98.378,2026-10-06T13:56:01-05:00,2026-10-06T18:59:45+00:00,https://resultadoelectoral.onpe.gob.pe/main/elecciones-municipales
provincial,110300,JUNÍN,JAUJA,,6,49015,56036,,,7021,269,268,1,0,99.628,2026-10-06T13:56:01-05:00,2026-10-06T18:59:45+00:00,https://resultadoelectoral.onpe.gob.pe/main/elecciones-municipales
provincial,110400,JUNÍN,JUNÍN,,7,10835,12759,,,1924,64,64,0,0,100,2026-10-06T13:56:01-05:00,2026-10-06T18:59:45+00:00,https://resultadoelectoral.onpe.gob.pe/main/elecciones-municipales
provincial,110500,JUNÍN,TARMA,,6,49556,56733,,,7177,260,259,1,0,99.615,2026-10-06T13:56:01-05:00,2026-10-06T18:59:45+00:00,https://resultadoelectoral.onpe.gob.pe/main/elecciones-municipales
provincial,110600,JUNÍN,YAULI,,7,19540,21674,,,2134,105,105,0,0,100,2026-10-06T13:56:01-05:00,2026-10-06T18:59:45+00:00,https://resultadoelectoral.onpe.gob.pe/main/elecciones-municipales
provincial,110700,JUNÍN,SATIPO,,9,85610,98955,,,13345,546,516,8,22,94.505,2026-10-06T13:56:01-05:00,2026-10-06T18:59:45+00:00,https://resultadoelectoral.onpe.gob.pe/main/elecciones-municipales
provincial,110800,JUNÍN,CHANCHAMAYO,,10,77949,90159,,,12210,477,462,13,2,96.855,2026-10-06T13:56:01-05:00,2026-10-06T18:59:45+00:00,https://resultadoelectoral.onpe.gob.pe/main/elecciones-municipales
provincial,110900,JUNÍN,CHUPACA,,7,38325,42062,,,3737,191,191,0,0,100,2026-10-06T13:56:01-05:00,2026-10-06T18:59:45+00:00,https://resultadoelectoral.onpe.gob.pe/main/elecciones-municipales
provincial,120100,LA LIBERTAD,TRUJILLO,,14,547292,623339,,,76047,2855,2795,60,0,97.898,2026-10-06T13:56:01-05:00,2026-10-06T18:59:45+00:00,https://resultadoelectoral.onpe.gob.pe/main/elecciones-municipales
provincial,120200,LA LIBERTAD,BOLÍVAR,,3,6042,7787,,,1745,46,45,1,0,97.826,2026-10-06T13:56:01-05:00,2026-10-06T18:59:45+00:00,https://resultadoelectoral.onpe.gob.pe/main/elecciones-municipales
provincial,120300,LA LIBERTAD,SÁNCHEZ CARRIÓN,,5,66406,82758,,,16352,426,414,12,0,97.183,2026-10-06T13:56:01-05:00,2026-10-06T18:59:45+00:00,https://resultadoelectoral.onpe.gob.pe/main/elecciones-municipales
provincial,120400,LA LIBERTAD,OTUZCO,,6,45923,51716,,,5793,259,248,3,8,95.753,2026-10-06T13:56:01-05:00,2026-10-06T18:59:45+00:00,https://resultadoelectoral.onpe.gob.pe/main/elecciones-municipales
provincial,120500,LA LIBERTAD,PACASMAYO,,6,48542,63802,,,15260,291,288,3,0,98.969,2026-10-06T13:56:01-05:00,2026-10-06T18:59:45+00:00,https://resultadoelectoral.onpe.gob.pe/main/elecciones-municipales
provincial,120600,LA LIBERTAD,PATAZ,,7,29053,36881,,,7828,221,204,8,9,92.308,2026-10-06T13:56:01-05:00,2026-10-06T18:59:45+00:00,https://resultadoelectoral.onpe.gob.pe/main/elecciones-municipales
provincial,120700,LA LIBERTAD,SANTIAGO DE CHUCO,,7,26528,30393,,,3865,154,153,1,0,99.351,2026-10-06T13:56:01-05:00,2026-10-06T18:59:45+00:00,https://resultadoelectoral.onpe.gob.pe/main/elecciones-municipales
provincial,120800,LA LIBERTAD,ASCOPE,,9,62516,75106,,,12590,342,334,8,0,97.661,2026-10-06T13:56:01-05:00,2026-10-06T18:59:45+00:00,https://resultadoelectoral.onpe.gob.pe/main/elecciones-municipales
provincial,120900,LA LIBERTAD,CHEPÉN,,10,44510,52232,,,7722,240,239,1,0,99.583,2026-10-06T13:56:01-05:00,2026-10-06T18:59:45+00:00,https://resultadoelectoral.onpe.gob.pe/main/elecciones-municipales
provincial,121000,LA LIBERTAD,JULCÁN,,5,15660,18753,,,3093,93,90,3,0,96.774,2026-10-06T13:56:01-05:00,2026-10-06T18:59:45+00:00,https://resultadoelectoral.onpe.gob.pe/main/elecciones-municipales
provincial,121100,LA LIBERTAD,GRAN CHIMÚ,,5,11226,13655,,,2429,83,69,1,13,83.133,2026-10-06T13:56:01-05:00,2026-10-06T18:59:45+00:00,https://resultadoelectoral.onpe.gob.pe/main/elecciones-municipales
provincial,121200,LA LIBERTAD,VIRÚ,,11,53921,62657,,,8736,287,280,7,0,97.561,2026-10-06T13:56:01-05:00,2026-10-06T18:59:45+00:00,https://resultadoelectoral.onpe.gob.pe/main/elecciones-municipales
provincial,130100,LAMBAYEQUE,CHICLAYO,,15,455624,523627,,,68003,2382,2336,46,0,98.069,2026-10-06T13:56:01-05:00,2026-10-06T18:59:45+00:00,https://resultadoelectoral.onpe.gob.pe/main/elecciones-municipales
provincial,130200,LAMBAYEQUE,FERREÑAFE,,8,55776,65647,,,9871,307,302,5,0,98.371,2026-10-06T13:56:01-05:00,2026-10-06T18:59:45+00:00,https://resultadoelectoral.onpe.gob.pe/main/elecciones-municipales
provincial,130300,LAMBAYEQUE,LAMBAYEQUE,,11,174004,203245,,,29241,894,876,18,0,97.987,2026-10-06T13:56:01-05:00,2026-10-06T18:59:45+00:00,https://resultadoelectoral.onpe.gob.pe/main/elecciones-municipales
provincial,140100,LIMA,LIMA,,26,5213223,5636000,,,422777,26351,24430,1921,0,92.71,2026-10-06T13:56:01-05:00,2026-10-06T18:59:45+00:00,https://resultadoelectoral.onpe.gob.pe/main/elecciones-municipales
provincial,140200,LIMA,CAJATAMBO,,6,3526,4130,,,604,24,24,0,0,100,2026-10-06T13:56:01-05:00,2026-10-06T18:59:45+00:00,https://resultadoelectoral.onpe.gob.pe/main/elecciones-municipales
provincial,140300,LIMA,CANTA,,7,8720,9963,,,1243,48,46,2,0,95.833,2026-10-06T13:56:01-05:00,2026-10-06T18:59:45+00:00,https://resultadoelectoral.onpe.gob.pe/main/elecciones-municipales
provincial,140400,LIMA,CAÑETE,,16,137051,158664,,,21613,673,657,16,0,97.623,2026-10-06T13:56:01-05:00,2026-10-06T18:59:45+00:00,https://resultadoelectoral.onpe.gob.pe/main/elecciones-municipales
provincial,140500,LIMA,HUAURA,,9,124585,146975,,,22390,655,646,9,0,98.626,2026-10-06T13:56:01-05:00,2026-10-06T18:59:45+00:00,https://resultadoelectoral.onpe.gob.pe/main/elecciones-municipales
provincial,140600,LIMA,HUAROCHIRÍ,,11,60926,70712,,,9786,344,332,12,0,96.512,2026-10-06T13:56:01-05:00,2026-10-06T18:59:45+00:00,https://resultadoelectoral.onpe.gob.pe/main/elecciones-municipales
provincial,140700,LIMA,YAUYOS,,7,17287,20228,,,2941,111,110,1,0,99.099,2026-10-06T13:56:01-05:00,2026-10-06T18:59:45+00:00,https://resultadoelectoral.onpe.gob.pe/main/elecciones-municipales
provincial,140800,LIMA,HUARAL,,14,104591,125064,,,20473,555,540,8,7,97.297,2026-10-06T13:56:01-05:00,2026-10-06T18:59:45+00:00,https://resultadoelectoral.onpe.gob.pe/main/elecciones-municipales
provincial,140900,LIMA,BARRANCA,,13,80273,92006,,,11733,421,413,8,0,98.1,2026-10-06T13:56:01-05:00,2026-10-06T18:59:45+00:00,https://resultadoelectoral.onpe.gob.pe/main/elecciones-municipales
provincial,141000,LIMA,OYÓN,,7,7682,9279,,,1597,50,49,1,0,98,2026-10-06T13:56:01-05:00,2026-10-06T18:59:45+00:00,https://resultadoelectoral.onpe.gob.pe/main/elecciones-municipales
provincial,150100,LORETO,MAYNAS,,14,204488,232886,,,28398,1331,1237,90,4,92.938,2026-10-06T13:56:01-05:00,2026-10-06T18:59:45+00:00,https://resultadoelectoral.onpe.gob.pe/main/elecciones-municipales
provincial,150200,LORETO,ALTO AMAZONAS,,8,45734,52433,,,6699,368,266,27,75,72.283,2026-10-06T13:56:01-05:00,2026-10-06T18:59:45+00:00,https://resultadoelectoral.onpe.gob.pe/main/elecciones-municipales
provincial,150300,LORETO,LORETO,,10,21661,24038,,,2377,203,139,11,53,68.473,2026-10-06T13:56:01-05:00,2026-10-06T18:59:45+00:00,https://resultadoelectoral.onpe.gob.pe/main/elecciones-municipales
provincial,150400,LORETO,REQUENA,,6,25898,28295,,,2397,193,151,11,31,78.238,2026-10-06T13:56:01-05:00,2026-10-06T18:59:45+00:00,https://resultadoelectoral.onpe.gob.pe/main/elecciones-municipales
provincial,150500,LORETO,UCAYALI,,7,27988,30564,,,2576,191,179,12,0,93.717,2026-10-06T13:56:01-05:00,2026-10-06T18:59:45+00:00,https://resultadoelectoral.onpe.gob.pe/main/elecciones-municipales
provincial,150600,LORETO,MARISCAL RAMÓN CASTILLA,,7,24008,28863,,,4855,196,187,9,0,95.408,2026-10-06T13:56:01-05:00,2026-10-06T18:59:45+00:00,https://resultadoelectoral.onpe.gob.pe/main/elecciones-municipales
provincial,150700,LORETO,DATEM DEL MARAÑÓN,,8,3147,3373,,,226,202,20,2,180,9.901,2026-10-06T13:56:01-05:00,2026-10-06T18:59:45+00:00,https://resultadoelectoral.onpe.gob.pe/main/elecciones-municipales
provincial,150900,LORETO,PUTUMAYO,,6,214,311,,,97,30,2,0,28,6.667,2026-10-06T13:56:01-05:00,2026-10-06T18:59:45+00:00,https://resultadoelectoral.onpe.gob.pe/main/elecciones-municipales
provincial,160100,MADRE DE DIOS,TAMBOPATA,,11,68027,79487,,,11460,404,396,8,0,98.02,2026-10-06T13:56:01-05:00,2026-10-06T18:59:45+00:00,https://resultadoelectoral.onpe.gob.pe/main/elecciones-municipales
provincial,160200,MADRE DE DIOS,MANÚ,,6,8135,10906,,,2771,71,70,1,0,98.592,2026-10-06T13:56:01-05:00,2026-10-06T18:59:45+00:00,https://resultadoelectoral.onpe.gob.pe/main/elecciones-municipales
provincial,160300,MADRE DE DIOS,TAHUAMANÚ,,5,5761,6565,,,804,36,35,1,0,97.222,2026-10-06T13:56:01-05:00,2026-10-06T18:59:45+00:00,https://resultadoelectoral.onpe.gob.pe/main/elecciones-municipales
provincial,170100,MOQUEGUA,MARISCAL NIETO,,13,58443,65223,,,6780,281,278,3,0,98.932,2026-10-06T13:56:01-05:00,2026-10-06T18:59:45+00:00,https://resultadoelectoral.onpe.gob.pe/main/elecciones-municipales
provincial,170200,MOQUEGUA,GENERAL SÁNCHEZ CERRO,,6,10118,11798,,,1680,60,58,2,0,96.667,2026-10-06T13:56:01-05:00,2026-10-06T18:59:45+00:00,https://resultadoelectoral.onpe.gob.pe/main/elecciones-municipales
provincial,170300,MOQUEGUA,ILO,,15,46988,52663,,,5675,231,228,3,0,98.701,2026-10-06T13:56:01-05:00,2026-10-06T18:59:45+00:00,https://resultadoelectoral.onpe.gob.pe/main/elecciones-municipales
provincial,180100,PASCO,PASCO,,8,64997,73640,,,8643,375,372,3,0,99.2,2026-10-06T13:56:01-05:00,2026-10-06T18:59:45+00:00,https://resultadoelectoral.onpe.gob.pe/main/elecciones-municipales
provincial,180200,PASCO,DANIEL ALCIDES CARRIÓN,,8,17701,19536,,,1835,106,104,2,0,98.113,2026-10-06T13:56:01-05:00,2026-10-06T18:59:45+00:00,https://resultadoelectoral.onpe.gob.pe/main/elecciones-municipales
provincial,180300,PASCO,OXAPAMPA,,7,48016,55637,,,7621,308,306,2,0,99.351,2026-10-06T13:56:01-05:00,2026-10-06T18:59:45+00:00,https://resultadoelectoral.onpe.gob.pe/main/elecciones-municipales
provincial,190100,PIURA,PIURA,,13,389524,470333,,,80809,2177,2088,89,0,95.912,2026-10-06T13:56:01-05:00,2026-10-06T18:59:45+00:00,https://resultadoelectoral.onpe.gob.pe/main/elecciones-municipales
provincial,190200,PIURA,AYABACA,,6,62756,71929,,,9173,392,389,3,0,99.235,2026-10-06T13:56:01-05:00,2026-10-06T18:59:45+00:00,https://resultadoelectoral.onpe.gob.pe/main/elecciones-municipales
provincial,190300,PIURA,HUANCABAMBA,,7,58866,66868,,,8002,359,352,7,0,98.05,2026-10-06T13:56:01-05:00,2026-10-06T18:59:45+00:00,https://resultadoelectoral.onpe.gob.pe/main/elecciones-municipales
provincial,190400,PIURA,MORROPÓN,,12,87717,102148,,,14431,496,464,9,23,93.548,2026-10-06T13:56:01-05:00,2026-10-06T18:59:45+00:00,https://resultadoelectoral.onpe.gob.pe/main/elecciones-municipales
provincial,190500,PIURA,PAITA,,12,71768,80922,,,9154,349,346,3,0,99.14,2026-10-06T13:56:01-05:00,2026-10-06T18:59:45+00:00,https://resultadoelectoral.onpe.gob.pe/main/elecciones-municipales
provincial,190600,PIURA,SULLANA,,12,164438,197257,,,32819,889,864,25,0,97.188,2026-10-06T13:56:01-05:00,2026-10-06T18:59:45+00:00,https://resultadoelectoral.onpe.gob.pe/main/elecciones-municipales
provincial,190700,PIURA,TALARA,,10,68949,79270,,,10321,384,369,15,0,96.094,2026-10-06T13:56:01-05:00,2026-10-06T18:59:45+00:00,https://resultadoelectoral.onpe.gob.pe/main/elecciones-municipales
provincial,190800,PIURA,SECHURA,,5,46293,51914,,,5621,216,214,2,0,99.074,2026-10-06T13:56:01-05:00,2026-10-06T18:59:45+00:00,https://resultadoelectoral.onpe.gob.pe/main/elecciones-municipales
provincial,200100,PUNO,PUNO,,9,130118,147150,,,17032,639,634,5,0,99.218,2026-10-06T13:56:01-05:00,2026-10-06T18:59:45+00:00,https://resultadoelectoral.onpe.gob.pe/main/elecciones-municipales
provincial,200200,PUNO,AZÁNGARO,,6,71925,83252,,,11327,363,354,9,0,97.521,2026-10-06T13:56:01-05:00,2026-10-06T18:59:45+00:00,https://resultadoelectoral.onpe.gob.pe/main/elecciones-municipales
provincial,200300,PUNO,CARABAYA,,4,33386,39371,,,5985,189,188,1,0,99.471,2026-10-06T13:56:01-05:00,2026-10-06T18:59:45+00:00,https://resultadoelectoral.onpe.gob.pe/main/elecciones-municipales
provincial,200400,PUNO,CHUCUITO,,7,43466,49616,,,6150,230,230,0,0,100,2026-10-06T13:56:01-05:00,2026-10-06T18:59:45+00:00,https://resultadoelectoral.onpe.gob.pe/main/elecciones-municipales
provincial,200500,PUNO,HUANCANÉ,,7,40615,46527,,,5912,202,202,0,0,100,2026-10-06T13:56:01-05:00,2026-10-06T18:59:45+00:00,https://resultadoelectoral.onpe.gob.pe/main/elecciones-municipales
provincial,200600,PUNO,LAMPA,,5,28320,31754,,,3434,134,132,2,0,98.507,2026-10-06T13:56:01-05:00,2026-10-06T18:59:45+00:00,https://resultadoelectoral.onpe.gob.pe/main/elecciones-municipales
provincial,200700,PUNO,MELGAR,,8,39951,44368,,,4417,200,197,3,0,98.5,2026-10-06T13:56:01-05:00,2026-10-06T18:59:45+00:00,https://resultadoelectoral.onpe.gob.pe/main/elecciones-municipales
provincial,200800,PUNO,SANDIA,,5,29762,34806,,,5044,170,170,0,0,100,2026-10-06T13:56:01-05:00,2026-10-06T18:59:45+00:00,https://resultadoelectoral.onpe.gob.pe/main/elecciones-municipales
provincial,200900,PUNO,SAN ROMÁN,,11,172710,190703,,,17993,778,774,4,0,99.486,2026-10-06T13:56:01-05:00,2026-10-06T18:59:45+00:00,https://resultadoelectoral.onpe.gob.pe/main/elecciones-municipales
provincial,201000,PUNO,YUNGUYO,,3,18676,22624,,,3948,112,112,0,0,100,2026-10-06T13:56:01-05:00,2026-10-06T18:59:45+00:00,https://resultadoelectoral.onpe.gob.pe/main/elecciones-municipales
provincial,201100,PUNO,SAN ANTONIO DE PUTINA,,7,17636,20047,,,2411,87,85,2,0,97.701,2026-10-06T13:56:01-05:00,2026-10-06T18:59:45+00:00,https://resultadoelectoral.onpe.gob.pe/main/elecciones-municipales
provincial,201200,PUNO,EL COLLAO,,7,37329,41719,,,4390,189,185,4,0,97.884,2026-10-06T13:56:01-05:00,2026-10-06T18:59:45+00:00,https://resultadoelectoral.onpe.gob.pe/main/elecciones-municipales
provincial,201300,PUNO,MOHO,,5,14414,16897,,,2483,87,87,0,0,100,2026-10-06T13:56:01-05:00,2026-10-06T18:59:45+00:00,https://resultadoelectoral.onpe.gob.pe/main/elecciones-municipales
provincial,210100,SAN MARTÍN,MOYOBAMBA,,7,69718,79806,,,10088,380,379,1,0,99.737,2026-10-06T13:56:01-05:00,2026-10-06T18:59:45+00:00,https://resultadoelectoral.onpe.gob.pe/main/elecciones-municipales
provincial,210200,SAN MARTÍN,HUALLAGA,,5,17447,19064,,,1617,90,88,2,0,97.778,2026-10-06T13:56:01-05:00,2026-10-06T18:59:45+00:00,https://resultadoelectoral.onpe.gob.pe/main/elecciones-municipales
provincial,210300,SAN MARTÍN,LAMAS,,6,49798,56926,,,7128,261,256,5,0,98.084,2026-10-06T13:56:01-05:00,2026-10-06T18:59:45+00:00,https://resultadoelectoral.onpe.gob.pe/main/elecciones-municipales
provincial,210400,SAN MARTÍN,MARISCAL CÁCERES,,6,34331,38401,,,4070,188,182,6,0,96.809,2026-10-06T13:56:01-05:00,2026-10-06T18:59:45+00:00,https://resultadoelectoral.onpe.gob.pe/main/elecciones-municipales
provincial,210500,SAN MARTÍN,RIOJA,,7,73930,82300,,,8370,382,381,1,0,99.738,2026-10-06T13:56:01-05:00,2026-10-06T18:59:45+00:00,https://resultadoelectoral.onpe.gob.pe/main/elecciones-municipales
provincial,210600,SAN MARTÍN,SAN MARTÍN,,9,110913,126766,,,15853,572,563,9,0,98.427,2026-10-06T13:56:01-05:00,2026-10-06T18:59:45+00:00,https://resultadoelectoral.onpe.gob.pe/main/elecciones-municipales
provincial,210700,SAN MARTÍN,BELLAVISTA,,5,31917,35622,,,3705,174,168,6,0,96.552,2026-10-06T13:56:01-05:00,2026-10-06T18:59:45+00:00,https://resultadoelectoral.onpe.gob.pe/main/elecciones-municipales
provincial,210800,SAN MARTÍN,TOCACHE,,6,39239,45387,,,6148,232,227,5,0,97.845,2026-10-06T13:56:01-05:00,2026-10-06T18:59:45+00:00,https://resultadoelectoral.onpe.gob.pe/main/elecciones-municipales
provincial,210900,SAN MARTÍN,PICOTA,,5,24646,28646,,,4000,131,126,5,0,96.183,2026-10-06T13:56:01-05:00,2026-10-06T18:59:45+00:00,https://resultadoelectoral.onpe.gob.pe/main/elecciones-municipales
provincial,211000,SAN MARTÍN,EL DORADO,,5,21107,24863,,,3756,115,111,4,0,96.522,2026-10-06T13:56:01-05:00,2026-10-06T18:59:45+00:00,https://resultadoelectoral.onpe.gob.pe/main/elecciones-municipales
provincial,220100,TACNA,TACNA,,9,190748,223646,,,32898,942,934,8,0,99.151,2026-10-06T13:56:01-05:00,2026-10-06T18:59:45+00:00,https://resultadoelectoral.onpe.gob.pe/main/elecciones-municipales
provincial,220200,TACNA,TARATA,,4,5173,5995,,,822,28,28,0,0,100,2026-10-06T13:56:01-05:00,2026-10-06T18:59:45+00:00,https://resultadoelectoral.onpe.gob.pe/main/elecciones-municipales
provincial,220300,TACNA,JORGE BASADRE,,9,8416,9075,,,659,40,40,0,0,100,2026-10-06T13:56:01-05:00,2026-10-06T18:59:45+00:00,https://resultadoelectoral.onpe.gob.pe/main/elecciones-municipales
provincial,220400,TACNA,CANDARAVE,,5,4616,5185,,,569,24,24,0,0,100,2026-10-06T13:56:01-05:00,2026-10-06T18:59:45+00:00,https://resultadoelectoral.onpe.gob.pe/main/elecciones-municipales
provincial,230100,TUMBES,TUMBES,,15,79731,94166,,,14435,425,416,9,0,97.882,2026-10-06T13:56:01-05:00,2026-10-06T18:59:45+00:00,https://resultadoelectoral.onpe.gob.pe/main/elecciones-municipales
provincial,230200,TUMBES,CONTRALMIRANTE VILLAR,,9,12273,13593,,,1320,61,60,1,0,98.361,2026-10-06T13:56:01-05:00,2026-10-06T18:59:45+00:00,https://resultadoelectoral.onpe.gob.pe/main/elecciones-municipales
provincial,230300,TUMBES,ZARUMILLA,,9,25691,29249,,,3558,135,131,4,0,97.037,2026-10-06T13:56:01-05:00,2026-10-06T18:59:45+00:00,https://resultadoelectoral.onpe.gob.pe/main/elecciones-municipales
provincial,240100,CALLAO,CALLAO,,6,526859,630929,,,104070,2900,2832,68,0,97.655,2026-10-06T13:56:01-05:00,2026-10-06T18:59:45+00:00,https://resultadoelectoral.onpe.gob.pe/main/elecciones-municipales
provincial,250100,UCAYALI,CORONEL PORTILLO,,14,187615,217640,,,30025,1157,1115,41,1,96.37,2026-10-06T13:56:01-05:00,2026-10-06T18:59:45+00:00,https://resultadoelectoral.onpe.gob.pe/main/elecciones-municipales
provincial,250200,UCAYALI,PADRE ABAD,,7,35638,42339,,,6701,220,210,10,0,95.455,2026-10-06T13:56:01-05:00,2026-10-06T18:59:45+00:00,https://resultadoelectoral.onpe.gob.pe/main/elecciones-municipales
provincial,250300,UCAYALI,ATALAYA,,11,20883,25118,,,4235,173,168,5,0,97.11,2026-10-06T13:56:01-05:00,2026-10-06T18:59:45+00:00,https://resultadoelectoral.onpe.gob.pe/main/elecciones-municipales
provincial,250400,UCAYALI,PURÚS,,6,1625,1837,,,212,12,12,0,0,100,2026-10-06T13:56:01-05:00,2026-10-06T18:59:45+00:00,https://resultadoelectoral.onpe.gob.pe/main/elecciones-municipales
distrital,010102,AMAZONAS,CHACHAPOYAS,ASUNCIÓN,4,220,253,,,33,2,2,0,0,100,2026-10-06T13:56:01-05:00,2026-10-06T18:59:45+00:00,https://resultadoelectoral.onpe.gob.pe/main/elecciones-municipales
distrital,010103,AMAZONAS,CHACHAPOYAS,BALSAS,4,738,921,,,183,5,5,0,0,100,2026-10-06T13:56:01-05:00,2026-10-06T18:59:45+00:00,https://resultadoelectoral.onpe.gob.pe/main/elecciones-municipales
distrital,010104,AMAZONAS,CHACHAPOYAS,CHETO,4,526,579,,,53,3,3,0,0,100,2026-10-06T13:56:01-05:00,2026-10-06T18:59:45+00:00,https://resultadoelectoral.onpe.gob.pe/main/elecciones-municipales
distrital,010105,AMAZONAS,CHACHAPOYAS,CHILIQUIN,4,704,777,,,73,4,4,0,0,100,2026-10-06T13:56:01-05:00,2026-10-06T18:59:45+00:00,https://resultadoelectoral.onpe.gob.pe/main/elecciones-municipales
distrital,010106,AMAZONAS,CHACHAPOYAS,CHUQUIBAMBA,4,1046,1135,,,89,8,8,0,0,100,2026-10-06T13:56:01-05:00,2026-10-06T18:59:45+00:00,https://resultadoelectoral.onpe.gob.pe/main/elecciones-municipales
distrital,010107,AMAZONAS,CHACHAPOYAS,GRANADA,4,470,493,,,23,2,2,0,0,100,2026-10-06T13:56:01-05:00,2026-10-06T18:59:45+00:00,https://resultadoelectoral.onpe.gob.pe/main/elecciones-municipales
distrital,010108,AMAZONAS,CHACHAPOYAS,HUANCAS,4,618,719,,,101,3,3,0,0,100,2026-10-06T13:56:01-05:00,2026-10-06T18:59:45+00:00,https://resultadoelectoral.onpe.gob.pe/main/elecciones-municipales
distrital,010109,AMAZONAS,CHACHAPOYAS,LA JALCA,4,3209,3513,,,304,17,17,0,0,100,2026-10-06T13:56:01-05:00,2026-10-06T18:59:45+00:00,https://resultadoelectoral.onpe.gob.pe/main/elecciones-municipales
distrital,010110,AMAZONAS,CHACHAPOYAS,LEIMEBAMBA,4,1906,2121,,,215,10,10,0,0,100,2026-10-06T13:56:01-05:00,2026-10-06T18:59:45+00:00,https://resultadoelectoral.onpe.gob.pe/main/elecciones-municipales
distrital,010111,AMAZONAS,CHACHAPOYAS,LEVANTO,4,925,984,,,59,4,4,0,0,100,2026-10-06T13:56:01-05:00,2026-10-06T18:59:45+00:00,https://resultadoelectoral.onpe.gob.pe/main/elecciones-municipales
distrital,010112,AMAZONAS,CHACHAPOYAS,MAGDALENA,4,418,452,,,34,3,2,1,0,66.667,2026-10-06T13:56:01-05:00,2026-10-06T18:59:45+00:00,https://resultadoelectoral.onpe.gob.pe/main/elecciones-municipales
distrital,010113,AMAZONAS,CHACHAPOYAS,MARISCAL CASTILLA,4,483,531,,,48,4,3,1,0,75,2026-10-06T13:56:01-05:00,2026-10-06T18:59:45+00:00,https://resultadoelectoral.onpe.gob.pe/main/elecciones-municipales
distrital,010114,AMAZONAS,CHACHAPOYAS,MOLINOPAMPA,4,1473,1597,,,124,8,7,1,0,87.5,2026-10-06T13:56:01-05:00,2026-10-06T18:59:45+00:00,https://resultadoelectoral.onpe.gob.pe/main/elecciones-municipales
distrital,010115,AMAZONAS,CHACHAPOYAS,MONTEVIDEO,4,543,578,,,35,3,3,0,0,100,2026-10-06T13:56:01-05:00,2026-10-06T18:59:45+00:00,https://resultadoelectoral.onpe.gob.pe/main/elecciones-municipales
distrital,010116,AMAZONAS,CHACHAPOYAS,OLLEROS,4,369,390,,,21,2,2,0,0,100,2026-10-06T13:56:01-05:00,2026-10-06T18:59:45+00:00,https://resultadoelectoral.onpe.gob.pe/main/elecciones-municipales
distrital,010117,AMAZONAS,CHACHAPOYAS,QUINJALCA,4,392,457,,,65,3,3,0,0,100,2026-10-06T14:02:01-05:00,2026-10-06T18:59:45+00:00,https://resultadoelectoral.onpe.gob.pe/main/elecciones-municipales
distrital,010118,AMAZONAS,CHACHAPOYAS,SAN FRANCISCO DE DAGUAS,4,238,309,,,71,2,2,0,0,100,2026-10-06T14:02:01-05:00,2026-10-06T18:59:45+00:00,https://resultadoelectoral.onpe.gob.pe/main/elecciones-municipales
distrital,010119,AMAZONAS,CHACHAPOYAS,SAN ISIDRO DE MAINO,4,570,607,,,37,3,3,0,0,100,2026-10-06T14:02:01-05:00,2026-10-06T18:59:45+00:00,https://resultadoelectoral.onpe.gob.pe/main/elecciones-municipales
distrital,010120,AMAZONAS,CHACHAPOYAS,SOLOCO,4,1149,1279,,,130,6,6,0,0,100,2026-10-06T14:02:01-05:00,2026-10-06T18:59:45+00:00,https://resultadoelectoral.onpe.gob.pe/main/elecciones-municipales
distrital,010121,AMAZONAS,CHACHAPOYAS,SONCHE,4,296,321,,,25,2,2,0,0,100,2026-10-06T14:02:01-05:00,2026-10-06T18:59:45+00:00,https://resultadoelectoral.onpe.gob.pe/main/elecciones-municipales
distrital,010201,AMAZONAS,BAGUA,LA PECA,5,4313,4604,,,291,25,25,0,0,100,2026-10-06T13:56:01-05:00,2026-10-06T18:59:45+00:00,https://resultadoelectoral.onpe.gob.pe/main/elecciones-municipales
distrital,010202,AMAZONAS,BAGUA,ARAMANGO,5,5658,6300,,,642,35,35,0,0,100,2026-10-06T13:56:01-05:00,2026-10-06T18:59:45+00:00,https://resultadoelectoral.onpe.gob.pe/main/elecciones-municipales
distrital,010203,AMAZONAS,BAGUA,COPALLIN,5,3221,3539,,,318,16,16,0,0,100,2026-10-06T13:56:01-05:00,2026-10-06T18:59:45+00:00,https://resultadoelectoral.onpe.gob.pe/main/elecciones-municipales
distrital,010204,AMAZONAS,BAGUA,EL PARCO,5,1062,1121,,,59,6,5,1,0,83.333,2026-10-06T13:56:01-05:00,2026-10-06T18:59:45+00:00,https://resultadoelectoral.onpe.gob.pe/main/elecciones-municipales
distrital,010206,AMAZONAS,BAGUA,IMAZA,5,7207,12351,,,5144,96,84,4,8,87.5,2026-10-06T13:56:01-05:00,2026-10-06T18:59:45+00:00,https://resultadoelectoral.onpe.gob.pe/main/elecciones-municipales
distrital,010302,AMAZONAS,BONGARÁ,COROSHA,4,519,558,,,39,3,3,0,0,100,2026-10-06T14:02:01-05:00,2026-10-06T18:59:45+00:00,https://resultadoelectoral.onpe.gob.pe/main/elecciones-municipales
distrital,010303,AMAZONAS,BONGARÁ,CUISPES,4,557,688,,,131,3,3,0,0,100,2026-10-06T14:02:01-05:00,2026-10-06T18:59:45+00:00,https://resultadoelectoral.onpe.gob.pe/main/elecciones-municipales
distrital,010304,AMAZONAS,BONGARÁ,CHISQUILLA,4,348,372,,,24,2,2,0,0,100,2026-10-06T14:02:01-05:00,2026-10-06T18:59:45+00:00,https://resultadoelectoral.onpe.gob.pe/main/elecciones-municipales
distrital,010305,AMAZONAS,BONGARÁ,CHURUJA,4,249,269,,,20,2,2,0,0,100,2026-10-06T14:02:01-05:00,2026-10-06T18:59:45+00:00,https://resultadoelectoral.onpe.gob.pe/main/elecciones-municipales
distrital,010306,AMAZONAS,BONGARÁ,FLORIDA,4,3387,3692,,,305,17,17,0,0,100,2026-10-06T14:02:01-05:00,2026-10-06T18:59:45+00:00,https://resultadoelectoral.onpe.gob.pe/main/elecciones-municipales
distrital,010307,AMAZONAS,BONGARÁ,RECTA,4,121,138,,,17,2,1,1,0,50,2026-10-06T14:02:01-05:00,2026-10-06T18:59:45+00:00,https://resultadoelectoral.onpe.gob.pe/main/elecciones-municipales
distrital,010308,AMAZONAS,BONGARÁ,SAN CARLOS,4,459,496,,,37,3,3,0,0,100,2026-10-06T14:02:01-05:00,2026-10-06T18:59:45+00:00,https://resultadoelectoral.onpe.gob.pe/main/elecciones-municipales
distrital,010309,AMAZONAS,BONGARÁ,SHIPASBAMBA,4,1067,1173,,,106,6,6,0,0,100,2026-10-06T14:02:01-05:00,2026-10-06T18:59:45+00:00,https://resultadoelectoral.onpe.gob.pe/main/elecciones-municipales
distrital,010310,AMAZONAS,BONGARÁ,VALERA,4,858,901,,,43,4,4,0,0,100,2026-10-06T14:02:01-05:00,2026-10-06T18:59:45+00:00,https://resultadoelectoral.onpe.gob.pe/main/elecciones-municipales
distrital,010311,AMAZONAS,BONGARÁ,YAMBRASBAMBA,4,3464,3794,,,330,19,19,0,0,100,2026-10-06T14:02:01-05:00,2026-10-06T18:59:45+00:00,https://resultadoelectoral.onpe.gob.pe/main/elecciones-municipales
distrital,010312,AMAZONAS,BONGARÁ,JAZAN,4,3555,3981,,,426,21,21,0,0,100,2026-10-06T14:02:01-05:00,2026-10-06T18:59:45+00:00,https://resultadoelectoral.onpe.gob.pe/main/elecciones-municipales
distrital,010402,AMAZONAS,LUYA,CAMPORREDONDO,4,3581,4166,,,585,20,20,0,0,100,2026-10-06T14:02:01-05:00,2026-10-06T18:59:45+00:00,https://resultadoelectoral.onpe.gob.pe/main/elecciones-municipales
distrital,010403,AMAZONAS,LUYA,COCABAMBA,4,926,1031,,,105,7,7,0,0,100,2026-10-06T14:02:01-05:00,2026-10-06T18:59:45+00:00,https://resultadoelectoral.onpe.gob.pe/main/elecciones-municipales
distrital,010404,AMAZONAS,LUYA,COLCAMAR,4,1203,1467,,,264,7,7,0,0,100,2026-10-06T14:02:01-05:00,2026-10-06T18:59:45+00:00,https://resultadoelectoral.onpe.gob.pe/main/elecciones-municipales
distrital,010405,AMAZONAS,LUYA,CONILA,4,1199,1319,,,120,6,6,0,0,100,2026-10-06T14:02:01-05:00,2026-10-06T18:59:45+00:00,https://resultadoelectoral.onpe.gob.pe/main/elecciones-municipales
distrital,010406,AMAZONAS,LUYA,INGUILPATA,4,501,535,,,34,3,3,0,0,100,2026-10-06T13:56:01-05:00,2026-10-06T18:59:45+00:00,https://resultadoelectoral.onpe.gob.pe/main/elecciones-municipales
distrital,010407,AMAZONAS,LUYA,LONGUITA,4,647,705,,,58,3,3,0,0,100,2026-10-06T14:02:01-05:00,2026-10-06T18:59:45+00:00,https://resultadoelectoral.onpe.gob.pe/main/elecciones-municipales
distrital,010408,AMAZONAS,LUYA,LONYA CHICO,4,673,711,,,38,3,3,0,0,100,2026-10-06T14:02:01-05:00,2026-10-06T18:59:45+00:00,https://resultadoelectoral.onpe.gob.pe/main/elecciones-municipales
distrital,010409,AMAZONAS,LUYA,LUYA,4,2290,2547,,,257,12,12,0,0,100,2026-10-06T14:02:01-05:00,2026-10-06T18:59:45+00:00,https://resultadoelectoral.onpe.gob.pe/main/elecciones-municipales
distrital,010410,AMAZONAS,LUYA,LUYA VIEJO,4,356,372,,,16,2,2,0,0,100,2026-10-06T14:02:01-05:00,2026-10-06T18:59:45+00:00,https://resultadoelectoral.onpe.gob.pe/main/elecciones-municipales
distrital,010411,AMAZONAS,LUYA,MARÍA,4,635,703,,,68,3,3,0,0,100,2026-10-06T14:02:01-05:00,2026-10-06T18:59:45+00:00,https://resultadoelectoral.onpe.gob.pe/main/elecciones-municipales
distrital,010412,AMAZONAS,LUYA,OCALLI,4,1766,2290,,,524,10,10,0,0,100,2026-10-06T14:02:01-05:00,2026-10-06T18:59:45+00:00,https://resultadoelectoral.onpe.gob.pe/main/elecciones-municipales
distrital,010413,AMAZONAS,LUYA,OCUMAL,4,2042,2275,,,233,11,11,0,0,100,2026-10-06T14:02:01-05:00,2026-10-06T18:59:45+00:00,https://resultadoelectoral.onpe.gob.pe/main/elecciones-municipales
distrital,010414,AMAZONAS,LUYA,PISUQUIA,4,2389,2703,,,314,18,18,0,0,100,2026-10-06T14:02:01-05:00,2026-10-06T18:59:45+00:00,https://resultadoelectoral.onpe.gob.pe/main/elecciones-municipales
distrital,010415,AMAZONAS,LUYA,SAN CRISTÓBAL,4,488,521,,,33,3,3,0,0,100,2026-10-06T14:02:01-05:00,2026-10-06T18:59:45+00:00,https://resultadoelectoral.onpe.gob.pe/main/elecciones-municipales
distrital,010416,AMAZONAS,LUYA,SAN FRANCISCO DEL YESO,4,497,542,,,45,3,3,0,0,100,2026-10-06T14:02:01-05:00,2026-10-06T18:59:45+00:00,https://resultadoelectoral.onpe.gob.pe/main/elecciones-municipales
distrital,010417,AMAZONAS,LUYA,SAN JERÓNIMO,4,842,897,,,55,4,4,0,0,100,2026-10-06T14:02:01-05:00,2026-10-06T18:59:45+00:00,https://resultadoelectoral.onpe.gob.pe/main/elecciones-municipales
distrital,010418,AMAZONAS,LUYA,SAN JUAN DE LOPECANCHA,4,375,411,,,36,2,2,0,0,100,2026-10-06T14:02:01-05:00,2026-10-06T18:59:45+00:00,https://resultadoelectoral.onpe.gob.pe/main/elecciones-municipales
distrital,010419,AMAZONAS,LUYA,SANTA CATALINA,4,1080,1486,,,406,7,7,0,0,100,2026-10-06T14:02:01-05:00,2026-10-06T18:59:45+00:00,https://resultadoelectoral.onpe.gob.pe/main/elecciones-municipales
distrital,010420,AMAZONAS,LUYA,SANTO TOMÁS,4,1598,1812,,,214,11,11,0,0,100,2026-10-06T14:02:01-05:00,2026-10-06T18:59:45+00:00,https://resultadoelectoral.onpe.gob.pe/main/elecciones-municipales
distrital,010421,AMAZONAS,LUYA,TINGO,4,1079,1146,,,67,5,5,0,0,100,2026-10-06T14:02:01-05:00,2026-10-06T18:59:45+00:00,https://resultadoelectoral.onpe.gob.pe/main/elecciones-municipales
distrital,010422,AMAZONAS,LUYA,TRITA,4,910,971,,,61,4,4,0,0,100,2026-10-06T14:02:01-05:00,2026-10-06T18:59:45+00:00,https://resultadoelectoral.onpe.gob.pe/main/elecciones-municipales
distrital,010423,AMAZONAS,LUYA,PROVIDENCIA,4,977,1029,,,52,5,5,0,0,100,2026-10-06T14:02:01-05:00,2026-10-06T18:59:45+00:00,https://resultadoelectoral.onpe.gob.pe/main/elecciones-municipales
distrital,010502,AMAZONAS,RODRÍGUEZ DE MENDOZA,COCHAMAL,5,578,612,,,34,3,3,0,0,100,2026-10-06T14:02:01-05:00,2026-10-06T18:59:45+00:00,https://resultadoelectoral.onpe.gob.pe/main/elecciones-municipales
distrital,010503,AMAZONAS,RODRÍGUEZ DE MENDOZA,CHIRIMOTO,5,1396,1507,,,111,8,8,0,0,100,2026-10-06T14:02:01-05:00,2026-10-06T18:59:45+00:00,https://resultadoelectoral.onpe.gob.pe/main/elecciones-municipales
distrital,010504,AMAZONAS,RODRÍGUEZ DE MENDOZA,HUAMBO,5,1722,1854,,,132,9,9,0,0,100,2026-10-06T14:02:01-05:00,2026-10-06T18:59:45+00:00,https://resultadoelectoral.onpe.gob.pe/main/elecciones-municipales
distrital,010505,AMAZONAS,RODRÍGUEZ DE MENDOZA,LIMABAMBA,5,1025,1119,,,94,5,5,0,0,100,2026-10-06T14:02:01-05:00,2026-10-06T18:59:45+00:00,https://resultadoelectoral.onpe.gob.pe/main/elecciones-municipales
distrital,010506,AMAZONAS,RODRÍGUEZ DE MENDOZA,LONGAR,5,988,1046,,,58,6,5,1,0,83.333,2026-10-06T14:02:01-05:00,2026-10-06T18:59:45+00:00,https://resultadoelectoral.onpe.gob.pe/main/elecciones-municipales
distrital,010507,AMAZONAS,RODRÍGUEZ DE MENDOZA,MILPUCC,5,490,519,,,29,3,3,0,0,100,2026-10-06T14:02:01-05:00,2026-10-06T18:59:45+00:00,https://resultadoelectoral.onpe.gob.pe/main/elecciones-municipales
distrital,010508,AMAZONAS,RODRÍGUEZ DE MENDOZA,MARISCAL BENAVIDES,5,1273,1371,,,98,6,6,0,0,100,2026-10-06T14:02:01-05:00,2026-10-06T18:59:45+00:00,https://resultadoelectoral.onpe.gob.pe/main/elecciones-municipales
distrital,010509,AMAZONAS,RODRÍGUEZ DE MENDOZA,OMIA,5,4289,4743,,,454,28,27,1,0,96.429,2026-10-06T13:56:01-05:00,2026-10-06T18:59:45+00:00,https://resultadoelectoral.onpe.gob.pe/main/elecciones-municipales
distrital,010510,AMAZONAS,RODRÍGUEZ DE MENDOZA,SANTA ROSA,5,446,478,,,32,2,2,0,0,100,2026-10-06T13:56:01-05:00,2026-10-06T18:59:45+00:00,https://resultadoelectoral.onpe.gob.pe/main/elecciones-municipales
distrital,010511,AMAZONAS,RODRÍGUEZ DE MENDOZA,TOTORA,5,411,420,,,9,2,2,0,0,100,2026-10-06T13:56:01-05:00,2026-10-06T18:59:45+00:00,https://resultadoelectoral.onpe.gob.pe/main/elecciones-municipales
distrital,010512,AMAZONAS,RODRÍGUEZ DE MENDOZA,VISTA ALEGRE,5,1824,1923,,,99,10,10,0,0,100,2026-10-06T13:56:01-05:00,2026-10-06T18:59:45+00:00,https://resultadoelectoral.onpe.gob.pe/main/elecciones-municipales
distrital,010602,AMAZONAS,CONDORCANQUI,RÍO SANTIAGO,10,5924,7242,,,1318,47,46,1,0,97.872,2026-10-06T13:56:01-05:00,2026-10-06T18:59:45+00:00,https://resultadoelectoral.onpe.gob.pe/main/elecciones-municipales
distrital,010603,AMAZONAS,CONDORCANQUI,EL CENEPA,10,4455,6017,,,1562,42,35,2,5,83.333,2026-10-06T13:56:01-05:00,2026-10-06T18:59:45+00:00,https://resultadoelectoral.onpe.gob.pe/main/elecciones-municipales
distrital,010702,AMAZONAS,UTCUBAMBA,CAJARURO,7,12551,14165,,,1614,76,75,1,0,98.684,2026-10-06T13:56:01-05:00,2026-10-06T18:59:45+00:00,https://resultadoelectoral.onpe.gob.pe/main/elecciones-municipales
distrital,010703,AMAZONAS,UTCUBAMBA,CUMBA,7,4944,5325,,,381,26,25,1,0,96.154,2026-10-06T14:02:01-05:00,2026-10-06T18:59:45+00:00,https://resultadoelectoral.onpe.gob.pe/main/elecciones-municipales
distrital,010704,AMAZONAS,UTCUBAMBA,EL MILAGRO,7,3522,4101,,,579,19,19,0,0,100,2026-10-06T14:02:01-05:00,2026-10-06T18:59:45+00:00,https://resultadoelectoral.onpe.gob.pe/main/elecciones-municipales
distrital,010705,AMAZONAS,UTCUBAMBA,JAMALCA,7,3900,4204,,,304,21,19,2,0,90.476,2026-10-06T14:02:01-05:00,2026-10-06T18:59:45+00:00,https://resultadoelectoral.onpe.gob.pe/main/elecciones-municipales
distrital,010706,AMAZONAS,UTCUBAMBA,LONYA GRANDE,7,5360,5920,,,560,28,27,1,0,96.429,2026-10-06T14:02:01-05:00,2026-10-06T18:59:45+00:00,https://resultadoelectoral.onpe.gob.pe/main/elecciones-municipales
distrital,010707,AMAZONAS,UTCUBAMBA,YAMON,7,2262,2420,,,158,12,12,0,0,100,2026-10-06T14:02:01-05:00,2026-10-06T18:59:45+00:00,https://resultadoelectoral.onpe.gob.pe/main/elecciones-municipales
distrital,020102,ÁNCASH,HUARAZ,INDEPENDENCIA,13,35469,42217,,,6748,186,184,2,0,98.925,2026-10-06T13:56:01-05:00,2026-10-06T18:59:45+00:00,https://resultadoelectoral.onpe.gob.pe/main/elecciones-municipales
distrital,020103,ÁNCASH,HUARAZ,COCHABAMBA,13,1022,1137,,,115,7,6,1,0,85.714,2026-10-06T14:02:01-05:00,2026-10-06T18:59:45+00:00,https://resultadoelectoral.onpe.gob.pe/main/elecciones-municipales
distrital,020104,ÁNCASH,HUARAZ,COLCABAMBA,13,244,260,,,16,2,2,0,0,100,2026-10-06T14:02:01-05:00,2026-10-06T18:59:45+00:00,https://resultadoelectoral.onpe.gob.pe/main/elecciones-municipales
distrital,020105,ÁNCASH,HUARAZ,HUANCHAY,13,1237,1423,,,186,8,8,0,0,100,2026-10-06T14:02:01-05:00,2026-10-06T18:59:45+00:00,https://resultadoelectoral.onpe.gob.pe/main/elecciones-municipales
distrital,020106,ÁNCASH,HUARAZ,JANGAS,13,3035,3581,,,546,16,15,1,0,93.75,2026-10-06T14:02:01-05:00,2026-10-06T18:59:45+00:00,https://resultadoelectoral.onpe.gob.pe/main/elecciones-municipales
distrital,020107,ÁNCASH,HUARAZ,LA LIBERTAD,13,1076,1136,,,60,5,5,0,0,100,2026-10-06T13:56:01-05:00,2026-10-06T18:59:45+00:00,https://resultadoelectoral.onpe.gob.pe/main/elecciones-municipales
distrital,020108,ÁNCASH,HUARAZ,OLLEROS,13,1958,2344,,,386,10,10,0,0,100,2026-10-06T14:02:01-05:00,2026-10-06T18:59:45+00:00,https://resultadoelectoral.onpe.gob.pe/main/elecciones-municipales
distrital,020109,ÁNCASH,HUARAZ,PAMPAS GRANDE,13,602,723,,,121,5,4,1,0,80,2026-10-06T14:02:01-05:00,2026-10-06T18:59:45+00:00,https://resultadoelectoral.onpe.gob.pe/main/elecciones-municipales
distrital,020110,ÁNCASH,HUARAZ,PARIACOTO,13,2866,3299,,,433,16,16,0,0,100,2026-10-06T14:02:01-05:00,2026-10-06T18:59:45+00:00,https://resultadoelectoral.onpe.gob.pe/main/elecciones-municipales
distrital,020111,ÁNCASH,HUARAZ,PIRA,13,2832,3223,,,391,16,16,0,0,100,2026-10-06T13:56:01-05:00,2026-10-06T18:59:45+00:00,https://resultadoelectoral.onpe.gob.pe/main/elecciones-municipales
distrital,020112,ÁNCASH,HUARAZ,TARICA,13,3823,4534,,,711,21,21,0,0,100,2026-10-06T14:02:01-05:00,2026-10-06T18:59:45+00:00,https://resultadoelectoral.onpe.gob.pe/main/elecciones-municipales
distrital,020203,ÁNCASH,AIJA,CORIS,6,1044,1176,,,132,6,6,0,0,100,2026-10-06T14:02:01-05:00,2026-10-06T18:59:45+00:00,https://resultadoelectoral.onpe.gob.pe/main/elecciones-municipales
distrital,020205,ÁNCASH,AIJA,HUACLLAN,6,454,497,,,43,2,2,0,0,100,2026-10-06T14:02:01-05:00,2026-10-06T18:59:45+00:00,https://resultadoelectoral.onpe.gob.pe/main/elecciones-municipales
distrital,020206,ÁNCASH,AIJA,LA MERCED,6,1461,1610,,,149,9,9,0,0,100,2026-10-06T13:56:01-05:00,2026-10-06T18:59:45+00:00,https://resultadoelectoral.onpe.gob.pe/main/elecciones-municipales
distrital,020208,ÁNCASH,AIJA,SUCCHA,6,523,597,,,74,3,3,0,0,100,2026-10-06T14:02:01-05:00,2026-10-06T18:59:45+00:00,https://resultadoelectoral.onpe.gob.pe/main/elecciones-municipales
distrital,020302,ÁNCASH,BOLOGNESI,ABELARDO PARDO LEZAMETA,4,0,0,,,0,1,0,1,0,0,2026-10-06T14:02:01-05:00,2026-10-06T18:59:45+00:00,https://resultadoelectoral.onpe.gob.pe/main/elecciones-municipales
distrital,020304,ÁNCASH,BOLOGNESI,AQUIA,4,1096,1372,,,276,8,8,0,0,100,2026-10-06T14:02:01-05:00,2026-10-06T18:59:45+00:00,https://resultadoelectoral.onpe.gob.pe/main/elecciones-municipales
distrital,020305,ÁNCASH,BOLOGNESI,CAJACAY,4,1004,1120,,,116,6,6,0,0,100,2026-10-06T14:02:01-05:00,2026-10-06T18:59:45+00:00,https://resultadoelectoral.onpe.gob.pe/main/elecciones-municipales
distrital,020310,ÁNCASH,BOLOGNESI,HUAYLLACAYAN,4,670,778,,,108,5,5,0,0,100,2026-10-06T14:02:01-05:00,2026-10-06T18:59:45+00:00,https://resultadoelectoral.onpe.gob.pe/main/elecciones-municipales
distrital,020311,ÁNCASH,BOLOGNESI,HUASTA,4,994,1117,,,123,7,7,0,0,100,2026-10-06T14:02:01-05:00,2026-10-06T18:59:45+00:00,https://resultadoelectoral.onpe.gob.pe/main/elecciones-municipales
distrital,020313,ÁNCASH,BOLOGNESI,MANGAS,4,508,533,,,25,3,3,0,0,100,2026-10-06T14:02:01-05:00,2026-10-06T18:59:45+00:00,https://resultadoelectoral.onpe.gob.pe/main/elecciones-municipales
distrital,020315,ÁNCASH,BOLOGNESI,PACLLON,4,637,741,,,104,4,4,0,0,100,2026-10-06T14:02:01-05:00,2026-10-06T18:59:45+00:00,https://resultadoelectoral.onpe.gob.pe/main/elecciones-municipales
distrital,020317,ÁNCASH,BOLOGNESI,SAN MIGUEL DE CORPANQUI,4,304,324,,,20,2,2,0,0,100,2026-10-06T14:02:01-05:00,2026-10-06T18:59:45+00:00,https://resultadoelectoral.onpe.gob.pe/main/elecciones-municipales
distrital,020320,ÁNCASH,BOLOGNESI,TICLLOS,4,276,396,,,120,3,3,0,0,100,2026-10-06T14:02:01-05:00,2026-10-06T18:59:45+00:00,https://resultadoelectoral.onpe.gob.pe/main/elecciones-municipales
distrital,020321,ÁNCASH,BOLOGNESI,ANTONIO RAYMONDI,4,748,1003,,,255,6,6,0,0,100,2026-10-06T13:56:01-05:00,2026-10-06T18:59:45+00:00,https://resultadoelectoral.onpe.gob.pe/main/elecciones-municipales
distrital,020322,ÁNCASH,BOLOGNESI,CANIS,4,349,361,,,12,2,2,0,0,100,2026-10-06T14:02:01-05:00,2026-10-06T18:59:45+00:00,https://resultadoelectoral.onpe.gob.pe/main/elecciones-municipales
distrital,020323,ÁNCASH,BOLOGNESI,COLQUIOC,4,1319,1415,,,96,7,7,0,0,100,2026-10-06T14:02:01-05:00,2026-10-06T18:59:45+00:00,https://resultadoelectoral.onpe.gob.pe/main/elecciones-municipales
distrital,020324,ÁNCASH,BOLOGNESI,LA PRIMAVERA,4,197,260,,,63,2,2,0,0,100,2026-10-06T14:02:01-05:00,2026-10-06T18:59:45+00:00,https://resultadoelectoral.onpe.gob.pe/main/elecciones-municipales
distrital,020325,ÁNCASH,BOLOGNESI,HUALLANCA,4,3228,3509,,,281,17,17,0,0,100,2026-10-06T14:02:01-05:00,2026-10-06T18:59:45+00:00,https://resultadoelectoral.onpe.gob.pe/main/elecciones-municipales
distrital,020402,ÁNCASH,CARHUAZ,ACOPAMPA,8,1637,1915,,,278,8,8,0,0,100,2026-10-06T13:56:01-05:00,2026-10-06T18:59:45+00:00,https://resultadoelectoral.onpe.gob.pe/main/elecciones-municipales
distrital,020403,ÁNCASH,CARHUAZ,AMASHCA,8,1277,1448,,,171,6,6,0,0,100,2026-10-06T13:56:01-05:00,2026-10-06T18:59:45+00:00,https://resultadoelectoral.onpe.gob.pe/main/elecciones-municipales
distrital,020404,ÁNCASH,CARHUAZ,ANTA,8,1623,1960,,,337,8,8,0,0,100,2026-10-06T13:56:01-05:00,2026-10-06T18:59:45+00:00,https://resultadoelectoral.onpe.gob.pe/main/elecciones-municipales
distrital,020405,ÁNCASH,CARHUAZ,ATAQUERO,8,1245,1365,,,120,6,6,0,0,100,2026-10-06T14:02:01-05:00,2026-10-06T18:59:45+00:00,https://resultadoelectoral.onpe.gob.pe/main/elecciones-municipales
distrital,020406,ÁNCASH,CARHUAZ,MARCARA,8,5570,6898,,,1328,31,30,1,0,96.774,2026-10-06T14:02:01-05:00,2026-10-06T18:59:45+00:00,https://resultadoelectoral.onpe.gob.pe/main/elecciones-municipales
distrital,020407,ÁNCASH,CARHUAZ,PARIAHUANCA,8,802,1118,,,316,5,5,0,0,100,2026-10-06T14:02:01-05:00,2026-10-06T18:59:45+00:00,https://resultadoelectoral.onpe.gob.pe/main/elecciones-municipales
distrital,020408,ÁNCASH,CARHUAZ,SAN MIGUEL DE ACO,8,1720,1935,,,215,9,9,0,0,100,2026-10-06T14:02:01-05:00,2026-10-06T18:59:45+00:00,https://resultadoelectoral.onpe.gob.pe/main/elecciones-municipales
distrital,020409,ÁNCASH,CARHUAZ,SHILLA,8,2042,2438,,,396,11,11,0,0,100,2026-10-06T14:02:01-05:00,2026-10-06T18:59:45+00:00,https://resultadoelectoral.onpe.gob.pe/main/elecciones-municipales
distrital,020410,ÁNCASH,CARHUAZ,TINCO,8,1917,2177,,,260,10,9,1,0,90,2026-10-06T14:02:01-05:00,2026-10-06T18:59:45+00:00,https://resultadoelectoral.onpe.gob.pe/main/elecciones-municipales
distrital,020411,ÁNCASH,CARHUAZ,YUNGAR,8,2124,2303,,,179,11,10,1,0,90.909,2026-10-06T14:02:01-05:00,2026-10-06T18:59:45+00:00,https://resultadoelectoral.onpe.gob.pe/main/elecciones-municipales
distrital,020502,ÁNCASH,CASMA,BUENA VISTA ALTA,9,2919,3634,,,715,15,15,0,0,100,2026-10-06T14:02:01-05:00,2026-10-06T18:59:45+00:00,https://resultadoelectoral.onpe.gob.pe/main/elecciones-municipales
distrital,020503,ÁNCASH,CASMA,COMANDANTE NOEL,9,1918,2153,,,235,9,9,0,0,100,2026-10-06T14:02:01-05:00,2026-10-06T18:59:45+00:00,https://resultadoelectoral.onpe.gob.pe/main/elecciones-municipales
distrital,020505,ÁNCASH,CASMA,YAUTAN,9,4518,5124,,,606,24,22,2,0,91.667,2026-10-06T14:02:01-05:00,2026-10-06T18:59:45+00:00,https://resultadoelectoral.onpe.gob.pe/main/elecciones-municipales
distrital,020602,ÁNCASH,CORONGO,ACO,5,237,267,,,30,2,2,0,0,100,2026-10-06T14:02:01-05:00,2026-10-06T18:59:45+00:00,https://resultadoelectoral.onpe.gob.pe/main/elecciones-municipales
distrital,020603,ÁNCASH,CORONGO,BAMBAS,5,244,306,,,62,2,2,0,0,100,2026-10-06T14:02:01-05:00,2026-10-06T18:59:45+00:00,https://resultadoelectoral.onpe.gob.pe/main/elecciones-municipales
distrital,020604,ÁNCASH,CORONGO,CUSCA,5,1778,1998,,,220,9,9,0,0,100,2026-10-06T14:02:01-05:00,2026-10-06T18:59:45+00:00,https://resultadoelectoral.onpe.gob.pe/main/elecciones-municipales
distrital,020605,ÁNCASH,CORONGO,LA PAMPA,5,610,721,,,111,4,4,0,0,100,2026-10-06T14:02:01-05:00,2026-10-06T18:59:45+00:00,https://resultadoelectoral.onpe.gob.pe/main/elecciones-municipales
distrital,020606,ÁNCASH,CORONGO,YANAC,5,409,480,,,71,3,3,0,0,100,2026-10-06T14:02:01-05:00,2026-10-06T18:59:45+00:00,https://resultadoelectoral.onpe.gob.pe/main/elecciones-municipales
distrital,020607,ÁNCASH,CORONGO,YUPAN,5,228,277,,,49,2,2,0,0,100,2026-10-06T14:02:01-05:00,2026-10-06T18:59:45+00:00,https://resultadoelectoral.onpe.gob.pe/main/elecciones-municipales
distrital,020702,ÁNCASH,HUAYLAS,HUALLANCA,10,593,647,,,54,4,3,1,0,75,2026-10-06T14:02:01-05:00,2026-10-06T18:59:45+00:00,https://resultadoelectoral.onpe.gob.pe/main/elecciones-municipales
distrital,020703,ÁNCASH,HUAYLAS,HUATA,10,672,1061,,,389,5,5,0,0,100,2026-10-06T14:02:01-05:00,2026-10-06T18:59:45+00:00,https://resultadoelectoral.onpe.gob.pe/main/elecciones-municipales
distrital,020704,ÁNCASH,HUAYLAS,HUAYLAS,10,897,997,,,100,5,5,0,0,100,2026-10-06T14:02:01-05:00,2026-10-06T18:59:45+00:00,https://resultadoelectoral.onpe.gob.pe/main/elecciones-municipales
distrital,020705,ÁNCASH,HUAYLAS,MATO,10,1210,1424,,,214,7,7,0,0,100,2026-10-06T14:02:01-05:00,2026-10-06T18:59:45+00:00,https://resultadoelectoral.onpe.gob.pe/main/elecciones-municipales
distrital,020706,ÁNCASH,HUAYLAS,PAMPAROMAS,10,3706,5132,,,1426,28,28,0,0,100,2026-10-06T14:02:01-05:00,2026-10-06T18:59:45+00:00,https://resultadoelectoral.onpe.gob.pe/main/elecciones-municipales
distrital,020707,ÁNCASH,HUAYLAS,PUEBLO LIBRE,10,4701,5453,,,752,23,23,0,0,100,2026-10-06T14:02:01-05:00,2026-10-06T18:59:45+00:00,https://resultadoelectoral.onpe.gob.pe/main/elecciones-municipales
distrital,020708,ÁNCASH,HUAYLAS,SANTA CRUZ,10,2700,3466,,,766,16,16,0,0,100,2026-10-06T14:02:01-05:00,2026-10-06T18:59:45+00:00,https://resultadoelectoral.onpe.gob.pe/main/elecciones-municipales
distrital,020709,ÁNCASH,HUAYLAS,YURACMARCA,10,1421,1546,,,125,9,8,1,0,88.889,2026-10-06T14:02:01-05:00,2026-10-06T18:59:45+00:00,https://resultadoelectoral.onpe.gob.pe/main/elecciones-municipales
distrital,020710,ÁNCASH,HUAYLAS,SANTO TORIBIO,10,590,675,,,85,4,4,0,0,100,2026-10-06T14:02:01-05:00,2026-10-06T18:59:45+00:00,https://resultadoelectoral.onpe.gob.pe/main/elecciones-municipales
distrital,020802,ÁNCASH,HUARI,CAJAY,5,2750,3019,,,269,14,13,1,0,92.857,2026-10-06T14:02:01-05:00,2026-10-06T18:59:45+00:00,https://resultadoelectoral.onpe.gob.pe/main/elecciones-municipales
distrital,020803,ÁNCASH,HUARI,CHAVÍN DE HUÁNTAR,5,4398,5784,,,1386,30,29,0,1,96.667,2026-10-06T14:02:01-05:00,2026-10-06T18:59:45+00:00,https://resultadoelectoral.onpe.gob.pe/main/elecciones-municipales
distrital,020804,ÁNCASH,HUARI,HUACACHI,5,2222,2322,,,100,11,11,0,0,100,2026-10-06T14:02:01-05:00,2026-10-06T18:59:45+00:00,https://resultadoelectoral.onpe.gob.pe/main/elecciones-municipales
distrital,020805,ÁNCASH,HUARI,HUACHIS,5,3880,4180,,,300,21,21,0,0,100,2026-10-06T14:02:01-05:00,2026-10-06T18:59:45+00:00,https://resultadoelectoral.onpe.gob.pe/main/elecciones-municipales
distrital,020806,ÁNCASH,HUARI,HUACCHIS,5,1738,1907,,,169,9,9,0,0,100,2026-10-06T14:02:01-05:00,2026-10-06T18:59:45+00:00,https://resultadoelectoral.onpe.gob.pe/main/elecciones-municipales
distrital,020807,ÁNCASH,HUARI,HUANTAR,5,2044,2270,,,226,11,11,0,0,100,2026-10-06T14:02:01-05:00,2026-10-06T18:59:45+00:00,https://resultadoelectoral.onpe.gob.pe/main/elecciones-municipales
distrital,020808,ÁNCASH,HUARI,MASIN,5,1432,1598,,,166,8,8,0,0,100,2026-10-06T14:02:01-05:00,2026-10-06T18:59:45+00:00,https://resultadoelectoral.onpe.gob.pe/main/elecciones-municipales
distrital,020809,ÁNCASH,HUARI,PAUCAS,5,1545,1843,,,298,9,9,0,0,100,2026-10-06T14:02:01-05:00,2026-10-06T18:59:45+00:00,https://resultadoelectoral.onpe.gob.pe/main/elecciones-municipales
distrital,020810,ÁNCASH,HUARI,PONTO,5,3298,3508,,,210,17,17,0,0,100,2026-10-06T14:02:01-05:00,2026-10-06T18:59:45+00:00,https://resultadoelectoral.onpe.gob.pe/main/elecciones-municipales
distrital,020811,ÁNCASH,HUARI,RAHUAPAMPA,5,741,800,,,59,4,4,0,0,100,2026-10-06T14:02:01-05:00,2026-10-06T18:59:45+00:00,https://resultadoelectoral.onpe.gob.pe/main/elecciones-municipales
distrital,020812,ÁNCASH,HUARI,RAPAYAN,5,1569,1699,,,130,8,8,0,0,100,2026-10-06T14:02:01-05:00,2026-10-06T18:59:45+00:00,https://resultadoelectoral.onpe.gob.pe/main/elecciones-municipales
distrital,020813,ÁNCASH,HUARI,SAN MARCOS,5,13565,17157,,,3592,94,89,5,0,94.681,2026-10-06T14:02:01-05:00,2026-10-06T18:59:45+00:00,https://resultadoelectoral.onpe.gob.pe/main/elecciones-municipales
distrital,020814,ÁNCASH,HUARI,SAN PEDRO DE CHANA,5,2153,2500,,,347,13,13,0,0,100,2026-10-06T14:02:01-05:00,2026-10-06T18:59:45+00:00,https://resultadoelectoral.onpe.gob.pe/main/elecciones-municipales
distrital,020815,ÁNCASH,HUARI,UCO,5,1368,1519,,,151,7,7,0,0,100,2026-10-06T14:02:01-05:00,2026-10-06T18:59:45+00:00,https://resultadoelectoral.onpe.gob.pe/main/elecciones-municipales
distrital,020816,ÁNCASH,HUARI,ANRA,5,1715,1857,,,142,10,10,0,0,100,2026-10-06T14:02:01-05:00,2026-10-06T18:59:45+00:00,https://resultadoelectoral.onpe.gob.pe/main/elecciones-municipales
distrital,020902,ÁNCASH,MARISCAL LUZURIAGA,CASCA,5,2556,2933,,,377,14,14,0,0,100,2026-10-06T14:02:01-05:00,2026-10-06T18:59:45+00:00,https://resultadoelectoral.onpe.gob.pe/main/elecciones-municipales
distrital,020903,ÁNCASH,MARISCAL LUZURIAGA,LUCMA,5,1686,1965,,,279,10,10,0,0,100,2026-10-06T14:02:01-05:00,2026-10-06T18:59:45+00:00,https://resultadoelectoral.onpe.gob.pe/main/elecciones-municipales
distrital,020904,ÁNCASH,MARISCAL LUZURIAGA,FIDEL OLIVAS ESCUDERO,5,1212,1412,,,200,8,8,0,0,100,2026-10-06T14:02:01-05:00,2026-10-06T18:59:45+00:00,https://resultadoelectoral.onpe.gob.pe/main/elecciones-municipales
distrital,020905,ÁNCASH,MARISCAL LUZURIAGA,LLAMA,5,604,884,,,280,4,4,0,0,100,2026-10-06T14:02:01-05:00,2026-10-06T18:59:45+00:00,https://resultadoelectoral.onpe.gob.pe/main/elecciones-municipales
distrital,020906,ÁNCASH,MARISCAL LUZURIAGA,LLUMPA,5,2528,3521,,,993,18,18,0,0,100,2026-10-06T14:02:01-05:00,2026-10-06T18:59:45+00:00,https://resultadoelectoral.onpe.gob.pe/main/elecciones-municipales
distrital,020907,ÁNCASH,MARISCAL LUZURIAGA,MUSGA,5,776,888,,,112,4,4,0,0,100,2026-10-06T14:02:01-05:00,2026-10-06T18:59:45+00:00,https://resultadoelectoral.onpe.gob.pe/main/elecciones-municipales
distrital,020908,ÁNCASH,MARISCAL LUZURIAGA,ELEAZAR GUZMÁN BARRÓN,5,686,812,,,126,5,5,0,0,100,2026-10-06T14:02:01-05:00,2026-10-06T18:59:45+00:00,https://resultadoelectoral.onpe.gob.pe/main/elecciones-municipales
distrital,021002,ÁNCASH,PALLASCA,BOLOGNESI,7,560,647,,,87,4,4,0,0,100,2026-10-06T14:02:01-05:00,2026-10-06T18:59:45+00:00,https://resultadoelectoral.onpe.gob.pe/main/elecciones-municipales
distrital,021003,ÁNCASH,PALLASCA,CONCHUCOS,7,2837,3781,,,944,25,25,0,0,100,2026-10-06T14:02:01-05:00,2026-10-06T18:59:45+00:00,https://resultadoelectoral.onpe.gob.pe/main/elecciones-municipales
distrital,021004,ÁNCASH,PALLASCA,HUACASCHUQUE,7,300,341,,,41,2,2,0,0,100,2026-10-06T14:02:01-05:00,2026-10-06T18:59:45+00:00,https://resultadoelectoral.onpe.gob.pe/main/elecciones-municipales
distrital,021005,ÁNCASH,PALLASCA,HUANDOVAL,7,492,615,,,123,3,3,0,0,100,2026-10-06T14:02:01-05:00,2026-10-06T18:59:45+00:00,https://resultadoelectoral.onpe.gob.pe/main/elecciones-municipales
distrital,021006,ÁNCASH,PALLASCA,LACABAMBA,7,394,433,,,39,2,2,0,0,100,2026-10-06T14:02:01-05:00,2026-10-06T18:59:45+00:00,https://resultadoelectoral.onpe.gob.pe/main/elecciones-municipales
distrital,021007,ÁNCASH,PALLASCA,LLAPO,7,241,333,,,92,2,2,0,0,100,2026-10-06T14:02:01-05:00,2026-10-06T18:59:45+00:00,https://resultadoelectoral.onpe.gob.pe/main/elecciones-municipales
distrital,021008,ÁNCASH,PALLASCA,PALLASCA,7,982,1515,,,533,8,8,0,0,100,2026-10-06T14:02:01-05:00,2026-10-06T18:59:45+00:00,https://resultadoelectoral.onpe.gob.pe/main/elecciones-municipales
distrital,021009,ÁNCASH,PALLASCA,PAMPAS,7,1271,2150,,,879,12,12,0,0,100,2026-10-06T14:02:01-05:00,2026-10-06T18:59:45+00:00,https://resultadoelectoral.onpe.gob.pe/main/elecciones-municipales
distrital,021010,ÁNCASH,PALLASCA,SANTA ROSA,7,528,624,,,96,4,4,0,0,100,2026-10-06T14:02:01-05:00,2026-10-06T18:59:45+00:00,https://resultadoelectoral.onpe.gob.pe/main/elecciones-municipales
distrital,021011,ÁNCASH,PALLASCA,TAUCA,7,1270,1414,,,144,7,7,0,0,100,2026-10-06T14:02:01-05:00,2026-10-06T18:59:45+00:00,https://resultadoelectoral.onpe.gob.pe/main/elecciones-municipales
distrital,021102,ÁNCASH,POMABAMBA,HUAYLLAN,8,1870,2226,,,356,11,11,0,0,100,2026-10-06T14:02:01-05:00,2026-10-06T18:59:45+00:00,https://resultadoelectoral.onpe.gob.pe/main/elecciones-municipales
distrital,021103,ÁNCASH,POMABAMBA,PAROBAMBA,8,2607,3017,,,410,20,19,1,0,95,2026-10-06T14:02:01-05:00,2026-10-06T18:59:45+00:00,https://resultadoelectoral.onpe.gob.pe/main/elecciones-municipales
distrital,021104,ÁNCASH,POMABAMBA,QUINUABAMBA,8,1217,1417,,,200,8,8,0,0,100,2026-10-06T14:02:01-05:00,2026-10-06T18:59:45+00:00,https://resultadoelectoral.onpe.gob.pe/main/elecciones-municipales
distrital,021202,ÁNCASH,RECUAY,COTAPARACO,5,299,323,,,24,3,2,1,0,66.667,2026-10-06T14:02:01-05:00,2026-10-06T18:59:45+00:00,https://resultadoelectoral.onpe.gob.pe/main/elecciones-municipales
distrital,021203,ÁNCASH,RECUAY,HUAYLLAPAMPA,5,359,579,,,220,3,3,0,0,100,2026-10-06T14:02:01-05:00,2026-10-06T18:59:45+00:00,https://resultadoelectoral.onpe.gob.pe/main/elecciones-municipales
distrital,021204,ÁNCASH,RECUAY,MARCA,5,689,1025,,,336,5,5,0,0,100,2026-10-06T14:02:01-05:00,2026-10-06T18:59:45+00:00,https://resultadoelectoral.onpe.gob.pe/main/elecciones-municipales
distrital,021205,ÁNCASH,RECUAY,PAMPAS CHICO,5,459,643,,,184,4,4,0,0,100,2026-10-06T14:02:01-05:00,2026-10-06T18:59:45+00:00,https://resultadoelectoral.onpe.gob.pe/main/elecciones-municipales
distrital,021206,ÁNCASH,RECUAY,PARARIN,5,908,1189,,,281,6,6,0,0,100,2026-10-06T14:02:01-05:00,2026-10-06T18:59:45+00:00,https://resultadoelectoral.onpe.gob.pe/main/elecciones-municipales
distrital,021207,ÁNCASH,RECUAY,TAPACOCHA,5,313,431,,,118,2,2,0,0,100,2026-10-06T14:02:01-05:00,2026-10-06T18:59:45+00:00,https://resultadoelectoral.onpe.gob.pe/main/elecciones-municipales
distrital,021208,ÁNCASH,RECUAY,TICAPAMPA,5,1491,1818,,,327,8,8,0,0,100,2026-10-06T14:02:01-05:00,2026-10-06T18:59:45+00:00,https://resultadoelectoral.onpe.gob.pe/main/elecciones-municipales
distrital,021209,ÁNCASH,RECUAY,LLACLLIN,5,662,920,,,258,5,5,0,0,100,2026-10-06T14:02:01-05:00,2026-10-06T18:59:45+00:00,https://resultadoelectoral.onpe.gob.pe/main/elecciones-municipales
distrital,021210,ÁNCASH,RECUAY,CATAC,5,2629,2958,,,329,13,13,0,0,100,2026-10-06T14:02:01-05:00,2026-10-06T18:59:45+00:00,https://resultadoelectoral.onpe.gob.pe/main/elecciones-municipales
distrital,021302,ÁNCASH,SANTA,CACERES DEL PERÚ,15,3047,3529,,,482,16,16,0,0,100,2026-10-06T14:02:01-05:00,2026-10-06T18:59:45+00:00,https://resultadoelectoral.onpe.gob.pe/main/elecciones-municipales
distrital,021303,ÁNCASH,SANTA,MACATE,15,2116,2372,,,256,13,13,0,0,100,2026-10-06T14:02:01-05:00,2026-10-06T18:59:45+00:00,https://resultadoelectoral.onpe.gob.pe/main/elecciones-municipales
distrital,021304,ÁNCASH,SANTA,MORO,15,5246,5994,,,748,25,25,0,0,100,2026-10-06T14:02:01-05:00,2026-10-06T18:59:45+00:00,https://resultadoelectoral.onpe.gob.pe/main/elecciones-municipales
distrital,021305,ÁNCASH,SANTA,NEPEÑA,15,8009,8922,,,913,42,40,2,0,95.238,2026-10-06T14:02:01-05:00,2026-10-06T18:59:45+00:00,https://resultadoelectoral.onpe.gob.pe/main/elecciones-municipales
distrital,021306,ÁNCASH,SANTA,SAMANCO,15,2603,3424,,,821,14,14,0,0,100,2026-10-06T14:02:01-05:00,2026-10-06T18:59:45+00:00,https://resultadoelectoral.onpe.gob.pe/main/elecciones-municipales
distrital,021307,ÁNCASH,SANTA,SANTA,15,15263,20066,,,4803,88,88,0,0,100,2026-10-06T14:02:01-05:00,2026-10-06T18:59:45+00:00,https://resultadoelectoral.onpe.gob.pe/main/elecciones-municipales
distrital,021308,ÁNCASH,SANTA,COISHCO,15,9483,10695,,,1212,46,46,0,0,100,2026-10-06T14:02:01-05:00,2026-10-06T18:59:45+00:00,https://resultadoelectoral.onpe.gob.pe/main/elecciones-municipales
distrital,021309,ÁNCASH,SANTA,NUEVO CHIMBOTE,15,79275,93284,,,14009,421,410,11,0,97.387,2026-10-06T14:02:01-05:00,2026-10-06T18:59:45+00:00,https://resultadoelectoral.onpe.gob.pe/main/elecciones-municipales
distrital,021402,ÁNCASH,SIHUAS,ALFONSO UGARTE,4,294,361,,,67,2,2,0,0,100,2026-10-06T14:02:01-05:00,2026-10-06T18:59:45+00:00,https://resultadoelectoral.onpe.gob.pe/main/elecciones-municipales
distrital,021403,ÁNCASH,SIHUAS,CHINGALPO,4,622,708,,,86,4,4,0,0,100,2026-10-06T14:02:01-05:00,2026-10-06T18:59:45+00:00,https://resultadoelectoral.onpe.gob.pe/main/elecciones-municipales
distrital,021404,ÁNCASH,SIHUAS,HUAYLLABAMBA,4,1822,2111,,,289,11,11,0,0,100,2026-10-06T14:02:01-05:00,2026-10-06T18:59:45+00:00,https://resultadoelectoral.onpe.gob.pe/main/elecciones-municipales
distrital,021405,ÁNCASH,SIHUAS,QUICHES,4,1005,1374,,,369,8,8,0,0,100,2026-10-06T14:02:01-05:00,2026-10-06T18:59:45+00:00,https://resultadoelectoral.onpe.gob.pe/main/elecciones-municipales
distrital,021406,ÁNCASH,SIHUAS,SICSIBAMBA,4,871,1033,,,162,5,5,0,0,100,2026-10-06T14:02:01-05:00,2026-10-06T18:59:45+00:00,https://resultadoelectoral.onpe.gob.pe/main/elecciones-municipales
distrital,021407,ÁNCASH,SIHUAS,ACOBAMBA,4,657,1020,,,363,6,6,0,0,100,2026-10-06T14:02:01-05:00,2026-10-06T18:59:45+00:00,https://resultadoelectoral.onpe.gob.pe/main/elecciones-municipales
distrital,021408,ÁNCASH,SIHUAS,CASHAPAMPA,4,1385,1743,,,358,9,9,0,0,100,2026-10-06T14:02:01-05:00,2026-10-06T18:59:45+00:00,https://resultadoelectoral.onpe.gob.pe/main/elecciones-municipales
distrital,021409,ÁNCASH,SIHUAS,RAGASH,4,1792,2008,,,216,10,10,0,0,100,2026-10-06T14:02:01-05:00,2026-10-06T18:59:45+00:00,https://resultadoelectoral.onpe.gob.pe/main/elecciones-municipales
distrital,021410,ÁNCASH,SIHUAS,SAN JUAN,4,3288,3873,,,585,22,21,1,0,95.455,2026-10-06T14:02:01-05:00,2026-10-06T18:59:45+00:00,https://resultadoelectoral.onpe.gob.pe/main/elecciones-municipales
distrital,021502,ÁNCASH,YUNGAY,CASCAPARA,6,1004,1256,,,252,7,7,0,0,100,2026-10-06T14:02:01-05:00,2026-10-06T18:59:45+00:00,https://resultadoelectoral.onpe.gob.pe/main/elecciones-municipales
distrital,021503,ÁNCASH,YUNGAY,MANCOS,6,3735,4485,,,750,22,21,1,0,95.455,2026-10-06T14:02:01-05:00,2026-10-06T18:59:45+00:00,https://resultadoelectoral.onpe.gob.pe/main/elecciones-municipales
distrital,021504,ÁNCASH,YUNGAY,MATACOTO,6,1183,1387,,,204,6,6,0,0,100,2026-10-06T14:02:01-05:00,2026-10-06T18:59:45+00:00,https://resultadoelectoral.onpe.gob.pe/main/elecciones-municipales
distrital,021505,ÁNCASH,YUNGAY,QUILLO,6,6845,8008,,,1163,39,39,0,0,100,2026-10-06T14:02:01-05:00,2026-10-06T18:59:45+00:00,https://resultadoelectoral.onpe.gob.pe/main/elecciones-municipales
distrital,021506,ÁNCASH,YUNGAY,RANRAHIRCA,6,2111,2448,,,337,10,10,0,0,100,2026-10-06T14:02:01-05:00,2026-10-06T18:59:45+00:00,https://resultadoelectoral.onpe.gob.pe/main/elecciones-municipales
distrital,021507,ÁNCASH,YUNGAY,SHUPLUY,6,1334,1569,,,235,8,8,0,0,100,2026-10-06T14:02:01-05:00,2026-10-06T18:59:45+00:00,https://resultadoelectoral.onpe.gob.pe/main/elecciones-municipales
distrital,021508,ÁNCASH,YUNGAY,YANAMA,6,2959,3372,,,413,18,18,0,0,100,2026-10-06T14:02:01-05:00,2026-10-06T18:59:45+00:00,https://resultadoelectoral.onpe.gob.pe/main/elecciones-municipales
distrital,021602,ÁNCASH,ANTONIO RAIMONDI,ACZO,7,965,1103,,,138,6,6,0,0,100,2026-10-06T14:02:01-05:00,2026-10-06T18:59:45+00:00,https://resultadoelectoral.onpe.gob.pe/main/elecciones-municipales
distrital,021603,ÁNCASH,ANTONIO RAIMONDI,CHACCHO,7,630,773,,,143,5,4,1,0,80,2026-10-06T14:02:01-05:00,2026-10-06T18:59:45+00:00,https://resultadoelectoral.onpe.gob.pe/main/elecciones-municipales
distrital,021604,ÁNCASH,ANTONIO RAIMONDI,CHINGAS,7,905,1085,,,180,6,6,0,0,100,2026-10-06T14:02:01-05:00,2026-10-06T18:59:45+00:00,https://resultadoelectoral.onpe.gob.pe/main/elecciones-municipales
distrital,021605,ÁNCASH,ANTONIO RAIMONDI,MIRGAS,7,2323,2763,,,440,16,16,0,0,100,2026-10-06T14:02:01-05:00,2026-10-06T18:59:45+00:00,https://resultadoelectoral.onpe.gob.pe/main/elecciones-municipales
distrital,021606,ÁNCASH,ANTONIO RAIMONDI,SAN JUAN DE RONTOY,7,845,962,,,117,5,5,0,0,100,2026-10-06T14:02:01-05:00,2026-10-06T18:59:45+00:00,https://resultadoelectoral.onpe.gob.pe/main/elecciones-municipales
distrital,021702,ÁNCASH,CARLOS FERMÍN FITZCARRALD,YAUYA,8,2286,2667,,,381,14,13,1,0,92.857,2026-10-06T14:02:01-05:00,2026-10-06T18:59:45+00:00,https://resultadoelectoral.onpe.gob.pe/main/elecciones-municipales
distrital,021703,ÁNCASH,CARLOS FERMÍN FITZCARRALD,SAN NICOLÁS,8,1640,1967,,,327,11,11,0,0,100,2026-10-06T14:02:01-05:00,2026-10-06T18:59:45+00:00,https://resultadoelectoral.onpe.gob.pe/main/elecciones-municipales
distrital,021802,ÁNCASH,ASUNCIÓN,ACOCHACA,5,1514,1744,,,230,10,10,0,0,100,2026-10-06T14:02:01-05:00,2026-10-06T18:59:45+00:00,https://resultadoelectoral.onpe.gob.pe/main/elecciones-municipales
distrital,021902,ÁNCASH,HUARMEY,COCHAPETI,11,818,916,,,98,4,4,0,0,100,2026-10-06T14:02:01-05:00,2026-10-06T18:59:45+00:00,https://resultadoelectoral.onpe.gob.pe/main/elecciones-municipales
distrital,021903,ÁNCASH,HUARMEY,HUAYAN,11,624,676,,,52,4,4,0,0,100,2026-10-06T14:02:01-05:00,2026-10-06T18:59:45+00:00,https://resultadoelectoral.onpe.gob.pe/main/elecciones-municipales
distrital,021904,ÁNCASH,HUARMEY,MALVAS,11,789,844,,,55,5,5,0,0,100,2026-10-06T14:02:01-05:00,2026-10-06T18:59:45+00:00,https://resultadoelectoral.onpe.gob.pe/main/elecciones-municipales
distrital,021905,ÁNCASH,HUARMEY,CULEBRAS,11,1771,1879,,,108,8,8,0,0,100,2026-10-06T14:02:01-05:00,2026-10-06T18:59:45+00:00,https://resultadoelectoral.onpe.gob.pe/main/elecciones-municipales
distrital,022001,ÁNCASH,OCROS,ACAS,4,338,364,,,26,3,3,0,0,100,2026-10-06T14:02:01-05:00,2026-10-06T18:59:45+00:00,https://resultadoelectoral.onpe.gob.pe/main/elecciones-municipales
distrital,022002,ÁNCASH,OCROS,CAJAMARQUILLA,4,116,132,,,16,1,1,0,0,100,2026-10-06T14:02:01-05:00,2026-10-06T18:59:45+00:00,https://resultadoelectoral.onpe.gob.pe/main/elecciones-municipales
distrital,022003,ÁNCASH,OCROS,CARHUAPAMPA,4,327,406,,,79,2,2,0,0,100,2026-10-06T14:02:01-05:00,2026-10-06T18:59:45+00:00,https://resultadoelectoral.onpe.gob.pe/main/elecciones-municipales
distrital,022004,ÁNCASH,OCROS,COCHAS,4,879,961,,,82,6,5,1,0,83.333,2026-10-06T14:02:01-05:00,2026-10-06T18:59:45+00:00,https://resultadoelectoral.onpe.gob.pe/main/elecciones-municipales
distrital,022005,ÁNCASH,OCROS,CONGAS,4,628,696,,,68,4,4,0,0,100,2026-10-06T14:02:01-05:00,2026-10-06T18:59:45+00:00,https://resultadoelectoral.onpe.gob.pe/main/elecciones-municipales
distrital,022006,ÁNCASH,OCROS,LLIPA,4,184,198,,,14,1,1,0,0,100,2026-10-06T14:02:01-05:00,2026-10-06T18:59:45+00:00,https://resultadoelectoral.onpe.gob.pe/main/elecciones-municipales
distrital,022008,ÁNCASH,OCROS,SAN CRISTÓBAL DE RAJAN,4,384,471,,,87,3,3,0,0,100,2026-10-06T14:02:01-05:00,2026-10-06T18:59:45+00:00,https://resultadoelectoral.onpe.gob.pe/main/elecciones-municipales
distrital,022009,ÁNCASH,OCROS,SAN PEDRO,4,763,834,,,71,4,4,0,0,100,2026-10-06T14:02:01-05:00,2026-10-06T18:59:45+00:00,https://resultadoelectoral.onpe.gob.pe/main/elecciones-municipales
distrital,022010,ÁNCASH,OCROS,SANTIAGO DE CHILCAS,4,267,304,,,37,2,2,0,0,100,2026-10-06T14:02:01-05:00,2026-10-06T18:59:45+00:00,https://resultadoelectoral.onpe.gob.pe/main/elecciones-municipales
distrital,030102,APURÍMAC,ABANCAY,CIRCA,9,2123,2444,,,321,13,13,0,0,100,2026-10-06T14:02:01-05:00,2026-10-06T18:59:45+00:00,https://resultadoelectoral.onpe.gob.pe/main/elecciones-municipales
distrital,030103,APURÍMAC,ABANCAY,CURAHUASI,9,10190,11141,,,951,49,49,0,0,100,2026-10-06T14:02:01-05:00,2026-10-06T18:59:45+00:00,https://resultadoelectoral.onpe.gob.pe/main/elecciones-municipales
distrital,030104,APURÍMAC,ABANCAY,CHACOCHE,9,956,1027,,,71,5,5,0,0,100,2026-10-06T14:02:01-05:00,2026-10-06T18:59:45+00:00,https://resultadoelectoral.onpe.gob.pe/main/elecciones-municipales
distrital,030105,APURÍMAC,ABANCAY,HUANIPACA,9,2308,2583,,,275,13,13,0,0,100,2026-10-06T14:02:01-05:00,2026-10-06T18:59:45+00:00,https://resultadoelectoral.onpe.gob.pe/main/elecciones-municipales
distrital,030106,APURÍMAC,ABANCAY,LAMBRAMA,9,2749,3183,,,434,16,16,0,0,100,2026-10-06T14:02:01-05:00,2026-10-06T18:59:45+00:00,https://resultadoelectoral.onpe.gob.pe/main/elecciones-municipales
distrital,030107,APURÍMAC,ABANCAY,PICHIRHUA,9,2602,3025,,,423,17,17,0,0,100,2026-10-06T14:02:01-05:00,2026-10-06T18:59:45+00:00,https://resultadoelectoral.onpe.gob.pe/main/elecciones-municipales
distrital,030108,APURÍMAC,ABANCAY,SAN PEDRO DE CACHORA,9,1756,1988,,,232,9,9,0,0,100,2026-10-06T14:02:01-05:00,2026-10-06T18:59:45+00:00,https://resultadoelectoral.onpe.gob.pe/main/elecciones-municipales
distrital,030109,APURÍMAC,ABANCAY,TAMBURCO,9,6065,6913,,,848,29,29,0,0,100,2026-10-06T14:02:01-05:00,2026-10-06T18:59:45+00:00,https://resultadoelectoral.onpe.gob.pe/main/elecciones-municipales
distrital,030202,APURÍMAC,AYMARAES,CAPAYA,4,495,530,,,35,3,3,0,0,100,2026-10-06T14:02:01-05:00,2026-10-06T18:59:45+00:00,https://resultadoelectoral.onpe.gob.pe/main/elecciones-municipales
distrital,030203,APURÍMAC,AYMARAES,CARAYBAMBA,4,822,900,,,78,4,4,0,0,100,2026-10-06T14:02:01-05:00,2026-10-06T18:59:45+00:00,https://resultadoelectoral.onpe.gob.pe/main/elecciones-municipales
distrital,030204,APURÍMAC,AYMARAES,COLCABAMBA,4,557,617,,,60,3,3,0,0,100,2026-10-06T14:02:01-05:00,2026-10-06T18:59:45+00:00,https://resultadoelectoral.onpe.gob.pe/main/elecciones-municipales
distrital,030205,APURÍMAC,AYMARAES,COTARUSE,4,2011,2287,,,276,14,13,1,0,92.857,2026-10-06T14:02:01-05:00,2026-10-06T18:59:45+00:00,https://resultadoelectoral.onpe.gob.pe/main/elecciones-municipales
distrital,030206,APURÍMAC,AYMARAES,CHAPIMARCA,4,1317,1600,,,283,10,10,0,0,100,2026-10-06T14:02:01-05:00,2026-10-06T18:59:45+00:00,https://resultadoelectoral.onpe.gob.pe/main/elecciones-municipales
distrital,030207,APURÍMAC,AYMARAES,IHUAYLLO,4,457,493,,,36,3,3,0,0,100,2026-10-06T14:02:01-05:00,2026-10-06T18:59:45+00:00,https://resultadoelectoral.onpe.gob.pe/main/elecciones-municipales
distrital,030208,APURÍMAC,AYMARAES,LUCRE,4,1095,1236,,,141,6,6,0,0,100,2026-10-06T14:02:01-05:00,2026-10-06T18:59:45+00:00,https://resultadoelectoral.onpe.gob.pe/main/elecciones-municipales
distrital,030209,APURÍMAC,AYMARAES,POCOHUANCA,4,978,1109,,,131,6,6,0,0,100,2026-10-06T14:02:01-05:00,2026-10-06T18:59:45+00:00,https://resultadoelectoral.onpe.gob.pe/main/elecciones-municipales
distrital,030210,APURÍMAC,AYMARAES,SAÑAYCA,4,778,877,,,99,4,4,0,0,100,2026-10-06T14:02:01-05:00,2026-10-06T18:59:45+00:00,https://resultadoelectoral.onpe.gob.pe/main/elecciones-municipales
distrital,030211,APURÍMAC,AYMARAES,SORAYA,4,497,535,,,38,3,3,0,0,100,2026-10-06T14:02:01-05:00,2026-10-06T18:59:45+00:00,https://resultadoelectoral.onpe.gob.pe/main/elecciones-municipales
distrital,030212,APURÍMAC,AYMARAES,TAPAIRIHUA,4,1645,1782,,,137,9,9,0,0,100,2026-10-06T14:02:01-05:00,2026-10-06T18:59:45+00:00,https://resultadoelectoral.onpe.gob.pe/main/elecciones-municipales
distrital,030213,APURÍMAC,AYMARAES,TINTAY,4,1638,1847,,,209,12,10,2,0,83.333,2026-10-06T14:02:01-05:00,2026-10-06T18:59:45+00:00,https://resultadoelectoral.onpe.gob.pe/main/elecciones-municipales
distrital,030214,APURÍMAC,AYMARAES,TORAYA,4,869,966,,,97,5,5,0,0,100,2026-10-06T14:02:01-05:00,2026-10-06T18:59:45+00:00,https://resultadoelectoral.onpe.gob.pe/main/elecciones-municipales
distrital,030215,APURÍMAC,AYMARAES,YANACA,4,757,814,,,57,4,4,0,0,100,2026-10-06T14:02:01-05:00,2026-10-06T18:59:45+00:00,https://resultadoelectoral.onpe.gob.pe/main/elecciones-municipales
distrital,030216,APURÍMAC,AYMARAES,SAN JUAN DE CHACÑA,4,567,609,,,42,3,3,0,0,100,2026-10-06T14:02:01-05:00,2026-10-06T18:59:45+00:00,https://resultadoelectoral.onpe.gob.pe/main/elecciones-municipales
distrital,030217,APURÍMAC,AYMARAES,JUSTO APU SAHUARAURA,4,567,604,,,37,3,3,0,0,100,2026-10-06T14:02:01-05:00,2026-10-06T18:59:45+00:00,https://resultadoelectoral.onpe.gob.pe/main/elecciones-municipales
distrital,030302,APURÍMAC,ANDAHUAYLAS,ANDARAPA,5,3954,4389,,,435,22,22,0,0,100,2026-10-06T14:02:01-05:00,2026-10-06T18:59:45+00:00,https://resultadoelectoral.onpe.gob.pe/main/elecciones-municipales
distrital,030303,APURÍMAC,ANDAHUAYLAS,CHIARA,5,764,900,,,136,5,5,0,0,100,2026-10-06T14:02:01-05:00,2026-10-06T18:59:45+00:00,https://resultadoelectoral.onpe.gob.pe/main/elecciones-municipales
distrital,030304,APURÍMAC,ANDAHUAYLAS,HUANCARAMA,5,2508,3571,,,1063,17,16,1,0,94.118,2026-10-06T14:02:01-05:00,2026-10-06T18:59:45+00:00,https://resultadoelectoral.onpe.gob.pe/main/elecciones-municipales
distrital,030305,APURÍMAC,ANDAHUAYLAS,HUANCARAY,5,2341,2712,,,371,13,13,0,0,100,2026-10-06T14:02:01-05:00,2026-10-06T18:59:45+00:00,https://resultadoelectoral.onpe.gob.pe/main/elecciones-municipales
distrital,030306,APURÍMAC,ANDAHUAYLAS,KISHUARA,5,4212,4812,,,600,23,23,0,0,100,2026-10-06T14:02:01-05:00,2026-10-06T18:59:45+00:00,https://resultadoelectoral.onpe.gob.pe/main/elecciones-municipales
distrital,030307,APURÍMAC,ANDAHUAYLAS,PACOBAMBA,5,2733,3261,,,528,15,15,0,0,100,2026-10-06T14:02:01-05:00,2026-10-06T18:59:45+00:00,https://resultadoelectoral.onpe.gob.pe/main/elecciones-municipales
distrital,030308,APURÍMAC,ANDAHUAYLAS,PAMPACHIRI,5,1249,1409,,,160,8,8,0,0,100,2026-10-06T14:02:01-05:00,2026-10-06T18:59:45+00:00,https://resultadoelectoral.onpe.gob.pe/main/elecciones-municipales
distrital,030309,APURÍMAC,ANDAHUAYLAS,SAN ANTONIO DE CACHI,5,1943,2109,,,166,10,10,0,0,100,2026-10-06T14:02:01-05:00,2026-10-06T18:59:45+00:00,https://resultadoelectoral.onpe.gob.pe/main/elecciones-municipales
distrital,030310,APURÍMAC,ANDAHUAYLAS,SAN JERÓNIMO,5,12153,13775,,,1622,62,62,0,0,100,2026-10-06T14:02:01-05:00,2026-10-06T18:59:45+00:00,https://resultadoelectoral.onpe.gob.pe/main/elecciones-municipales
distrital,030311,APURÍMAC,ANDAHUAYLAS,TALAVERA,5,10827,12209,,,1382,57,57,0,0,100,2026-10-06T14:02:01-05:00,2026-10-06T18:59:45+00:00,https://resultadoelectoral.onpe.gob.pe/main/elecciones-municipales
distrital,030312,APURÍMAC,ANDAHUAYLAS,TURPO,5,2486,2678,,,192,13,12,1,0,92.308,2026-10-06T14:02:01-05:00,2026-10-06T18:59:45+00:00,https://resultadoelectoral.onpe.gob.pe/main/elecciones-municipales
distrital,030313,APURÍMAC,ANDAHUAYLAS,PACUCHA,5,5142,5748,,,606,29,27,2,0,93.103,2026-10-06T14:02:01-05:00,2026-10-06T18:59:45+00:00,https://resultadoelectoral.onpe.gob.pe/main/elecciones-municipales
distrital,030314,APURÍMAC,ANDAHUAYLAS,POMACOCHA,5,567,622,,,55,3,3,0,0,100,2026-10-06T14:02:01-05:00,2026-10-06T18:59:45+00:00,https://resultadoelectoral.onpe.gob.pe/main/elecciones-municipales
distrital,030315,APURÍMAC,ANDAHUAYLAS,SANTA MARÍA DE CHICMO,5,5311,5884,,,573,28,28,0,0,100,2026-10-06T14:02:01-05:00,2026-10-06T18:59:45+00:00,https://resultadoelectoral.onpe.gob.pe/main/elecciones-municipales
distrital,030316,APURÍMAC,ANDAHUAYLAS,TUMAY HUARACA,5,1000,1230,,,230,7,7,0,0,100,2026-10-06T14:02:01-05:00,2026-10-06T18:59:45+00:00,https://resultadoelectoral.onpe.gob.pe/main/elecciones-municipales
distrital,030317,APURÍMAC,ANDAHUAYLAS,HUAYANA,5,529,597,,,68,3,3,0,0,100,2026-10-06T14:02:01-05:00,2026-10-06T18:59:45+00:00,https://resultadoelectoral.onpe.gob.pe/main/elecciones-municipales
distrital,030318,APURÍMAC,ANDAHUAYLAS,SAN MIGUEL DE CHACCRAMPA,5,937,1136,,,199,7,6,1,0,85.714,2026-10-06T14:02:01-05:00,2026-10-06T18:59:45+00:00,https://resultadoelectoral.onpe.gob.pe/main/elecciones-municipales
distrital,030319,APURÍMAC,ANDAHUAYLAS,KAQUIABAMBA,5,1509,1615,,,106,8,8,0,0,100,2026-10-06T14:02:01-05:00,2026-10-06T18:59:45+00:00,https://resultadoelectoral.onpe.gob.pe/main/elecciones-municipales
distrital,030320,APURÍMAC,ANDAHUAYLAS,JOSÉ MARIA ARGUEDAS,5,2942,3443,,,501,14,14,0,0,100,2026-10-06T14:02:01-05:00,2026-10-06T18:59:45+00:00,https://resultadoelectoral.onpe.gob.pe/main/elecciones-municipales
distrital,030402,APURÍMAC,ANTABAMBA,EL ORO,5,419,465,,,46,2,2,0,0,100,2026-10-06T14:02:01-05:00,2026-10-06T18:59:45+00:00,https://resultadoelectoral.onpe.gob.pe/main/elecciones-municipales
distrital,030403,APURÍMAC,ANTABAMBA,HUAQUIRCA,5,868,964,,,96,5,5,0,0,100,2026-10-06T14:02:01-05:00,2026-10-06T18:59:45+00:00,https://resultadoelectoral.onpe.gob.pe/main/elecciones-municipales
distrital,030404,APURÍMAC,ANTABAMBA,JUAN ESPINOZA MEDRANO,5,1233,1391,,,158,7,7,0,0,100,2026-10-06T14:02:01-05:00,2026-10-06T18:59:45+00:00,https://resultadoelectoral.onpe.gob.pe/main/elecciones-municipales
distrital,030405,APURÍMAC,ANTABAMBA,OROPESA,5,1237,1378,,,141,7,7,0,0,100,2026-10-06T14:02:01-05:00,2026-10-06T18:59:45+00:00,https://resultadoelectoral.onpe.gob.pe/main/elecciones-municipales
distrital,030406,APURÍMAC,ANTABAMBA,PACHACONAS,5,862,948,,,86,5,5,0,0,100,2026-10-06T14:02:01-05:00,2026-10-06T18:59:45+00:00,https://resultadoelectoral.onpe.gob.pe/main/elecciones-municipales
distrital,030407,APURÍMAC,ANTABAMBA,SABAINO,5,844,1034,,,190,5,5,0,0,100,2026-10-06T14:02:01-05:00,2026-10-06T18:59:45+00:00,https://resultadoelectoral.onpe.gob.pe/main/elecciones-municipales
distrital,030502,APURÍMAC,COTABAMBAS,COYLLURQUI,6,4161,4565,,,404,24,23,1,0,95.833,2026-10-06T14:02:01-05:00,2026-10-06T18:59:45+00:00,https://resultadoelectoral.onpe.gob.pe/main/elecciones-municipales
distrital,030503,APURÍMAC,COTABAMBAS,COTABAMBAS,6,2609,2943,,,334,15,15,0,0,100,2026-10-06T14:02:01-05:00,2026-10-06T18:59:45+00:00,https://resultadoelectoral.onpe.gob.pe/main/elecciones-municipales
distrital,030504,APURÍMAC,COTABAMBAS,HAQUIRA,6,4691,5236,,,545,31,30,1,0,96.774,2026-10-06T14:02:01-05:00,2026-10-06T18:59:45+00:00,https://resultadoelectoral.onpe.gob.pe/main/elecciones-municipales
distrital,030505,APURÍMAC,COTABAMBAS,MARA,6,3537,3852,,,315,19,19,0,0,100,2026-10-06T14:02:01-05:00,2026-10-06T18:59:45+00:00,https://resultadoelectoral.onpe.gob.pe/main/elecciones-municipales
distrital,030506,APURÍMAC,COTABAMBAS,CHALLHUAHUACHO,6,7604,8488,,,884,41,41,0,0,100,2026-10-06T14:02:01-05:00,2026-10-06T18:59:45+00:00,https://resultadoelectoral.onpe.gob.pe/main/elecciones-municipales
distrital,030602,APURÍMAC,GRAU,CURPAHUASI,4,1446,1604,,,158,9,9,0,0,100,2026-10-06T14:02:01-05:00,2026-10-06T18:59:45+00:00,https://resultadoelectoral.onpe.gob.pe/main/elecciones-municipales
distrital,030603,APURÍMAC,GRAU,HUAYLLATI,4,808,935,,,127,5,5,0,0,100,2026-10-06T14:02:01-05:00,2026-10-06T18:59:45+00:00,https://resultadoelectoral.onpe.gob.pe/main/elecciones-municipales
distrital,030604,APURÍMAC,GRAU,MAMARA,4,452,523,,,71,3,3,0,0,100,2026-10-06T14:02:01-05:00,2026-10-06T18:59:45+00:00,https://resultadoelectoral.onpe.gob.pe/main/elecciones-municipales
distrital,030605,APURÍMAC,GRAU,GAMARRA,4,1564,2127,,,563,13,13,0,0,100,2026-10-06T14:02:01-05:00,2026-10-06T18:59:45+00:00,https://resultadoelectoral.onpe.gob.pe/main/elecciones-municipales
distrital,030606,APURÍMAC,GRAU,MICAELA BASTIDAS,4,612,697,,,85,4,4,0,0,100,2026-10-06T14:02:01-05:00,2026-10-06T18:59:45+00:00,https://resultadoelectoral.onpe.gob.pe/main/elecciones-municipales
distrital,030607,APURÍMAC,GRAU,PROGRESO,4,1886,2167,,,281,11,11,0,0,100,2026-10-06T14:02:01-05:00,2026-10-06T18:59:45+00:00,https://resultadoelectoral.onpe.gob.pe/main/elecciones-municipales
distrital,030608,APURÍMAC,GRAU,PATAYPAMPA,4,624,719,,,95,4,4,0,0,100,2026-10-06T14:02:01-05:00,2026-10-06T18:59:45+00:00,https://resultadoelectoral.onpe.gob.pe/main/elecciones-municipales
distrital,030609,APURÍMAC,GRAU,SAN ANTONIO,4,279,295,,,16,2,2,0,0,100,2026-10-06T14:02:01-05:00,2026-10-06T18:59:45+00:00,https://resultadoelectoral.onpe.gob.pe/main/elecciones-municipales
distrital,030610,APURÍMAC,GRAU,TURPAY,4,366,430,,,64,2,2,0,0,100,2026-10-06T14:02:01-05:00,2026-10-06T18:59:45+00:00,https://resultadoelectoral.onpe.gob.pe/main/elecciones-municipales
distrital,030611,APURÍMAC,GRAU,VILCABAMBA,4,746,800,,,54,4,4,0,0,100,2026-10-06T14:02:01-05:00,2026-10-06T18:59:45+00:00,https://resultadoelectoral.onpe.gob.pe/main/elecciones-municipales
distrital,030612,APURÍMAC,GRAU,VIRUNDO,4,526,587,,,61,3,3,0,0,100,2026-10-06T14:02:01-05:00,2026-10-06T18:59:45+00:00,https://resultadoelectoral.onpe.gob.pe/main/elecciones-municipales
distrital,030613,APURÍMAC,GRAU,SANTA ROSA,4,474,528,,,54,3,3,0,0,100,2026-10-06T14:02:01-05:00,2026-10-06T18:59:45+00:00,https://resultadoelectoral.onpe.gob.pe/main/elecciones-municipales
distrital,030614,APURÍMAC,GRAU,CURASCO,4,728,945,,,217,5,5,0,0,100,2026-10-06T14:02:01-05:00,2026-10-06T18:59:45+00:00,https://resultadoelectoral.onpe.gob.pe/main/elecciones-municipales
distrital,030702,APURÍMAC,CHINCHEROS,ONGOY,4,1353,1568,,,215,8,8,0,0,100,2026-10-06T14:02:01-05:00,2026-10-06T18:59:45+00:00,https://resultadoelectoral.onpe.gob.pe/main/elecciones-municipales
distrital,030703,APURÍMAC,CHINCHEROS,OCOBAMBA,4,3683,3927,,,244,22,19,3,0,86.364,2026-10-06T14:02:01-05:00,2026-10-06T18:59:45+00:00,https://resultadoelectoral.onpe.gob.pe/main/elecciones-municipales
distrital,030704,APURÍMAC,CHINCHEROS,COCHARCAS,4,1405,1469,,,64,7,7,0,0,100,2026-10-06T14:02:01-05:00,2026-10-06T18:59:45+00:00,https://resultadoelectoral.onpe.gob.pe/main/elecciones-municipales
distrital,030705,APURÍMAC,CHINCHEROS,ANCO HUALLO,4,6266,6978,,,712,35,35,0,0,100,2026-10-06T14:02:01-05:00,2026-10-06T18:59:45+00:00,https://resultadoelectoral.onpe.gob.pe/main/elecciones-municipales
distrital,030706,APURÍMAC,CHINCHEROS,HUACCANA,4,3140,3438,,,298,17,17,0,0,100,2026-10-06T14:02:01-05:00,2026-10-06T18:59:45+00:00,https://resultadoelectoral.onpe.gob.pe/main/elecciones-municipales
distrital,030707,APURÍMAC,CHINCHEROS,URANMARCA,4,1806,1911,,,105,10,10,0,0,100,2026-10-06T14:02:01-05:00,2026-10-06T18:59:45+00:00,https://resultadoelectoral.onpe.gob.pe/main/elecciones-municipales
distrital,030708,APURÍMAC,CHINCHEROS,RANRACANCHA,4,2247,2462,,,215,11,11,0,0,100,2026-10-06T14:02:01-05:00,2026-10-06T18:59:45+00:00,https://resultadoelectoral.onpe.gob.pe/main/elecciones-municipales
distrital,030709,APURÍMAC,CHINCHEROS,ROCCHACC,4,2094,2154,,,60,9,9,0,0,100,2026-10-06T14:02:01-05:00,2026-10-06T18:59:45+00:00,https://resultadoelectoral.onpe.gob.pe/main/elecciones-municipales
distrital,030710,APURÍMAC,CHINCHEROS,EL PORVENIR,4,1113,1181,,,68,6,6,0,0,100,2026-10-06T14:02:01-05:00,2026-10-06T18:59:45+00:00,https://resultadoelectoral.onpe.gob.pe/main/elecciones-municipales
distrital,030711,APURÍMAC,CHINCHEROS,LOS CHANKAS,4,797,837,,,40,5,4,1,0,80,2026-10-06T14:02:01-05:00,2026-10-06T18:59:45+00:00,https://resultadoelectoral.onpe.gob.pe/main/elecciones-municipales
distrital,030712,APURÍMAC,CHINCHEROS,AHUAYRO,4,838,892,,,54,4,4,0,0,100,2026-10-06T14:02:01-05:00,2026-10-06T18:59:45+00:00,https://resultadoelectoral.onpe.gob.pe/main/elecciones-municipales
distrital,040102,AREQUIPA,AREQUIPA,CAYMA,18,57944,65420,,,7476,274,274,0,0,100,2026-10-06T14:02:01-05:00,2026-10-06T18:59:45+00:00,https://resultadoelectoral.onpe.gob.pe/main/elecciones-municipales
distrital,040103,AREQUIPA,AREQUIPA,CERRO COLORADO,18,105202,120585,,,15383,506,503,3,0,99.407,2026-10-06T14:02:01-05:00,2026-10-06T18:59:45+00:00,https://resultadoelectoral.onpe.gob.pe/main/elecciones-municipales
distrital,040104,AREQUIPA,AREQUIPA,CHARACATO,18,7602,8761,,,1159,36,36,0,0,100,2026-10-06T14:02:01-05:00,2026-10-06T18:59:45+00:00,https://resultadoelectoral.onpe.gob.pe/main/elecciones-municipales
distrital,040105,AREQUIPA,AREQUIPA,CHIGUATA,18,2904,3535,,,631,14,14,0,0,100,2026-10-06T14:06:02-05:00,2026-10-06T18:59:45+00:00,https://resultadoelectoral.onpe.gob.pe/main/elecciones-municipales
distrital,040106,AREQUIPA,AREQUIPA,LA JOYA,18,19729,23423,,,3694,98,97,1,0,98.98,2026-10-06T14:02:01-05:00,2026-10-06T18:59:45+00:00,https://resultadoelectoral.onpe.gob.pe/main/elecciones-municipales
distrital,040107,AREQUIPA,AREQUIPA,MIRAFLORES,18,36711,42221,,,5510,176,176,0,0,100,2026-10-06T14:06:02-05:00,2026-10-06T18:59:45+00:00,https://resultadoelectoral.onpe.gob.pe/main/elecciones-municipales
distrital,040108,AREQUIPA,AREQUIPA,MOLLEBAYA,18,2655,3092,,,437,13,13,0,0,100,2026-10-06T14:06:02-05:00,2026-10-06T18:59:45+00:00,https://resultadoelectoral.onpe.gob.pe/main/elecciones-municipales
distrital,040109,AREQUIPA,AREQUIPA,PAUCARPATA,18,81164,93904,,,12740,388,386,2,0,99.485,2026-10-06T14:02:01-05:00,2026-10-06T18:59:45+00:00,https://resultadoelectoral.onpe.gob.pe/main/elecciones-municipales
distrital,040110,AREQUIPA,AREQUIPA,POCSI,18,701,791,,,90,4,4,0,0,100,2026-10-06T14:06:02-05:00,2026-10-06T18:59:45+00:00,https://resultadoelectoral.onpe.gob.pe/main/elecciones-municipales
distrital,040111,AREQUIPA,AREQUIPA,POLOBAYA,18,987,1137,,,150,5,5,0,0,100,2026-10-06T14:06:02-05:00,2026-10-06T18:59:45+00:00,https://resultadoelectoral.onpe.gob.pe/main/elecciones-municipales
distrital,040112,AREQUIPA,AREQUIPA,QUEQUEÑA,18,2161,2395,,,234,10,10,0,0,100,2026-10-06T14:06:02-05:00,2026-10-06T18:59:45+00:00,https://resultadoelectoral.onpe.gob.pe/main/elecciones-municipales
distrital,040113,AREQUIPA,AREQUIPA,SABANDIA,18,3476,3957,,,481,16,16,0,0,100,2026-10-06T14:06:02-05:00,2026-10-06T18:59:45+00:00,https://resultadoelectoral.onpe.gob.pe/main/elecciones-municipales
distrital,040114,AREQUIPA,AREQUIPA,SACHACA,18,19209,21796,,,2587,91,91,0,0,100,2026-10-06T14:02:01-05:00,2026-10-06T18:59:45+00:00,https://resultadoelectoral.onpe.gob.pe/main/elecciones-municipales
distrital,040115,AREQUIPA,AREQUIPA,SAN JUAN DE SIGUAS,18,637,809,,,172,4,4,0,0,100,2026-10-06T14:06:02-05:00,2026-10-06T18:59:45+00:00,https://resultadoelectoral.onpe.gob.pe/main/elecciones-municipales
distrital,040116,AREQUIPA,AREQUIPA,SAN JUAN DE TARUCANI,18,857,1105,,,248,7,5,2,0,71.429,2026-10-06T14:06:02-05:00,2026-10-06T18:59:45+00:00,https://resultadoelectoral.onpe.gob.pe/main/elecciones-municipales
distrital,040117,AREQUIPA,AREQUIPA,SANTA ISABEL DE SIGUAS,18,659,744,,,85,3,3,0,0,100,2026-10-06T14:06:02-05:00,2026-10-06T18:59:45+00:00,https://resultadoelectoral.onpe.gob.pe/main/elecciones-municipales
distrital,040118,AREQUIPA,AREQUIPA,SANTA RITA DE SIHUAS,18,4562,5181,,,619,22,21,1,0,95.455,2026-10-06T14:06:02-05:00,2026-10-06T18:59:45+00:00,https://resultadoelectoral.onpe.gob.pe/main/elecciones-municipales
distrital,040119,AREQUIPA,AREQUIPA,SOCABAYA,18,39056,44759,,,5703,189,183,6,0,96.825,2026-10-06T14:02:01-05:00,2026-10-06T18:59:45+00:00,https://resultadoelectoral.onpe.gob.pe/main/elecciones-municipales
distrital,040120,AREQUIPA,AREQUIPA,TIABAYA,18,12019,13548,,,1529,57,56,1,0,98.246,2026-10-06T14:06:02-05:00,2026-10-06T18:59:45+00:00,https://resultadoelectoral.onpe.gob.pe/main/elecciones-municipales
distrital,040121,AREQUIPA,AREQUIPA,UCHUMAYO,18,11416,13957,,,2541,58,58,0,0,100,2026-10-06T14:06:02-05:00,2026-10-06T18:59:45+00:00,https://resultadoelectoral.onpe.gob.pe/main/elecciones-municipales
distrital,040122,AREQUIPA,AREQUIPA,VITOR,18,1939,2355,,,416,11,11,0,0,100,2026-10-06T14:06:02-05:00,2026-10-06T18:59:45+00:00,https://resultadoelectoral.onpe.gob.pe/main/elecciones-municipales
distrital,040123,AREQUIPA,AREQUIPA,YANAHUARA,18,20470,23030,,,2560,102,102,0,0,100,2026-10-06T14:02:01-05:00,2026-10-06T18:59:45+00:00,https://resultadoelectoral.onpe.gob.pe/main/elecciones-municipales
distrital,040124,AREQUIPA,AREQUIPA,YARABAMBA,18,2336,2531,,,195,15,11,4,0,73.333,2026-10-06T14:06:02-05:00,2026-10-06T18:59:45+00:00,https://resultadoelectoral.onpe.gob.pe/main/elecciones-municipales
distrital,040125,AREQUIPA,AREQUIPA,YURA,18,20052,23465,,,3413,96,96,0,0,100,2026-10-06T14:06:02-05:00,2026-10-06T18:59:45+00:00,https://resultadoelectoral.onpe.gob.pe/main/elecciones-municipales
distrital,040126,AREQUIPA,AREQUIPA,MARIANO MELGAR,18,38192,43506,,,5314,179,179,0,0,100,2026-10-06T14:06:02-05:00,2026-10-06T18:59:45+00:00,https://resultadoelectoral.onpe.gob.pe/main/elecciones-municipales
distrital,040127,AREQUIPA,AREQUIPA,JACOBO HUNTER,18,30635,34577,,,3942,142,140,2,0,98.592,2026-10-06T14:06:02-05:00,2026-10-06T18:59:45+00:00,https://resultadoelectoral.onpe.gob.pe/main/elecciones-municipales
distrital,040128,AREQUIPA,AREQUIPA,ALTO SELVA ALEGRE,18,50161,57407,,,7246,239,238,1,0,99.582,2026-10-06T14:02:01-05:00,2026-10-06T18:59:45+00:00,https://resultadoelectoral.onpe.gob.pe/main/elecciones-municipales
distrital,040129,AREQUIPA,AREQUIPA,JOSÉ LUIS BUSTAMANTE Y RIVERO,18,45836,51996,,,6160,220,219,1,0,99.545,2026-10-06T14:02:01-05:00,2026-10-06T18:59:45+00:00,https://resultadoelectoral.onpe.gob.pe/main/elecciones-municipales
distrital,040202,AREQUIPA,CAYLLOMA,ACHOMA,10,600,729,,,129,4,4,0,0,100,2026-10-06T14:06:02-05:00,2026-10-06T18:59:45+00:00,https://resultadoelectoral.onpe.gob.pe/main/elecciones-municipales
distrital,040203,AREQUIPA,CAYLLOMA,CABANACONDE,10,1070,1305,,,235,8,8,0,0,100,2026-10-06T14:06:02-05:00,2026-10-06T18:59:45+00:00,https://resultadoelectoral.onpe.gob.pe/main/elecciones-municipales
distrital,040204,AREQUIPA,CAYLLOMA,CAYLLOMA,10,2034,2422,,,388,13,13,0,0,100,2026-10-06T14:02:01-05:00,2026-10-06T18:59:45+00:00,https://resultadoelectoral.onpe.gob.pe/main/elecciones-municipales
distrital,040205,AREQUIPA,CAYLLOMA,CALLALLI,10,1179,1353,,,174,6,6,0,0,100,2026-10-06T14:06:02-05:00,2026-10-06T18:59:45+00:00,https://resultadoelectoral.onpe.gob.pe/main/elecciones-municipales
distrital,040206,AREQUIPA,CAYLLOMA,COPORAQUE,10,755,866,,,111,4,4,0,0,100,2026-10-06T14:06:02-05:00,2026-10-06T18:59:45+00:00,https://resultadoelectoral.onpe.gob.pe/main/elecciones-municipales
distrital,040207,AREQUIPA,CAYLLOMA,HUAMBO,10,481,543,,,62,3,3,0,0,100,2026-10-06T14:06:02-05:00,2026-10-06T18:59:45+00:00,https://resultadoelectoral.onpe.gob.pe/main/elecciones-municipales
distrital,040208,AREQUIPA,CAYLLOMA,HUANCA,10,1083,1228,,,145,6,6,0,0,100,2026-10-06T14:06:02-05:00,2026-10-06T18:59:45+00:00,https://resultadoelectoral.onpe.gob.pe/main/elecciones-municipales
distrital,040209,AREQUIPA,CAYLLOMA,ICHUPAMPA,10,512,597,,,85,3,3,0,0,100,2026-10-06T14:06:02-05:00,2026-10-06T18:59:45+00:00,https://resultadoelectoral.onpe.gob.pe/main/elecciones-municipales
distrital,040210,AREQUIPA,CAYLLOMA,LARI,10,454,676,,,222,4,4,0,0,100,2026-10-06T14:02:01-05:00,2026-10-06T18:59:45+00:00,https://resultadoelectoral.onpe.gob.pe/main/elecciones-municipales
distrital,040211,AREQUIPA,CAYLLOMA,LLUTA,10,887,1105,,,218,6,6,0,0,100,2026-10-06T14:06:02-05:00,2026-10-06T18:59:45+00:00,https://resultadoelectoral.onpe.gob.pe/main/elecciones-municipales
distrital,040212,AREQUIPA,CAYLLOMA,MACA,10,513,635,,,122,3,3,0,0,100,2026-10-06T14:06:02-05:00,2026-10-06T18:59:45+00:00,https://resultadoelectoral.onpe.gob.pe/main/elecciones-municipales
distrital,040213,AREQUIPA,CAYLLOMA,MADRIGAL,10,502,577,,,75,3,3,0,0,100,2026-10-06T14:06:02-05:00,2026-10-06T18:59:45+00:00,https://resultadoelectoral.onpe.gob.pe/main/elecciones-municipales
distrital,040214,AREQUIPA,CAYLLOMA,SAN ANTONIO DE CHUCA,10,569,736,,,167,4,4,0,0,100,2026-10-06T14:06:02-05:00,2026-10-06T18:59:45+00:00,https://resultadoelectoral.onpe.gob.pe/main/elecciones-municipales
distrital,040215,AREQUIPA,CAYLLOMA,SIBAYO,10,479,604,,,125,3,3,0,0,100,2026-10-06T14:06:02-05:00,2026-10-06T18:59:45+00:00,https://resultadoelectoral.onpe.gob.pe/main/elecciones-municipales
distrital,040216,AREQUIPA,CAYLLOMA,TAPAY,10,584,676,,,92,4,4,0,0,100,2026-10-06T14:06:02-05:00,2026-10-06T18:59:45+00:00,https://resultadoelectoral.onpe.gob.pe/main/elecciones-municipales
distrital,040217,AREQUIPA,CAYLLOMA,TISCO,10,659,786,,,127,6,5,1,0,83.333,2026-10-06T14:06:02-05:00,2026-10-06T18:59:45+00:00,https://resultadoelectoral.onpe.gob.pe/main/elecciones-municipales
distrital,040218,AREQUIPA,CAYLLOMA,TUTI,10,489,571,,,82,3,3,0,0,100,2026-10-06T14:06:02-05:00,2026-10-06T18:59:45+00:00,https://resultadoelectoral.onpe.gob.pe/main/elecciones-municipales
distrital,040219,AREQUIPA,CAYLLOMA,YANQUE,10,1392,1655,,,263,8,8,0,0,100,2026-10-06T14:06:02-05:00,2026-10-06T18:59:45+00:00,https://resultadoelectoral.onpe.gob.pe/main/elecciones-municipales
distrital,040220,AREQUIPA,CAYLLOMA,MAJES,10,36670,42657,,,5987,190,182,8,0,95.789,2026-10-06T14:02:01-05:00,2026-10-06T18:59:45+00:00,https://resultadoelectoral.onpe.gob.pe/main/elecciones-municipales
distrital,040302,AREQUIPA,CAMANÁ,JOSÉ MARIA QUIMPER,12,2964,3252,,,288,14,14,0,0,100,2026-10-06T14:06:02-05:00,2026-10-06T18:59:45+00:00,https://resultadoelectoral.onpe.gob.pe/main/elecciones-municipales
distrital,040303,AREQUIPA,CAMANÁ,MARIANO NICOLÁS VALCARCEL,12,2288,3062,,,774,15,15,0,0,100,2026-10-06T14:06:02-05:00,2026-10-06T18:59:45+00:00,https://resultadoelectoral.onpe.gob.pe/main/elecciones-municipales
distrital,040304,AREQUIPA,CAMANÁ,MARISCAL CÁCERES,12,4248,4739,,,491,21,21,0,0,100,2026-10-06T14:06:02-05:00,2026-10-06T18:59:45+00:00,https://resultadoelectoral.onpe.gob.pe/main/elecciones-municipales
distrital,040305,AREQUIPA,CAMANÁ,NICOLÁS DE PIEROLA,12,4313,4790,,,477,21,21,0,0,100,2026-10-06T14:06:02-05:00,2026-10-06T18:59:45+00:00,https://resultadoelectoral.onpe.gob.pe/main/elecciones-municipales
distrital,040306,AREQUIPA,CAMANÁ,OCOÑA,12,2266,2711,,,445,13,13,0,0,100,2026-10-06T14:06:02-05:00,2026-10-06T18:59:45+00:00,https://resultadoelectoral.onpe.gob.pe/main/elecciones-municipales
distrital,040307,AREQUIPA,CAMANÁ,QUILCA,12,848,942,,,94,4,4,0,0,100,2026-10-06T14:06:02-05:00,2026-10-06T18:59:45+00:00,https://resultadoelectoral.onpe.gob.pe/main/elecciones-municipales
distrital,040308,AREQUIPA,CAMANÁ,SAMUEL PASTOR,12,9194,10498,,,1304,47,46,1,0,97.872,2026-10-06T14:02:01-05:00,2026-10-06T18:59:45+00:00,https://resultadoelectoral.onpe.gob.pe/main/elecciones-municipales
distrital,040402,AREQUIPA,CARAVELÍ,ACARI,8,2054,2358,,,304,12,12,0,0,100,2026-10-06T14:02:01-05:00,2026-10-06T18:59:45+00:00,https://resultadoelectoral.onpe.gob.pe/main/elecciones-municipales
distrital,040403,AREQUIPA,CARAVELÍ,ATICO,8,2437,2902,,,465,15,14,1,0,93.333,2026-10-06T14:02:01-05:00,2026-10-06T18:59:45+00:00,https://resultadoelectoral.onpe.gob.pe/main/elecciones-municipales
distrital,040404,AREQUIPA,CARAVELÍ,ATIQUIPA,8,314,386,,,72,2,2,0,0,100,2026-10-06T14:02:01-05:00,2026-10-06T18:59:45+00:00,https://resultadoelectoral.onpe.gob.pe/main/elecciones-municipales
distrital,040405,AREQUIPA,CARAVELÍ,BELLA UNIÓN,8,1887,2108,,,221,10,10,0,0,100,2026-10-06T14:06:02-05:00,2026-10-06T18:59:45+00:00,https://resultadoelectoral.onpe.gob.pe/main/elecciones-municipales
distrital,040406,AREQUIPA,CARAVELÍ,CAHUACHO,8,393,451,,,58,3,3,0,0,100,2026-10-06T14:06:02-05:00,2026-10-06T18:59:45+00:00,https://resultadoelectoral.onpe.gob.pe/main/elecciones-municipales
distrital,040407,AREQUIPA,CARAVELÍ,CHALA,8,3965,4918,,,953,23,23,0,0,100,2026-10-06T14:02:01-05:00,2026-10-06T18:59:45+00:00,https://resultadoelectoral.onpe.gob.pe/main/elecciones-municipales
distrital,040408,AREQUIPA,CARAVELÍ,CHAPARRA,8,1345,1570,,,225,8,7,1,0,87.5,2026-10-06T14:06:02-05:00,2026-10-06T18:59:45+00:00,https://resultadoelectoral.onpe.gob.pe/main/elecciones-municipales
distrital,040409,AREQUIPA,CARAVELÍ,HUANUHUANU,8,1096,1404,,,308,7,7,0,0,100,2026-10-06T14:06:02-05:00,2026-10-06T18:59:45+00:00,https://resultadoelectoral.onpe.gob.pe/main/elecciones-municipales
distrital,040410,AREQUIPA,CARAVELÍ,JAQUI,8,677,983,,,306,5,5,0,0,100,2026-10-06T14:06:02-05:00,2026-10-06T18:59:45+00:00,https://resultadoelectoral.onpe.gob.pe/main/elecciones-municipales
distrital,040411,AREQUIPA,CARAVELÍ,LOMAS,8,890,954,,,64,4,4,0,0,100,2026-10-06T14:06:02-05:00,2026-10-06T18:59:45+00:00,https://resultadoelectoral.onpe.gob.pe/main/elecciones-municipales
distrital,040412,AREQUIPA,CARAVELÍ,QUICACHA,8,685,1048,,,363,6,6,0,0,100,2026-10-06T14:06:02-05:00,2026-10-06T18:59:45+00:00,https://resultadoelectoral.onpe.gob.pe/main/elecciones-municipales
distrital,040413,AREQUIPA,CARAVELÍ,YAUCA,8,804,1071,,,267,6,5,1,0,83.333,2026-10-06T14:06:02-05:00,2026-10-06T18:59:45+00:00,https://resultadoelectoral.onpe.gob.pe/main/elecciones-municipales
distrital,040502,AREQUIPA,CASTILLA,ANDAGUA,8,605,721,,,116,4,4,0,0,100,2026-10-06T14:02:01-05:00,2026-10-06T18:59:45+00:00,https://resultadoelectoral.onpe.gob.pe/main/elecciones-municipales
distrital,040503,AREQUIPA,CASTILLA,AYO,8,257,342,,,85,2,2,0,0,100,2026-10-06T14:06:02-05:00,2026-10-06T18:59:45+00:00,https://resultadoelectoral.onpe.gob.pe/main/elecciones-municipales
distrital,040504,AREQUIPA,CASTILLA,CHACHAS,8,615,798,,,183,7,7,0,0,100,2026-10-06T14:06:02-05:00,2026-10-06T18:59:45+00:00,https://resultadoelectoral.onpe.gob.pe/main/elecciones-municipales
distrital,040505,AREQUIPA,CASTILLA,CHILCAYMARCA,8,569,709,,,140,4,4,0,0,100,2026-10-06T14:02:01-05:00,2026-10-06T18:59:45+00:00,https://resultadoelectoral.onpe.gob.pe/main/elecciones-municipales
distrital,040506,AREQUIPA,CASTILLA,CHOCO,8,368,588,,,220,6,6,0,0,100,2026-10-06T14:06:02-05:00,2026-10-06T18:59:45+00:00,https://resultadoelectoral.onpe.gob.pe/main/elecciones-municipales
distrital,040507,AREQUIPA,CASTILLA,HUANCARQUI,8,1296,1398,,,102,7,7,0,0,100,2026-10-06T14:06:02-05:00,2026-10-06T18:59:45+00:00,https://resultadoelectoral.onpe.gob.pe/main/elecciones-municipales
distrital,040508,AREQUIPA,CASTILLA,MACHAGUAY,8,324,440,,,116,3,3,0,0,100,2026-10-06T14:06:02-05:00,2026-10-06T18:59:45+00:00,https://resultadoelectoral.onpe.gob.pe/main/elecciones-municipales
distrital,040509,AREQUIPA,CASTILLA,ORCOPAMPA,8,1877,2204,,,327,12,12,0,0,100,2026-10-06T14:06:02-05:00,2026-10-06T18:59:45+00:00,https://resultadoelectoral.onpe.gob.pe/main/elecciones-municipales
distrital,040510,AREQUIPA,CASTILLA,PAMPACOLCA,8,1001,1157,,,156,6,6,0,0,100,2026-10-06T14:06:02-05:00,2026-10-06T18:59:45+00:00,https://resultadoelectoral.onpe.gob.pe/main/elecciones-municipales
distrital,040511,AREQUIPA,CASTILLA,TIPAN,8,324,360,,,36,2,2,0,0,100,2026-10-06T14:06:02-05:00,2026-10-06T18:59:45+00:00,https://resultadoelectoral.onpe.gob.pe/main/elecciones-municipales
distrital,040512,AREQUIPA,CASTILLA,URACA,8,3612,4393,,,781,20,20,0,0,100,2026-10-06T14:06:02-05:00,2026-10-06T18:59:45+00:00,https://resultadoelectoral.onpe.gob.pe/main/elecciones-municipales
distrital,040513,AREQUIPA,CASTILLA,UÑON,8,162,222,,,60,1,1,0,0,100,2026-10-06T14:06:02-05:00,2026-10-06T18:59:45+00:00,https://resultadoelectoral.onpe.gob.pe/main/elecciones-municipales
distrital,040514,AREQUIPA,CASTILLA,VIRACO,8,529,701,,,172,4,4,0,0,100,2026-10-06T14:06:02-05:00,2026-10-06T18:59:45+00:00,https://resultadoelectoral.onpe.gob.pe/main/elecciones-municipales
distrital,040602,AREQUIPA,CONDESUYOS,ANDARAY,6,383,447,,,64,2,2,0,0,100,2026-10-06T14:06:02-05:00,2026-10-06T18:59:45+00:00,https://resultadoelectoral.onpe.gob.pe/main/elecciones-municipales
distrital,040603,AREQUIPA,CONDESUYOS,CAYARANI,6,1513,1706,,,193,10,10,0,0,100,2026-10-06T14:06:02-05:00,2026-10-06T18:59:45+00:00,https://resultadoelectoral.onpe.gob.pe/main/elecciones-municipales
distrital,040604,AREQUIPA,CONDESUYOS,CHICHAS,6,481,538,,,57,3,3,0,0,100,2026-10-06T14:06:02-05:00,2026-10-06T18:59:45+00:00,https://resultadoelectoral.onpe.gob.pe/main/elecciones-municipales
distrital,040605,AREQUIPA,CONDESUYOS,IRAY,6,476,534,,,58,3,3,0,0,100,2026-10-06T14:06:02-05:00,2026-10-06T18:59:45+00:00,https://resultadoelectoral.onpe.gob.pe/main/elecciones-municipales
distrital,040606,AREQUIPA,CONDESUYOS,SALAMANCA,6,405,493,,,88,3,3,0,0,100,2026-10-06T14:06:02-05:00,2026-10-06T18:59:45+00:00,https://resultadoelectoral.onpe.gob.pe/main/elecciones-municipales
distrital,040607,AREQUIPA,CONDESUYOS,YANAQUIHUA,6,2205,2753,,,548,16,16,0,0,100,2026-10-06T14:06:02-05:00,2026-10-06T18:59:45+00:00,https://resultadoelectoral.onpe.gob.pe/main/elecciones-municipales
distrital,040608,AREQUIPA,CONDESUYOS,RÍO GRANDE,6,1662,1798,,,136,9,9,0,0,100,2026-10-06T14:06:02-05:00,2026-10-06T18:59:45+00:00,https://resultadoelectoral.onpe.gob.pe/main/elecciones-municipales
distrital,040702,AREQUIPA,ISLAY,COCACHACRA,11,6876,7802,,,926,35,35,0,0,100,2026-10-06T14:06:02-05:00,2026-10-06T18:59:45+00:00,https://resultadoelectoral.onpe.gob.pe/main/elecciones-municipales
distrital,040703,AREQUIPA,ISLAY,DEÁN VALDIVIA,11,4587,5151,,,564,22,22,0,0,100,2026-10-06T14:06:02-05:00,2026-10-06T18:59:45+00:00,https://resultadoelectoral.onpe.gob.pe/main/elecciones-municipales
distrital,040704,AREQUIPA,ISLAY,ISLAY,11,3302,3633,,,331,16,16,0,0,100,2026-10-06T14:06:02-05:00,2026-10-06T18:59:45+00:00,https://resultadoelectoral.onpe.gob.pe/main/elecciones-municipales
distrital,040705,AREQUIPA,ISLAY,MEJÍA,11,1102,1194,,,92,6,6,0,0,100,2026-10-06T14:06:02-05:00,2026-10-06T18:59:45+00:00,https://resultadoelectoral.onpe.gob.pe/main/elecciones-municipales
distrital,040706,AREQUIPA,ISLAY,PUNTA DE BOMBÓN,11,4683,5220,,,537,23,23,0,0,100,2026-10-06T14:06:02-05:00,2026-10-06T18:59:45+00:00,https://resultadoelectoral.onpe.gob.pe/main/elecciones-municipales
distrital,040802,AREQUIPA,LA UNIÓN,ALCA,7,763,1035,,,272,6,6,0,0,100,2026-10-06T14:06:02-05:00,2026-10-06T18:59:45+00:00,https://resultadoelectoral.onpe.gob.pe/main/elecciones-municipales
distrital,040803,AREQUIPA,LA UNIÓN,CHARCANA,7,297,380,,,83,2,2,0,0,100,2026-10-06T14:06:02-05:00,2026-10-06T18:59:45+00:00,https://resultadoelectoral.onpe.gob.pe/main/elecciones-municipales
distrital,040804,AREQUIPA,LA UNIÓN,HUAYNACOTAS,7,867,1139,,,272,7,7,0,0,100,2026-10-06T14:06:02-05:00,2026-10-06T18:59:45+00:00,https://resultadoelectoral.onpe.gob.pe/main/elecciones-municipales
distrital,040805,AREQUIPA,LA UNIÓN,PAMPAMARCA,7,752,910,,,158,6,6,0,0,100,2026-10-06T14:06:02-05:00,2026-10-06T18:59:45+00:00,https://resultadoelectoral.onpe.gob.pe/main/elecciones-municipales
distrital,040806,AREQUIPA,LA UNIÓN,PUYCA,7,669,976,,,307,9,8,1,0,88.889,2026-10-06T14:06:02-05:00,2026-10-06T18:59:45+00:00,https://resultadoelectoral.onpe.gob.pe/main/elecciones-municipales
distrital,040807,AREQUIPA,LA UNIÓN,QUECHUALLA,7,357,413,,,56,2,2,0,0,100,2026-10-06T14:06:02-05:00,2026-10-06T18:59:45+00:00,https://resultadoelectoral.onpe.gob.pe/main/elecciones-municipales
distrital,040808,AREQUIPA,LA UNIÓN,SAYLA,7,198,230,,,32,2,2,0,0,100,2026-10-06T14:06:02-05:00,2026-10-06T18:59:45+00:00,https://resultadoelectoral.onpe.gob.pe/main/elecciones-municipales
distrital,040809,AREQUIPA,LA UNIÓN,TAURIA,7,144,226,,,82,2,2,0,0,100,2026-10-06T14:06:02-05:00,2026-10-06T18:59:45+00:00,https://resultadoelectoral.onpe.gob.pe/main/elecciones-municipales
distrital,040810,AREQUIPA,LA UNIÓN,TOMEPAMPA,7,361,490,,,129,3,3,0,0,100,2026-10-06T14:06:02-05:00,2026-10-06T18:59:45+00:00,https://resultadoelectoral.onpe.gob.pe/main/elecciones-municipales
distrital,040811,AREQUIPA,LA UNIÓN,TORO,7,313,387,,,74,3,3,0,0,100,2026-10-06T14:06:02-05:00,2026-10-06T18:59:45+00:00,https://resultadoelectoral.onpe.gob.pe/main/elecciones-municipales
distrital,050102,AYACUCHO,HUAMANGA,ACOS VINCHOS,9,3214,3579,,,365,15,15,0,0,100,2026-10-06T14:06:02-05:00,2026-10-06T18:59:45+00:00,https://resultadoelectoral.onpe.gob.pe/main/elecciones-municipales
distrital,050103,AYACUCHO,HUAMANGA,CARMEN ALTO,9,14698,16530,,,1832,71,71,0,0,100,2026-10-06T14:06:02-05:00,2026-10-06T18:59:45+00:00,https://resultadoelectoral.onpe.gob.pe/main/elecciones-municipales
distrital,050104,AYACUCHO,HUAMANGA,CHIARA,9,4309,4787,,,478,22,22,0,0,100,2026-10-06T14:06:02-05:00,2026-10-06T18:59:45+00:00,https://resultadoelectoral.onpe.gob.pe/main/elecciones-municipales
distrital,050105,AYACUCHO,HUAMANGA,QUINUA,9,3798,4218,,,420,19,19,0,0,100,2026-10-06T14:06:02-05:00,2026-10-06T18:59:45+00:00,https://resultadoelectoral.onpe.gob.pe/main/elecciones-municipales
distrital,050106,AYACUCHO,HUAMANGA,SAN JOSÉ DE TICLLAS,9,1518,1711,,,193,8,8,0,0,100,2026-10-06T14:06:02-05:00,2026-10-06T18:59:45+00:00,https://resultadoelectoral.onpe.gob.pe/main/elecciones-municipales
distrital,050107,AYACUCHO,HUAMANGA,SAN JUAN BAUTISTA,9,24339,27489,,,3150,123,122,1,0,99.187,2026-10-06T14:06:02-05:00,2026-10-06T18:59:45+00:00,https://resultadoelectoral.onpe.gob.pe/main/elecciones-municipales
distrital,050108,AYACUCHO,HUAMANGA,SANTIAGO DE PISCHA,9,1138,1249,,,111,7,7,0,0,100,2026-10-06T14:06:02-05:00,2026-10-06T18:59:45+00:00,https://resultadoelectoral.onpe.gob.pe/main/elecciones-municipales
distrital,050109,AYACUCHO,HUAMANGA,VINCHOS,9,10242,11235,,,993,54,54,0,0,100,2026-10-06T14:06:02-05:00,2026-10-06T18:59:45+00:00,https://resultadoelectoral.onpe.gob.pe/main/elecciones-municipales
distrital,050110,AYACUCHO,HUAMANGA,TAMBILLO,9,4404,4843,,,439,21,20,1,0,95.238,2026-10-06T14:06:02-05:00,2026-10-06T18:59:45+00:00,https://resultadoelectoral.onpe.gob.pe/main/elecciones-municipales
distrital,050111,AYACUCHO,HUAMANGA,ACOCRO,9,6044,6689,,,645,29,29,0,0,100,2026-10-06T14:06:02-05:00,2026-10-06T18:59:45+00:00,https://resultadoelectoral.onpe.gob.pe/main/elecciones-municipales
distrital,050112,AYACUCHO,HUAMANGA,SOCOS,9,5395,6008,,,613,26,26,0,0,100,2026-10-06T14:06:02-05:00,2026-10-06T18:59:45+00:00,https://resultadoelectoral.onpe.gob.pe/main/elecciones-municipales
distrital,050113,AYACUCHO,HUAMANGA,OCROS,9,3053,3917,,,864,22,22,0,0,100,2026-10-06T14:06:02-05:00,2026-10-06T18:59:45+00:00,https://resultadoelectoral.onpe.gob.pe/main/elecciones-municipales
distrital,050114,AYACUCHO,HUAMANGA,PACAYCASA,9,2269,2529,,,260,10,10,0,0,100,2026-10-06T14:06:02-05:00,2026-10-06T18:59:45+00:00,https://resultadoelectoral.onpe.gob.pe/main/elecciones-municipales
distrital,050115,AYACUCHO,HUAMANGA,JESÚS NAZARENO,9,10122,11523,,,1401,52,52,0,0,100,2026-10-06T14:06:02-05:00,2026-10-06T18:59:45+00:00,https://resultadoelectoral.onpe.gob.pe/main/elecciones-municipales
distrital,050116,AYACUCHO,HUAMANGA,ANDRÉS AVELINO CÁCERES DORREGARAY,9,10999,12471,,,1472,54,54,0,0,100,2026-10-06T14:06:02-05:00,2026-10-06T18:59:45+00:00,https://resultadoelectoral.onpe.gob.pe/main/elecciones-municipales
distrital,050204,AYACUCHO,CANGALLO,CHUSCHI,6,3583,4155,,,572,25,24,1,0,96,2026-10-06T14:06:02-05:00,2026-10-06T18:59:45+00:00,https://resultadoelectoral.onpe.gob.pe/main/elecciones-municipales
distrital,050206,AYACUCHO,CANGALLO,LOS MOROCHUCOS,6,5333,5839,,,506,27,27,0,0,100,2026-10-06T14:06:02-05:00,2026-10-06T18:59:45+00:00,https://resultadoelectoral.onpe.gob.pe/main/elecciones-municipales
distrital,050207,AYACUCHO,CANGALLO,PARAS,6,2854,3517,,,663,19,19,0,0,100,2026-10-06T14:06:02-05:00,2026-10-06T18:59:45+00:00,https://resultadoelectoral.onpe.gob.pe/main/elecciones-municipales
distrital,050208,AYACUCHO,CANGALLO,TOTOS,6,2115,2429,,,314,15,15,0,0,100,2026-10-06T14:06:02-05:00,2026-10-06T18:59:45+00:00,https://resultadoelectoral.onpe.gob.pe/main/elecciones-municipales
distrital,050211,AYACUCHO,CANGALLO,MARÍA PARADO DE BELLIDO,6,1366,1454,,,88,7,7,0,0,100,2026-10-06T14:06:02-05:00,2026-10-06T18:59:45+00:00,https://resultadoelectoral.onpe.gob.pe/main/elecciones-municipales
distrital,050302,AYACUCHO,HUANTA,AYAHUANCO,10,1414,1499,,,85,7,7,0,0,100,2026-10-06T14:06:02-05:00,2026-10-06T18:59:45+00:00,https://resultadoelectoral.onpe.gob.pe/main/elecciones-municipales
distrital,050303,AYACUCHO,HUANTA,HUAMANGUILLA,10,2875,3245,,,370,15,15,0,0,100,2026-10-06T14:06:02-05:00,2026-10-06T18:59:45+00:00,https://resultadoelectoral.onpe.gob.pe/main/elecciones-municipales
distrital,050304,AYACUCHO,HUANTA,IGUAIN,10,2285,2562,,,277,12,12,0,0,100,2026-10-06T14:06:02-05:00,2026-10-06T18:59:45+00:00,https://resultadoelectoral.onpe.gob.pe/main/elecciones-municipales
distrital,050305,AYACUCHO,HUANTA,LURICOCHA,10,4229,4675,,,446,22,22,0,0,100,2026-10-06T14:06:02-05:00,2026-10-06T18:59:45+00:00,https://resultadoelectoral.onpe.gob.pe/main/elecciones-municipales
distrital,050307,AYACUCHO,HUANTA,SANTILLANA,10,2282,2490,,,208,14,14,0,0,100,2026-10-06T14:06:02-05:00,2026-10-06T18:59:45+00:00,https://resultadoelectoral.onpe.gob.pe/main/elecciones-municipales
distrital,050308,AYACUCHO,HUANTA,SIVIA,10,5229,5979,,,750,31,31,0,0,100,2026-10-06T14:06:02-05:00,2026-10-06T18:59:45+00:00,https://resultadoelectoral.onpe.gob.pe/main/elecciones-municipales
distrital,050309,AYACUCHO,HUANTA,LLOCHEGUA,10,4067,4627,,,560,27,26,1,0,96.296,2026-10-06T14:06:02-05:00,2026-10-06T18:59:45+00:00,https://resultadoelectoral.onpe.gob.pe/main/elecciones-municipales
distrital,050310,AYACUCHO,HUANTA,CANAYRE,10,1759,1943,,,184,11,10,1,0,90.909,2026-10-06T14:06:02-05:00,2026-10-06T18:59:45+00:00,https://resultadoelectoral.onpe.gob.pe/main/elecciones-municipales
distrital,050311,AYACUCHO,HUANTA,UCHURACCAY,10,2126,2535,,,409,14,14,0,0,100,2026-10-06T14:06:02-05:00,2026-10-06T18:59:45+00:00,https://resultadoelectoral.onpe.gob.pe/main/elecciones-municipales
distrital,050312,AYACUCHO,HUANTA,PUCACOLPA,10,1650,1787,,,137,8,8,0,0,100,2026-10-06T14:06:02-05:00,2026-10-06T18:59:45+00:00,https://resultadoelectoral.onpe.gob.pe/main/elecciones-municipales
distrital,050313,AYACUCHO,HUANTA,CHACA,10,1569,1732,,,163,8,8,0,0,100,2026-10-06T14:06:02-05:00,2026-10-06T18:59:45+00:00,https://resultadoelectoral.onpe.gob.pe/main/elecciones-municipales
distrital,050314,AYACUCHO,HUANTA,PUTIS,10,433,508,,,75,3,3,0,0,100,2026-10-06T14:06:02-05:00,2026-10-06T18:59:45+00:00,https://resultadoelectoral.onpe.gob.pe/main/elecciones-municipales
distrital,050402,AYACUCHO,LA MAR,ANCO,7,3600,3876,,,276,23,23,0,0,100,2026-10-06T14:06:02-05:00,2026-10-06T18:59:45+00:00,https://resultadoelectoral.onpe.gob.pe/main/elecciones-municipales
distrital,050403,AYACUCHO,LA MAR,AYNA,7,4194,4866,,,672,24,24,0,0,100,2026-10-06T14:06:02-05:00,2026-10-06T18:59:45+00:00,https://resultadoelectoral.onpe.gob.pe/main/elecciones-municipales
distrital,050404,AYACUCHO,LA MAR,CHILCAS,7,1296,1408,,,112,6,6,0,0,100,2026-10-06T14:06:02-05:00,2026-10-06T18:59:45+00:00,https://resultadoelectoral.onpe.gob.pe/main/elecciones-municipales
distrital,050405,AYACUCHO,LA MAR,CHUNGUI,7,2462,2616,,,154,16,16,0,0,100,2026-10-06T14:06:02-05:00,2026-10-06T18:59:45+00:00,https://resultadoelectoral.onpe.gob.pe/main/elecciones-municipales
distrital,050406,AYACUCHO,LA MAR,TAMBO,7,5776,6434,,,658,32,32,0,0,100,2026-10-06T14:06:02-05:00,2026-10-06T18:59:45+00:00,https://resultadoelectoral.onpe.gob.pe/main/elecciones-municipales
distrital,050407,AYACUCHO,LA MAR,LUIS CARRANZA,7,775,937,,,162,5,5,0,0,100,2026-10-06T14:06:02-05:00,2026-10-06T18:59:45+00:00,https://resultadoelectoral.onpe.gob.pe/main/elecciones-municipales
distrital,050408,AYACUCHO,LA MAR,SANTA ROSA,7,5764,6415,,,651,32,32,0,0,100,2026-10-06T14:06:02-05:00,2026-10-06T18:59:45+00:00,https://resultadoelectoral.onpe.gob.pe/main/elecciones-municipales
distrital,050409,AYACUCHO,LA MAR,SAMUGARI,7,3967,4304,,,337,21,20,1,0,95.238,2026-10-06T14:06:02-05:00,2026-10-06T18:59:45+00:00,https://resultadoelectoral.onpe.gob.pe/main/elecciones-municipales
distrital,050410,AYACUCHO,LA MAR,ANCHIHUAY,7,2301,2462,,,161,12,12,0,0,100,2026-10-06T14:06:02-05:00,2026-10-06T18:59:45+00:00,https://resultadoelectoral.onpe.gob.pe/main/elecciones-municipales
distrital,050411,AYACUCHO,LA MAR,ORONCCOY,7,648,702,,,54,5,5,0,0,100,2026-10-06T14:06:02-05:00,2026-10-06T18:59:45+00:00,https://resultadoelectoral.onpe.gob.pe/main/elecciones-municipales
distrital,050412,AYACUCHO,LA MAR,UNIÓN PROGRESO,7,1369,1481,,,112,7,7,0,0,100,2026-10-06T14:06:02-05:00,2026-10-06T18:59:45+00:00,https://resultadoelectoral.onpe.gob.pe/main/elecciones-municipales
distrital,050413,AYACUCHO,LA MAR,PATIBAMBA,7,989,1096,,,107,5,5,0,0,100,2026-10-06T14:06:02-05:00,2026-10-06T18:59:45+00:00,https://resultadoelectoral.onpe.gob.pe/main/elecciones-municipales
distrital,050414,AYACUCHO,LA MAR,NINABAMBA,7,1201,1298,,,97,6,6,0,0,100,2026-10-06T14:06:02-05:00,2026-10-06T18:59:45+00:00,https://resultadoelectoral.onpe.gob.pe/main/elecciones-municipales
distrital,050415,AYACUCHO,LA MAR,RÍO MAGDALENA,7,941,1054,,,113,5,5,0,0,100,2026-10-06T14:06:02-05:00,2026-10-06T18:59:45+00:00,https://resultadoelectoral.onpe.gob.pe/main/elecciones-municipales
distrital,050502,AYACUCHO,LUCANAS,AUCARA,8,1197,1388,,,191,11,11,0,0,100,2026-10-06T14:06:02-05:00,2026-10-06T18:59:45+00:00,https://resultadoelectoral.onpe.gob.pe/main/elecciones-municipales
distrital,050503,AYACUCHO,LUCANAS,CABANA,8,603,671,,,68,4,4,0,0,100,2026-10-06T14:06:02-05:00,2026-10-06T18:59:45+00:00,https://resultadoelectoral.onpe.gob.pe/main/elecciones-municipales
distrital,050504,AYACUCHO,LUCANAS,CARMEN SALCEDO,8,695,781,,,86,4,4,0,0,100,2026-10-06T14:06:02-05:00,2026-10-06T18:59:45+00:00,https://resultadoelectoral.onpe.gob.pe/main/elecciones-municipales
distrital,050506,AYACUCHO,LUCANAS,CHAVIÑA,8,1051,1179,,,128,7,7,0,0,100,2026-10-06T14:06:02-05:00,2026-10-06T18:59:45+00:00,https://resultadoelectoral.onpe.gob.pe/main/elecciones-municipales
distrital,050508,AYACUCHO,LUCANAS,CHIPAO,8,1035,1345,,,310,10,9,1,0,90,2026-10-06T14:06:02-05:00,2026-10-06T18:59:45+00:00,https://resultadoelectoral.onpe.gob.pe/main/elecciones-municipales
distrital,050510,AYACUCHO,LUCANAS,HUAC-HUAS,8,945,1086,,,141,7,7,0,0,100,2026-10-06T14:06:02-05:00,2026-10-06T18:59:45+00:00,https://resultadoelectoral.onpe.gob.pe/main/elecciones-municipales
distrital,050511,AYACUCHO,LUCANAS,LARAMATE,8,807,911,,,104,5,5,0,0,100,2026-10-06T14:06:02-05:00,2026-10-06T18:59:45+00:00,https://resultadoelectoral.onpe.gob.pe/main/elecciones-municipales
distrital,050512,AYACUCHO,LUCANAS,LEONCIO PRADO,8,751,812,,,61,5,5,0,0,100,2026-10-06T14:06:02-05:00,2026-10-06T18:59:45+00:00,https://resultadoelectoral.onpe.gob.pe/main/elecciones-municipales
distrital,050513,AYACUCHO,LUCANAS,LUCANAS,8,1383,1642,,,259,8,8,0,0,100,2026-10-06T14:06:02-05:00,2026-10-06T18:59:45+00:00,https://resultadoelectoral.onpe.gob.pe/main/elecciones-municipales
distrital,050514,AYACUCHO,LUCANAS,LLAUTA,8,852,905,,,53,4,4,0,0,100,2026-10-06T14:06:02-05:00,2026-10-06T18:59:45+00:00,https://resultadoelectoral.onpe.gob.pe/main/elecciones-municipales
distrital,050516,AYACUCHO,LUCANAS,OCAÑA,8,1315,1495,,,180,9,9,0,0,100,2026-10-06T14:06:02-05:00,2026-10-06T18:59:45+00:00,https://resultadoelectoral.onpe.gob.pe/main/elecciones-municipales
distrital,050517,AYACUCHO,LUCANAS,OTOCA,8,694,782,,,88,5,4,1,0,80,2026-10-06T14:06:02-05:00,2026-10-06T18:59:45+00:00,https://resultadoelectoral.onpe.gob.pe/main/elecciones-municipales
distrital,050520,AYACUCHO,LUCANAS,SANCOS,8,1870,2111,,,241,13,13,0,0,100,2026-10-06T14:06:02-05:00,2026-10-06T18:59:45+00:00,https://resultadoelectoral.onpe.gob.pe/main/elecciones-municipales
distrital,050521,AYACUCHO,LUCANAS,SAN JUAN,8,488,578,,,90,3,3,0,0,100,2026-10-06T14:06:02-05:00,2026-10-06T18:59:45+00:00,https://resultadoelectoral.onpe.gob.pe/main/elecciones-municipales
distrital,050522,AYACUCHO,LUCANAS,SAN PEDRO,8,1237,1535,,,298,10,10,0,0,100,2026-10-06T14:06:02-05:00,2026-10-06T18:59:45+00:00,https://resultadoelectoral.onpe.gob.pe/main/elecciones-municipales
distrital,050524,AYACUCHO,LUCANAS,SANTA ANA DE HUAYCAHUACHO,8,282,331,,,49,2,2,0,0,100,2026-10-06T14:06:02-05:00,2026-10-06T18:59:45+00:00,https://resultadoelectoral.onpe.gob.pe/main/elecciones-municipales
distrital,050525,AYACUCHO,LUCANAS,SANTA LUCÍA,8,565,635,,,70,6,6,0,0,100,2026-10-06T14:06:02-05:00,2026-10-06T18:59:45+00:00,https://resultadoelectoral.onpe.gob.pe/main/elecciones-municipales
distrital,050529,AYACUCHO,LUCANAS,SAISA,8,270,285,,,15,3,3,0,0,100,2026-10-06T14:06:02-05:00,2026-10-06T18:59:45+00:00,https://resultadoelectoral.onpe.gob.pe/main/elecciones-municipales
distrital,050531,AYACUCHO,LUCANAS,SAN PEDRO DE PALCO,8,775,858,,,83,5,5,0,0,100,2026-10-06T14:06:02-05:00,2026-10-06T18:59:45+00:00,https://resultadoelectoral.onpe.gob.pe/main/elecciones-municipales
distrital,050532,AYACUCHO,LUCANAS,SAN CRISTÓBAL,8,826,1020,,,194,6,6,0,0,100,2026-10-06T14:06:02-05:00,2026-10-06T18:59:45+00:00,https://resultadoelectoral.onpe.gob.pe/main/elecciones-municipales
distrital,050604,AYACUCHO,PARINACOCHAS,CORONEL CASTAÑEDA,4,552,599,,,47,4,4,0,0,100,2026-10-06T14:06:02-05:00,2026-10-06T18:59:45+00:00,https://resultadoelectoral.onpe.gob.pe/main/elecciones-municipales
distrital,050605,AYACUCHO,PARINACOCHAS,CHUMPI,4,1030,1319,,,289,7,7,0,0,100,2026-10-06T14:06:02-05:00,2026-10-06T18:59:45+00:00,https://resultadoelectoral.onpe.gob.pe/main/elecciones-municipales
distrital,050608,AYACUCHO,PARINACOCHAS,PACAPAUSA,4,424,479,,,55,3,3,0,0,100,2026-10-06T14:06:02-05:00,2026-10-06T18:59:45+00:00,https://resultadoelectoral.onpe.gob.pe/main/elecciones-municipales
distrital,050611,AYACUCHO,PARINACOCHAS,PULLO,4,1701,2079,,,378,15,15,0,0,100,2026-10-06T14:06:02-05:00,2026-10-06T18:59:45+00:00,https://resultadoelectoral.onpe.gob.pe/main/elecciones-municipales
distrital,050612,AYACUCHO,PARINACOCHAS,PUYUSCA,4,966,1160,,,194,6,6,0,0,100,2026-10-06T14:06:02-05:00,2026-10-06T18:59:45+00:00,https://resultadoelectoral.onpe.gob.pe/main/elecciones-municipales
distrital,050615,AYACUCHO,PARINACOCHAS,SAN FRANCISCO DE RIVACAYCO,4,378,461,,,83,4,4,0,0,100,2026-10-06T14:06:02-05:00,2026-10-06T18:59:45+00:00,https://resultadoelectoral.onpe.gob.pe/main/elecciones-municipales
distrital,050616,AYACUCHO,PARINACOCHAS,UPAHUACHO,4,675,781,,,106,7,7,0,0,100,2026-10-06T14:06:02-05:00,2026-10-06T18:59:45+00:00,https://resultadoelectoral.onpe.gob.pe/main/elecciones-municipales
distrital,050702,AYACUCHO,VÍCTOR FAJARDO,ALCAMENCA,6,1254,1363,,,109,8,8,0,0,100,2026-10-06T14:06:02-05:00,2026-10-06T18:59:45+00:00,https://resultadoelectoral.onpe.gob.pe/main/elecciones-municipales
distrital,050703,AYACUCHO,VÍCTOR FAJARDO,APONGO,6,449,536,,,87,3,3,0,0,100,2026-10-06T14:06:02-05:00,2026-10-06T18:59:45+00:00,https://resultadoelectoral.onpe.gob.pe/main/elecciones-municipales
distrital,050704,AYACUCHO,VÍCTOR FAJARDO,CANARIA,6,1410,1603,,,193,10,10,0,0,100,2026-10-06T14:06:02-05:00,2026-10-06T18:59:45+00:00,https://resultadoelectoral.onpe.gob.pe/main/elecciones-municipales
distrital,050706,AYACUCHO,VÍCTOR FAJARDO,CAYARA,6,823,903,,,80,5,5,0,0,100,2026-10-06T14:06:02-05:00,2026-10-06T18:59:45+00:00,https://resultadoelectoral.onpe.gob.pe/main/elecciones-municipales
distrital,050707,AYACUCHO,VÍCTOR FAJARDO,COLCA,6,1165,1239,,,74,6,6,0,0,100,2026-10-06T14:06:02-05:00,2026-10-06T18:59:45+00:00,https://resultadoelectoral.onpe.gob.pe/main/elecciones-municipales
distrital,050708,AYACUCHO,VÍCTOR FAJARDO,HUALLA,6,1259,1381,,,122,8,8,0,0,100,2026-10-06T14:06:02-05:00,2026-10-06T18:59:45+00:00,https://resultadoelectoral.onpe.gob.pe/main/elecciones-municipales
distrital,050709,AYACUCHO,VÍCTOR FAJARDO,HUAMANQUIQUIA,6,667,748,,,81,4,4,0,0,100,2026-10-06T14:06:02-05:00,2026-10-06T18:59:45+00:00,https://resultadoelectoral.onpe.gob.pe/main/elecciones-municipales
distrital,050710,AYACUCHO,VÍCTOR FAJARDO,HUANCARAYLLA,6,1068,1162,,,94,6,6,0,0,100,2026-10-06T14:06:02-05:00,2026-10-06T18:59:45+00:00,https://resultadoelectoral.onpe.gob.pe/main/elecciones-municipales
distrital,050713,AYACUCHO,VÍCTOR FAJARDO,SARHUA,6,1676,1872,,,196,10,10,0,0,100,2026-10-06T14:06:02-05:00,2026-10-06T18:59:45+00:00,https://resultadoelectoral.onpe.gob.pe/main/elecciones-municipales
distrital,050714,AYACUCHO,VÍCTOR FAJARDO,VILCANCHOS,6,1531,1856,,,325,11,11,0,0,100,2026-10-06T14:06:02-05:00,2026-10-06T18:59:45+00:00,https://resultadoelectoral.onpe.gob.pe/main/elecciones-municipales
distrital,050715,AYACUCHO,VÍCTOR FAJARDO,ASQUIPATA,6,261,297,,,36,2,2,0,0,100,2026-10-06T14:06:02-05:00,2026-10-06T18:59:45+00:00,https://resultadoelectoral.onpe.gob.pe/main/elecciones-municipales
distrital,050802,AYACUCHO,HUANCA SANCOS,SACSAMARCA,4,794,894,,,100,6,6,0,0,100,2026-10-06T14:06:02-05:00,2026-10-06T18:59:45+00:00,https://resultadoelectoral.onpe.gob.pe/main/elecciones-municipales
distrital,050803,AYACUCHO,HUANCA SANCOS,SANTIAGO DE LUCANAMARCA,4,1114,1258,,,144,9,9,0,0,100,2026-10-06T14:06:02-05:00,2026-10-06T18:59:45+00:00,https://resultadoelectoral.onpe.gob.pe/main/elecciones-municipales
distrital,050804,AYACUCHO,HUANCA SANCOS,CARAPO,4,1088,1277,,,189,9,9,0,0,100,2026-10-06T14:06:02-05:00,2026-10-06T18:59:45+00:00,https://resultadoelectoral.onpe.gob.pe/main/elecciones-municipales
distrital,050902,AYACUCHO,VILCAS HUAMÁN,VISCHONGO,5,2629,2900,,,271,14,14,0,0,100,2026-10-06T14:06:02-05:00,2026-10-06T18:59:45+00:00,https://resultadoelectoral.onpe.gob.pe/main/elecciones-municipales
distrital,050903,AYACUCHO,VILCAS HUAMÁN,ACCOMARCA,5,873,965,,,92,5,5,0,0,100,2026-10-06T14:06:02-05:00,2026-10-06T18:59:45+00:00,https://resultadoelectoral.onpe.gob.pe/main/elecciones-municipales
distrital,050904,AYACUCHO,VILCAS HUAMÁN,CARHUANCA,5,538,681,,,143,4,4,0,0,100,2026-10-06T14:06:02-05:00,2026-10-06T18:59:45+00:00,https://resultadoelectoral.onpe.gob.pe/main/elecciones-municipales
distrital,050905,AYACUCHO,VILCAS HUAMÁN,CONCEPCIÓN,5,1566,1686,,,120,9,9,0,0,100,2026-10-06T14:06:02-05:00,2026-10-06T18:59:45+00:00,https://resultadoelectoral.onpe.gob.pe/main/elecciones-municipales
distrital,050906,AYACUCHO,VILCAS HUAMÁN,HUAMBALPA,5,1072,1161,,,89,7,7,0,0,100,2026-10-06T14:06:02-05:00,2026-10-06T18:59:45+00:00,https://resultadoelectoral.onpe.gob.pe/main/elecciones-municipales
distrital,050907,AYACUCHO,VILCAS HUAMÁN,SAURAMA,5,927,984,,,57,5,5,0,0,100,2026-10-06T14:06:02-05:00,2026-10-06T18:59:45+00:00,https://resultadoelectoral.onpe.gob.pe/main/elecciones-municipales
distrital,050908,AYACUCHO,VILCAS HUAMÁN,INDEPENDENCIA,5,733,800,,,67,5,5,0,0,100,2026-10-06T14:06:02-05:00,2026-10-06T18:59:45+00:00,https://resultadoelectoral.onpe.gob.pe/main/elecciones-municipales
distrital,051002,AYACUCHO,PÁUCAR DEL SARA SARA,COLTA,7,362,406,,,44,3,3,0,0,100,2026-10-06T14:06:02-05:00,2026-10-06T18:59:45+00:00,https://resultadoelectoral.onpe.gob.pe/main/elecciones-municipales
distrital,051003,AYACUCHO,PÁUCAR DEL SARA SARA,CORCULLA,7,221,245,,,24,2,2,0,0,100,2026-10-06T14:06:02-05:00,2026-10-06T18:59:45+00:00,https://resultadoelectoral.onpe.gob.pe/main/elecciones-municipales
distrital,051004,AYACUCHO,PÁUCAR DEL SARA SARA,LAMPA,7,1039,1203,,,164,6,6,0,0,100,2026-10-06T14:06:02-05:00,2026-10-06T18:59:45+00:00,https://resultadoelectoral.onpe.gob.pe/main/elecciones-municipales
distrital,051005,AYACUCHO,PÁUCAR DEL SARA SARA,MARCABAMBA,7,303,346,,,43,2,2,0,0,100,2026-10-06T14:06:02-05:00,2026-10-06T18:59:45+00:00,https://resultadoelectoral.onpe.gob.pe/main/elecciones-municipales
distrital,051006,AYACUCHO,PÁUCAR DEL SARA SARA,OYOLO,7,639,697,,,58,4,4,0,0,100,2026-10-06T14:06:02-05:00,2026-10-06T18:59:45+00:00,https://resultadoelectoral.onpe.gob.pe/main/elecciones-municipales
distrital,051007,AYACUCHO,PÁUCAR DEL SARA SARA,PARARCA,7,246,289,,,43,2,2,0,0,100,2026-10-06T14:06:02-05:00,2026-10-06T18:59:45+00:00,https://resultadoelectoral.onpe.gob.pe/main/elecciones-municipales
distrital,051008,AYACUCHO,PÁUCAR DEL SARA SARA,SAN JAVIER DE ALPABAMBA,7,384,418,,,34,3,3,0,0,100,2026-10-06T14:06:02-05:00,2026-10-06T18:59:45+00:00,https://resultadoelectoral.onpe.gob.pe/main/elecciones-municipales
distrital,051009,AYACUCHO,PÁUCAR DEL SARA SARA,SAN JOSÉ DE USHUA,7,126,135,,,9,1,1,0,0,100,2026-10-06T14:06:02-05:00,2026-10-06T18:59:45+00:00,https://resultadoelectoral.onpe.gob.pe/main/elecciones-municipales
distrital,051010,AYACUCHO,PÁUCAR DEL SARA SARA,SARA SARA,7,346,364,,,18,2,2,0,0,100,2026-10-06T14:06:02-05:00,2026-10-06T18:59:45+00:00,https://resultadoelectoral.onpe.gob.pe/main/elecciones-municipales
distrital,051102,AYACUCHO,SUCRE,BELÉN,3,205,237,,,32,2,2,0,0,100,2026-10-06T14:06:02-05:00,2026-10-06T18:59:45+00:00,https://resultadoelectoral.onpe.gob.pe/main/elecciones-municipales
distrital,051103,AYACUCHO,SUCRE,CHALCOS,3,317,356,,,39,2,2,0,0,100,2026-10-06T14:06:02-05:00,2026-10-06T18:59:45+00:00,https://resultadoelectoral.onpe.gob.pe/main/elecciones-municipales
distrital,051104,AYACUCHO,SUCRE,SAN SALVADOR DE QUIJE,3,675,862,,,187,4,4,0,0,100,2026-10-06T14:06:02-05:00,2026-10-06T18:59:45+00:00,https://resultadoelectoral.onpe.gob.pe/main/elecciones-municipales
distrital,051105,AYACUCHO,SUCRE,PAICO,3,430,471,,,41,3,3,0,0,100,2026-10-06T14:06:02-05:00,2026-10-06T18:59:45+00:00,https://resultadoelectoral.onpe.gob.pe/main/elecciones-municipales
distrital,051106,AYACUCHO,SUCRE,SANTIAGO DE PAUCARAY,3,328,422,,,94,3,3,0,0,100,2026-10-06T14:06:02-05:00,2026-10-06T18:59:45+00:00,https://resultadoelectoral.onpe.gob.pe/main/elecciones-municipales
distrital,051107,AYACUCHO,SUCRE,SAN PEDRO DE LARCAY,3,561,599,,,38,3,3,0,0,100,2026-10-06T14:06:02-05:00,2026-10-06T18:59:45+00:00,https://resultadoelectoral.onpe.gob.pe/main/elecciones-municipales
distrital,051108,AYACUCHO,SUCRE,SORAS,3,382,412,,,30,3,2,1,0,66.667,2026-10-06T14:06:02-05:00,2026-10-06T18:59:45+00:00,https://resultadoelectoral.onpe.gob.pe/main/elecciones-municipales
distrital,051109,AYACUCHO,SUCRE,HUACAÑA,3,275,321,,,46,2,2,0,0,100,2026-10-06T14:06:02-05:00,2026-10-06T18:59:45+00:00,https://resultadoelectoral.onpe.gob.pe/main/elecciones-municipales
distrital,051110,AYACUCHO,SUCRE,CHILCAYOC,3,424,464,,,40,3,3,0,0,100,2026-10-06T14:06:02-05:00,2026-10-06T18:59:45+00:00,https://resultadoelectoral.onpe.gob.pe/main/elecciones-municipales
distrital,051111,AYACUCHO,SUCRE,MORCOLLA,3,761,857,,,96,5,5,0,0,100,2026-10-06T14:06:02-05:00,2026-10-06T18:59:45+00:00,https://resultadoelectoral.onpe.gob.pe/main/elecciones-municipales
distrital,060102,CAJAMARCA,CAJAMARCA,ASUNCIÓN,13,4273,4830,,,557,27,26,1,0,96.296,2026-10-06T14:06:02-05:00,2026-10-06T18:59:45+00:00,https://resultadoelectoral.onpe.gob.pe/main/elecciones-municipales
distrital,060103,CAJAMARCA,CAJAMARCA,COSPAN,13,3051,4105,,,1054,22,22,0,0,100,2026-10-06T14:06:02-05:00,2026-10-06T18:59:45+00:00,https://resultadoelectoral.onpe.gob.pe/main/elecciones-municipales
distrital,060104,CAJAMARCA,CAJAMARCA,CHETILLA,13,2171,2412,,,241,13,11,2,0,84.615,2026-10-06T14:06:02-05:00,2026-10-06T18:59:45+00:00,https://resultadoelectoral.onpe.gob.pe/main/elecciones-municipales
distrital,060105,CAJAMARCA,CAJAMARCA,ENCAÑADA,13,17777,19995,,,2218,93,90,3,0,96.774,2026-10-06T14:06:02-05:00,2026-10-06T18:59:45+00:00,https://resultadoelectoral.onpe.gob.pe/main/elecciones-municipales
distrital,060106,CAJAMARCA,CAJAMARCA,JESÚS,13,7516,8946,,,1430,45,42,3,0,93.333,2026-10-06T14:06:02-05:00,2026-10-06T18:59:45+00:00,https://resultadoelectoral.onpe.gob.pe/main/elecciones-municipales
distrital,060107,CAJAMARCA,CAJAMARCA,LOS BAÑOS DEL INCA,13,23117,27494,,,4377,121,116,5,0,95.868,2026-10-06T14:06:02-05:00,2026-10-06T18:59:45+00:00,https://resultadoelectoral.onpe.gob.pe/main/elecciones-municipales
distrital,060108,CAJAMARCA,CAJAMARCA,LLACANORA,13,3787,4245,,,458,17,17,0,0,100,2026-10-06T14:06:02-05:00,2026-10-06T18:59:45+00:00,https://resultadoelectoral.onpe.gob.pe/main/elecciones-municipales
distrital,060109,CAJAMARCA,CAJAMARCA,MAGDALENA,13,5629,6474,,,845,32,31,1,0,96.875,2026-10-06T14:06:02-05:00,2026-10-06T18:59:45+00:00,https://resultadoelectoral.onpe.gob.pe/main/elecciones-municipales
distrital,060110,CAJAMARCA,CAJAMARCA,MATARA,13,2612,2938,,,326,13,13,0,0,100,2026-10-06T14:06:02-05:00,2026-10-06T18:59:45+00:00,https://resultadoelectoral.onpe.gob.pe/main/elecciones-municipales
distrital,060111,CAJAMARCA,CAJAMARCA,NAMORA,13,5948,6763,,,815,31,29,2,0,93.548,2026-10-06T14:06:02-05:00,2026-10-06T18:59:45+00:00,https://resultadoelectoral.onpe.gob.pe/main/elecciones-municipales
distrital,060112,CAJAMARCA,CAJAMARCA,SAN JUAN,13,2905,3514,,,609,17,17,0,0,100,2026-10-06T14:06:02-05:00,2026-10-06T18:59:45+00:00,https://resultadoelectoral.onpe.gob.pe/main/elecciones-municipales
distrital,060202,CAJAMARCA,CAJABAMBA,CACHACHI,6,7541,9320,,,1779,62,60,2,0,96.774,2026-10-06T14:06:02-05:00,2026-10-06T18:59:45+00:00,https://resultadoelectoral.onpe.gob.pe/main/elecciones-municipales
distrital,060203,CAJAMARCA,CAJABAMBA,CONDEBAMBA,6,5587,6613,,,1026,35,33,2,0,94.286,2026-10-06T14:06:02-05:00,2026-10-06T18:59:45+00:00,https://resultadoelectoral.onpe.gob.pe/main/elecciones-municipales
distrital,060205,CAJAMARCA,CAJABAMBA,SITACOCHA,6,2542,3505,,,963,23,21,2,0,91.304,2026-10-06T14:06:02-05:00,2026-10-06T18:59:45+00:00,https://resultadoelectoral.onpe.gob.pe/main/elecciones-municipales
distrital,060302,CAJAMARCA,CELENDÍN,CORTEGANA,6,4100,4342,,,242,25,25,0,0,100,2026-10-06T14:06:02-05:00,2026-10-06T18:59:45+00:00,https://resultadoelectoral.onpe.gob.pe/main/elecciones-municipales
distrital,060303,CAJAMARCA,CELENDÍN,CHUMUCH,6,1673,1817,,,144,10,10,0,0,100,2026-10-06T14:06:02-05:00,2026-10-06T18:59:45+00:00,https://resultadoelectoral.onpe.gob.pe/main/elecciones-municipales
distrital,060304,CAJAMARCA,CELENDÍN,HUASMÍN,6,6376,7080,,,704,41,40,1,0,97.561,2026-10-06T14:06:02-05:00,2026-10-06T18:59:45+00:00,https://resultadoelectoral.onpe.gob.pe/main/elecciones-municipales
distrital,060305,CAJAMARCA,CELENDÍN,JORGE CHÁVEZ,6,560,612,,,52,3,3,0,0,100,2026-10-06T14:06:02-05:00,2026-10-06T18:59:45+00:00,https://resultadoelectoral.onpe.gob.pe/main/elecciones-municipales
distrital,060306,CAJAMARCA,CELENDÍN,JOSÉ GÁLVEZ,6,1775,2011,,,236,9,9,0,0,100,2026-10-06T14:06:02-05:00,2026-10-06T18:59:45+00:00,https://resultadoelectoral.onpe.gob.pe/main/elecciones-municipales
distrital,060307,CAJAMARCA,CELENDÍN,MIGUEL IGLESIAS,6,2695,2910,,,215,15,15,0,0,100,2026-10-06T14:06:02-05:00,2026-10-06T18:59:45+00:00,https://resultadoelectoral.onpe.gob.pe/main/elecciones-municipales
distrital,060308,CAJAMARCA,CELENDÍN,OXAMARCA,6,3198,3507,,,309,18,17,1,0,94.444,2026-10-06T14:06:02-05:00,2026-10-06T18:59:45+00:00,https://resultadoelectoral.onpe.gob.pe/main/elecciones-municipales
distrital,060309,CAJAMARCA,CELENDÍN,SOROCHUCO,6,4433,5290,,,857,32,32,0,0,100,2026-10-06T14:06:02-05:00,2026-10-06T18:59:45+00:00,https://resultadoelectoral.onpe.gob.pe/main/elecciones-municipales
distrital,060310,CAJAMARCA,CELENDÍN,SUCRE,6,2920,3260,,,340,16,16,0,0,100,2026-10-06T14:06:02-05:00,2026-10-06T18:59:45+00:00,https://resultadoelectoral.onpe.gob.pe/main/elecciones-municipales
distrital,060311,CAJAMARCA,CELENDÍN,UTCO,6,895,1007,,,112,6,6,0,0,100,2026-10-06T14:06:02-05:00,2026-10-06T18:59:45+00:00,https://resultadoelectoral.onpe.gob.pe/main/elecciones-municipales
distrital,060312,CAJAMARCA,CELENDÍN,LA LIBERTAD DE PALLÁN,6,4084,4483,,,399,22,22,0,0,100,2026-10-06T14:06:02-05:00,2026-10-06T18:59:45+00:00,https://resultadoelectoral.onpe.gob.pe/main/elecciones-municipales
distrital,060403,CAJAMARCA,CONTUMAZA,CHILETE,3,1672,1938,,,266,9,9,0,0,100,2026-10-06T14:06:02-05:00,2026-10-06T18:59:45+00:00,https://resultadoelectoral.onpe.gob.pe/main/elecciones-municipales
distrital,060404,CAJAMARCA,CONTUMAZA,GUZMANGO,3,1440,1689,,,249,8,8,0,0,100,2026-10-06T14:06:02-05:00,2026-10-06T18:59:45+00:00,https://resultadoelectoral.onpe.gob.pe/main/elecciones-municipales
distrital,060405,CAJAMARCA,CONTUMAZA,SAN BENITO,3,1791,2118,,,327,10,10,0,0,100,2026-10-06T14:06:02-05:00,2026-10-06T18:59:45+00:00,https://resultadoelectoral.onpe.gob.pe/main/elecciones-municipales
distrital,060406,CAJAMARCA,CONTUMAZA,CUPISNIQUE,3,910,995,,,85,5,5,0,0,100,2026-10-06T14:06:02-05:00,2026-10-06T18:59:45+00:00,https://resultadoelectoral.onpe.gob.pe/main/elecciones-municipales
distrital,060407,CAJAMARCA,CONTUMAZA,TANTARICA,3,1486,1627,,,141,8,8,0,0,100,2026-10-06T14:06:02-05:00,2026-10-06T18:59:45+00:00,https://resultadoelectoral.onpe.gob.pe/main/elecciones-municipales
distrital,060408,CAJAMARCA,CONTUMAZA,YONÁN,3,2886,3803,,,917,18,18,0,0,100,2026-10-06T14:06:02-05:00,2026-10-06T18:59:45+00:00,https://resultadoelectoral.onpe.gob.pe/main/elecciones-municipales
distrital,060409,CAJAMARCA,CONTUMAZA,SANTA CRUZ DE TOLED,3,802,863,,,61,4,4,0,0,100,2026-10-06T14:06:02-05:00,2026-10-06T18:59:45+00:00,https://resultadoelectoral.onpe.gob.pe/main/elecciones-municipales
distrital,060502,CAJAMARCA,CUTERVO,CALLAYUC,6,4275,4842,,,567,27,26,1,0,96.296,2026-10-06T14:06:02-05:00,2026-10-06T18:59:45+00:00,https://resultadoelectoral.onpe.gob.pe/main/elecciones-municipales
distrital,060503,CAJAMARCA,CUTERVO,CUJILLO,6,1180,1762,,,582,9,9,0,0,100,2026-10-06T14:06:02-05:00,2026-10-06T18:59:45+00:00,https://resultadoelectoral.onpe.gob.pe/main/elecciones-municipales
distrital,060504,CAJAMARCA,CUTERVO,CHOROS,6,1802,2555,,,753,12,12,0,0,100,2026-10-06T14:06:02-05:00,2026-10-06T18:59:45+00:00,https://resultadoelectoral.onpe.gob.pe/main/elecciones-municipales
distrital,060505,CAJAMARCA,CUTERVO,LA RAMADA,6,2028,2531,,,503,12,12,0,0,100,2026-10-06T14:06:02-05:00,2026-10-06T18:59:45+00:00,https://resultadoelectoral.onpe.gob.pe/main/elecciones-municipales
distrital,060506,CAJAMARCA,CUTERVO,PIMPINGOS,6,2603,3448,,,845,17,17,0,0,100,2026-10-06T14:06:02-05:00,2026-10-06T18:59:45+00:00,https://resultadoelectoral.onpe.gob.pe/main/elecciones-municipales
distrital,060507,CAJAMARCA,CUTERVO,QUEROCOTILLO,6,6157,6869,,,712,41,40,1,0,97.561,2026-10-06T14:06:02-05:00,2026-10-06T18:59:45+00:00,https://resultadoelectoral.onpe.gob.pe/main/elecciones-municipales
distrital,060508,CAJAMARCA,CUTERVO,SAN ANDRÉS DE CUTERVO,6,2864,3121,,,257,14,14,0,0,100,2026-10-06T14:06:02-05:00,2026-10-06T18:59:45+00:00,https://resultadoelectoral.onpe.gob.pe/main/elecciones-municipales
distrital,060509,CAJAMARCA,CUTERVO,SAN JUAN DE CUTERVO,6,1262,1476,,,214,7,7,0,0,100,2026-10-06T14:06:02-05:00,2026-10-06T18:59:45+00:00,https://resultadoelectoral.onpe.gob.pe/main/elecciones-municipales
distrital,060510,CAJAMARCA,CUTERVO,SAN LUIS DE LUCMA,6,1928,2091,,,163,10,10,0,0,100,2026-10-06T14:06:02-05:00,2026-10-06T18:59:45+00:00,https://resultadoelectoral.onpe.gob.pe/main/elecciones-municipales
distrital,060511,CAJAMARCA,CUTERVO,SANTA CRUZ,6,1299,1938,,,639,10,10,0,0,100,2026-10-06T14:06:02-05:00,2026-10-06T18:59:45+00:00,https://resultadoelectoral.onpe.gob.pe/main/elecciones-municipales
distrital,060512,CAJAMARCA,CUTERVO,SANTO DOMINGO DE LA CAPILLA,6,2310,3541,,,1231,16,16,0,0,100,2026-10-06T14:06:02-05:00,2026-10-06T18:59:45+00:00,https://resultadoelectoral.onpe.gob.pe/main/elecciones-municipales
distrital,060513,CAJAMARCA,CUTERVO,SANTO TOMÁS,6,3013,4829,,,1816,22,22,0,0,100,2026-10-06T14:06:02-05:00,2026-10-06T18:59:45+00:00,https://resultadoelectoral.onpe.gob.pe/main/elecciones-municipales
distrital,060514,CAJAMARCA,CUTERVO,SOCOTA,6,4189,5691,,,1502,29,28,1,0,96.552,2026-10-06T14:06:02-05:00,2026-10-06T18:59:45+00:00,https://resultadoelectoral.onpe.gob.pe/main/elecciones-municipales
distrital,060515,CAJAMARCA,CUTERVO,TORIBIO CASANOVA,6,642,874,,,232,4,4,0,0,100,2026-10-06T14:06:02-05:00,2026-10-06T18:59:45+00:00,https://resultadoelectoral.onpe.gob.pe/main/elecciones-municipales
distrital,060602,CAJAMARCA,CHOTA,ANGUÍA,6,2139,2411,,,272,11,11,0,0,100,2026-10-06T14:06:02-05:00,2026-10-06T18:59:45+00:00,https://resultadoelectoral.onpe.gob.pe/main/elecciones-municipales
distrital,060603,CAJAMARCA,CHOTA,COCHABAMBA,6,2568,3389,,,821,17,17,0,0,100,2026-10-06T14:06:02-05:00,2026-10-06T18:59:45+00:00,https://resultadoelectoral.onpe.gob.pe/main/elecciones-municipales
distrital,060604,CAJAMARCA,CHOTA,CONCHÁN,6,3238,3633,,,395,18,17,1,0,94.444,2026-10-06T14:06:02-05:00,2026-10-06T18:59:45+00:00,https://resultadoelectoral.onpe.gob.pe/main/elecciones-municipales
distrital,060605,CAJAMARCA,CHOTA,CHADÍN,6,2716,2941,,,225,13,13,0,0,100,2026-10-06T14:06:02-05:00,2026-10-06T18:59:45+00:00,https://resultadoelectoral.onpe.gob.pe/main/elecciones-municipales
distrital,060606,CAJAMARCA,CHOTA,CHIGUIRIP,6,2702,2986,,,284,13,13,0,0,100,2026-10-06T14:06:02-05:00,2026-10-06T18:59:45+00:00,https://resultadoelectoral.onpe.gob.pe/main/elecciones-municipales
distrital,060607,CAJAMARCA,CHOTA,CHIMBÁN,6,1474,1581,,,107,7,7,0,0,100,2026-10-06T14:06:02-05:00,2026-10-06T18:59:45+00:00,https://resultadoelectoral.onpe.gob.pe/main/elecciones-municipales
distrital,060608,CAJAMARCA,CHOTA,HUAMBOS,6,4275,4750,,,475,24,24,0,0,100,2026-10-06T14:06:02-05:00,2026-10-06T18:59:45+00:00,https://resultadoelectoral.onpe.gob.pe/main/elecciones-municipales
distrital,060609,CAJAMARCA,CHOTA,LAJAS,6,6867,7942,,,1075,39,38,0,1,97.436,2026-10-06T14:06:02-05:00,2026-10-06T18:59:45+00:00,https://resultadoelectoral.onpe.gob.pe/main/elecciones-municipales
distrital,060610,CAJAMARCA,CHOTA,LLAMA,6,3158,3985,,,827,19,19,0,0,100,2026-10-06T14:06:02-05:00,2026-10-06T18:59:45+00:00,https://resultadoelectoral.onpe.gob.pe/main/elecciones-municipales
distrital,060611,CAJAMARCA,CHOTA,MIRACOSTA,6,1580,2226,,,646,14,14,0,0,100,2026-10-06T14:06:02-05:00,2026-10-06T18:59:45+00:00,https://resultadoelectoral.onpe.gob.pe/main/elecciones-municipales
distrital,060612,CAJAMARCA,CHOTA,PACCHA,6,2541,3481,,,940,16,16,0,0,100,2026-10-06T14:06:02-05:00,2026-10-06T18:59:45+00:00,https://resultadoelectoral.onpe.gob.pe/main/elecciones-municipales
distrital,060613,CAJAMARCA,CHOTA,PIÓN,6,456,807,,,351,5,4,1,0,80,2026-10-06T14:06:02-05:00,2026-10-06T18:59:45+00:00,https://resultadoelectoral.onpe.gob.pe/main/elecciones-municipales
distrital,060614,CAJAMARCA,CHOTA,QUEROCOTO,6,5297,5733,,,436,30,29,1,0,96.667,2026-10-06T14:06:02-05:00,2026-10-06T18:59:45+00:00,https://resultadoelectoral.onpe.gob.pe/main/elecciones-municipales
distrital,060615,CAJAMARCA,CHOTA,TACABAMBA,6,8075,8989,,,914,46,45,1,0,97.826,2026-10-06T14:06:02-05:00,2026-10-06T18:59:45+00:00,https://resultadoelectoral.onpe.gob.pe/main/elecciones-municipales
distrital,060616,CAJAMARCA,CHOTA,TOCMOCHE,6,833,891,,,58,4,4,0,0,100,2026-10-06T14:06:02-05:00,2026-10-06T18:59:45+00:00,https://resultadoelectoral.onpe.gob.pe/main/elecciones-municipales
distrital,060617,CAJAMARCA,CHOTA,SAN JUAN DE LICUPIS,6,741,814,,,73,5,5,0,0,100,2026-10-06T14:06:02-05:00,2026-10-06T18:59:45+00:00,https://resultadoelectoral.onpe.gob.pe/main/elecciones-municipales
distrital,060618,CAJAMARCA,CHOTA,CHOROPAMPA,6,1858,1934,,,76,9,9,0,0,100,2026-10-06T14:06:02-05:00,2026-10-06T18:59:45+00:00,https://resultadoelectoral.onpe.gob.pe/main/elecciones-municipales
distrital,060619,CAJAMARCA,CHOTA,CHALAMARCA,6,5934,6675,,,741,30,30,0,0,100,2026-10-06T14:06:02-05:00,2026-10-06T18:59:45+00:00,https://resultadoelectoral.onpe.gob.pe/main/elecciones-municipales
distrital,060702,CAJAMARCA,HUALGAYOC,CHUGUR,7,2217,2454,,,237,11,11,0,0,100,2026-10-06T14:06:02-05:00,2026-10-06T18:59:45+00:00,https://resultadoelectoral.onpe.gob.pe/main/elecciones-municipales
distrital,060703,CAJAMARCA,HUALGAYOC,HUALGAYOC,7,6730,10420,,,3690,48,48,0,0,100,2026-10-06T14:06:02-05:00,2026-10-06T18:59:45+00:00,https://resultadoelectoral.onpe.gob.pe/main/elecciones-municipales
distrital,060802,CAJAMARCA,JAÉN,BELLAVISTA,11,8684,10479,,,1795,48,48,0,0,100,2026-10-06T14:06:02-05:00,2026-10-06T18:59:45+00:00,https://resultadoelectoral.onpe.gob.pe/main/elecciones-municipales
distrital,060803,CAJAMARCA,JAÉN,COLASAY,11,6238,6799,,,561,37,34,3,0,91.892,2026-10-06T14:06:02-05:00,2026-10-06T18:59:45+00:00,https://resultadoelectoral.onpe.gob.pe/main/elecciones-municipales
distrital,060804,CAJAMARCA,JAÉN,CHONTALÍ,11,5908,6299,,,391,31,29,2,0,93.548,2026-10-06T14:06:02-05:00,2026-10-06T18:59:45+00:00,https://resultadoelectoral.onpe.gob.pe/main/elecciones-municipales
distrital,060805,CAJAMARCA,JAÉN,POMAHUACA,11,5532,6012,,,480,29,28,1,0,96.552,2026-10-06T14:06:02-05:00,2026-10-06T18:59:45+00:00,https://resultadoelectoral.onpe.gob.pe/main/elecciones-municipales
distrital,060806,CAJAMARCA,JAÉN,PUCARA,11,4203,4871,,,668,23,23,0,0,100,2026-10-06T14:06:02-05:00,2026-10-06T18:59:45+00:00,https://resultadoelectoral.onpe.gob.pe/main/elecciones-municipales
distrital,060807,CAJAMARCA,JAÉN,SALLIQUE,11,3893,4355,,,462,24,24,0,0,100,2026-10-06T14:06:02-05:00,2026-10-06T18:59:45+00:00,https://resultadoelectoral.onpe.gob.pe/main/elecciones-municipales
distrital,060808,CAJAMARCA,JAÉN,SAN FELIPE,11,2269,3226,,,957,15,15,0,0,100,2026-10-06T14:06:02-05:00,2026-10-06T18:59:45+00:00,https://resultadoelectoral.onpe.gob.pe/main/elecciones-municipales
distrital,060809,CAJAMARCA,JAÉN,SAN JOSÉ DEL ALTO,11,4632,5054,,,422,24,23,1,0,95.833,2026-10-06T14:06:02-05:00,2026-10-06T18:59:45+00:00,https://resultadoelectoral.onpe.gob.pe/main/elecciones-municipales
distrital,060810,CAJAMARCA,JAÉN,SANTA ROSA,11,6528,7069,,,541,33,32,1,0,96.97,2026-10-06T14:06:02-05:00,2026-10-06T18:59:45+00:00,https://resultadoelectoral.onpe.gob.pe/main/elecciones-municipales
distrital,060811,CAJAMARCA,JAÉN,LAS PIRIAS,11,3751,3998,,,247,18,17,1,0,94.444,2026-10-06T14:06:02-05:00,2026-10-06T18:59:45+00:00,https://resultadoelectoral.onpe.gob.pe/main/elecciones-municipales
distrital,060812,CAJAMARCA,JAÉN,HUABAL,11,5301,5915,,,614,26,26,0,0,100,2026-10-06T14:06:02-05:00,2026-10-06T18:59:45+00:00,https://resultadoelectoral.onpe.gob.pe/main/elecciones-municipales
distrital,060902,CAJAMARCA,SANTA CRUZ,CATACHE,6,4949,5810,,,861,27,27,0,0,100,2026-10-06T14:06:02-05:00,2026-10-06T18:59:45+00:00,https://resultadoelectoral.onpe.gob.pe/main/elecciones-municipales
distrital,060903,CAJAMARCA,SANTA CRUZ,CHANCAYBAÑOS,6,2591,2773,,,182,12,12,0,0,100,2026-10-06T14:06:02-05:00,2026-10-06T18:59:45+00:00,https://resultadoelectoral.onpe.gob.pe/main/elecciones-municipales
distrital,060904,CAJAMARCA,SANTA CRUZ,LA ESPERANZA,6,1816,1958,,,142,10,10,0,0,100,2026-10-06T14:06:02-05:00,2026-10-06T18:59:45+00:00,https://resultadoelectoral.onpe.gob.pe/main/elecciones-municipales
distrital,060905,CAJAMARCA,SANTA CRUZ,NINABAMBA,6,1615,1730,,,115,10,10,0,0,100,2026-10-06T14:06:02-05:00,2026-10-06T18:59:45+00:00,https://resultadoelectoral.onpe.gob.pe/main/elecciones-municipales
distrital,060906,CAJAMARCA,SANTA CRUZ,PULÁN,6,2635,2811,,,176,13,13,0,0,100,2026-10-06T14:06:02-05:00,2026-10-06T18:59:45+00:00,https://resultadoelectoral.onpe.gob.pe/main/elecciones-municipales
distrital,060907,CAJAMARCA,SANTA CRUZ,SEXI,6,360,387,,,27,2,2,0,0,100,2026-10-06T14:12:02-05:00,2026-10-06T18:59:45+00:00,https://resultadoelectoral.onpe.gob.pe/main/elecciones-municipales
distrital,060908,CAJAMARCA,SANTA CRUZ,UTICYACU,6,907,965,,,58,5,5,0,0,100,2026-10-06T14:12:02-05:00,2026-10-06T18:59:45+00:00,https://resultadoelectoral.onpe.gob.pe/main/elecciones-municipales
distrital,060909,CAJAMARCA,SANTA CRUZ,YAUYUCAN,6,2098,2245,,,147,10,10,0,0,100,2026-10-06T14:12:02-05:00,2026-10-06T18:59:45+00:00,https://resultadoelectoral.onpe.gob.pe/main/elecciones-municipales
distrital,060910,CAJAMARCA,SANTA CRUZ,ANDABAMBA,6,862,1013,,,151,5,5,0,0,100,2026-10-06T14:12:02-05:00,2026-10-06T18:59:45+00:00,https://resultadoelectoral.onpe.gob.pe/main/elecciones-municipales
distrital,060911,CAJAMARCA,SANTA CRUZ,SAUCEPAMPA,6,1494,1590,,,96,7,7,0,0,100,2026-10-06T14:12:02-05:00,2026-10-06T18:59:45+00:00,https://resultadoelectoral.onpe.gob.pe/main/elecciones-municipales
distrital,061002,CAJAMARCA,SAN MIGUEL,CALQUIS,4,2382,2880,,,498,14,14,0,0,100,2026-10-06T14:12:02-05:00,2026-10-06T18:59:45+00:00,https://resultadoelectoral.onpe.gob.pe/main/elecciones-municipales
distrital,061003,CAJAMARCA,SAN MIGUEL,LA FLORIDA,4,1622,1764,,,142,8,8,0,0,100,2026-10-06T14:12:02-05:00,2026-10-06T18:59:45+00:00,https://resultadoelectoral.onpe.gob.pe/main/elecciones-municipales
distrital,061004,CAJAMARCA,SAN MIGUEL,LLAPA,4,2690,2970,,,280,15,15,0,0,100,2026-10-06T14:12:02-05:00,2026-10-06T18:59:45+00:00,https://resultadoelectoral.onpe.gob.pe/main/elecciones-municipales
distrital,061005,CAJAMARCA,SAN MIGUEL,NANCHOC,4,991,1148,,,157,5,5,0,0,100,2026-10-06T14:06:02-05:00,2026-10-06T18:59:45+00:00,https://resultadoelectoral.onpe.gob.pe/main/elecciones-municipales
distrital,061006,CAJAMARCA,SAN MIGUEL,NIEPOS,4,1483,2072,,,589,11,11,0,0,100,2026-10-06T14:12:02-05:00,2026-10-06T18:59:45+00:00,https://resultadoelectoral.onpe.gob.pe/main/elecciones-municipales
distrital,061007,CAJAMARCA,SAN MIGUEL,SAN GREGORIO,4,1240,1714,,,474,8,8,0,0,100,2026-10-06T14:12:02-05:00,2026-10-06T18:59:45+00:00,https://resultadoelectoral.onpe.gob.pe/main/elecciones-municipales
distrital,061008,CAJAMARCA,SAN MIGUEL,SAN SILVESTRE DE COCHAN,4,2735,2976,,,241,15,15,0,0,100,2026-10-06T14:12:02-05:00,2026-10-06T18:59:45+00:00,https://resultadoelectoral.onpe.gob.pe/main/elecciones-municipales
distrital,061009,CAJAMARCA,SAN MIGUEL,EL PRADO,4,1774,2116,,,342,11,11,0,0,100,2026-10-06T14:12:02-05:00,2026-10-06T18:59:45+00:00,https://resultadoelectoral.onpe.gob.pe/main/elecciones-municipales
distrital,061010,CAJAMARCA,SAN MIGUEL,UNIÓN AGUA BLANCA,4,1988,2404,,,416,10,10,0,0,100,2026-10-06T14:12:02-05:00,2026-10-06T18:59:45+00:00,https://resultadoelectoral.onpe.gob.pe/main/elecciones-municipales
distrital,061011,CAJAMARCA,SAN MIGUEL,TONGOD,4,2473,2568,,,95,12,12,0,0,100,2026-10-06T14:12:02-05:00,2026-10-06T18:59:45+00:00,https://resultadoelectoral.onpe.gob.pe/main/elecciones-municipales
distrital,061012,CAJAMARCA,SAN MIGUEL,CATILLUC,4,1896,2180,,,284,11,11,0,0,100,2026-10-06T14:12:02-05:00,2026-10-06T18:59:45+00:00,https://resultadoelectoral.onpe.gob.pe/main/elecciones-municipales
distrital,061013,CAJAMARCA,SAN MIGUEL,BOLÍVAR,4,866,1070,,,204,5,5,0,0,100,2026-10-06T14:12:02-05:00,2026-10-06T18:59:45+00:00,https://resultadoelectoral.onpe.gob.pe/main/elecciones-municipales
distrital,061102,CAJAMARCA,SAN IGNACIO,CHIRINOS,6,8054,9431,,,1377,45,44,1,0,97.778,2026-10-06T14:06:02-05:00,2026-10-06T18:59:45+00:00,https://resultadoelectoral.onpe.gob.pe/main/elecciones-municipales
distrital,061103,CAJAMARCA,SAN IGNACIO,HUARANGO,6,9428,11883,,,2455,59,59,0,0,100,2026-10-06T14:12:02-05:00,2026-10-06T18:59:45+00:00,https://resultadoelectoral.onpe.gob.pe/main/elecciones-municipales
distrital,061104,CAJAMARCA,SAN IGNACIO,NAMBALLE,6,5174,5672,,,498,29,28,1,0,96.552,2026-10-06T14:06:02-05:00,2026-10-06T18:59:45+00:00,https://resultadoelectoral.onpe.gob.pe/main/elecciones-municipales
distrital,061105,CAJAMARCA,SAN IGNACIO,LA COIPA,6,11906,13440,,,1534,62,61,1,0,98.387,2026-10-06T14:12:02-05:00,2026-10-06T18:59:45+00:00,https://resultadoelectoral.onpe.gob.pe/main/elecciones-municipales
distrital,061106,CAJAMARCA,SAN IGNACIO,SAN JOSÉ DE LOURDES,6,8847,11429,,,2582,56,56,0,0,100,2026-10-06T14:06:02-05:00,2026-10-06T18:59:45+00:00,https://resultadoelectoral.onpe.gob.pe/main/elecciones-municipales
distrital,061107,CAJAMARCA,SAN IGNACIO,TABACONAS,6,7855,11458,,,3603,57,55,2,0,96.491,2026-10-06T14:12:02-05:00,2026-10-06T18:59:45+00:00,https://resultadoelectoral.onpe.gob.pe/main/elecciones-municipales
distrital,061202,CAJAMARCA,SAN MARCOS,ICHOCÁN,4,1277,1439,,,162,8,8,0,0,100,2026-10-06T14:12:02-05:00,2026-10-06T18:59:45+00:00,https://resultadoelectoral.onpe.gob.pe/main/elecciones-municipales
distrital,061203,CAJAMARCA,SAN MARCOS,GREGORIO PITA,4,3222,3764,,,542,21,21,0,0,100,2026-10-06T14:12:02-05:00,2026-10-06T18:59:45+00:00,https://resultadoelectoral.onpe.gob.pe/main/elecciones-municipales
distrital,061204,CAJAMARCA,SAN MARCOS,JOSÉ MANUEL QUIRÓZ,4,1956,2210,,,254,13,13,0,0,100,2026-10-06T14:12:02-05:00,2026-10-06T18:59:45+00:00,https://resultadoelectoral.onpe.gob.pe/main/elecciones-municipales
distrital,061205,CAJAMARCA,SAN MARCOS,EDUARDO VILLANUEVA,4,1800,1973,,,173,10,10,0,0,100,2026-10-06T14:12:02-05:00,2026-10-06T18:59:45+00:00,https://resultadoelectoral.onpe.gob.pe/main/elecciones-municipales
distrital,061206,CAJAMARCA,SAN MARCOS,JOSÉ SABOGAL,4,6270,7494,,,1224,45,44,1,0,97.778,2026-10-06T14:12:02-05:00,2026-10-06T18:59:45+00:00,https://resultadoelectoral.onpe.gob.pe/main/elecciones-municipales
distrital,061207,CAJAMARCA,SAN MARCOS,CHANCAY,4,1247,1968,,,721,9,9,0,0,100,2026-10-06T14:12:02-05:00,2026-10-06T18:59:45+00:00,https://resultadoelectoral.onpe.gob.pe/main/elecciones-municipales
distrital,061302,CAJAMARCA,SAN PABLO,SAN BERNARDINO,4,3100,3414,,,314,16,16,0,0,100,2026-10-06T14:12:02-05:00,2026-10-06T18:59:45+00:00,https://resultadoelectoral.onpe.gob.pe/main/elecciones-municipales
distrital,061303,CAJAMARCA,SAN PABLO,SAN LUIS,4,965,1061,,,96,5,5,0,0,100,2026-10-06T14:12:02-05:00,2026-10-06T18:59:45+00:00,https://resultadoelectoral.onpe.gob.pe/main/elecciones-municipales
distrital,061304,CAJAMARCA,SAN PABLO,TUMBADÉN,4,2726,2990,,,264,13,12,1,0,92.308,2026-10-06T14:12:02-05:00,2026-10-06T18:59:45+00:00,https://resultadoelectoral.onpe.gob.pe/main/elecciones-municipales
distrital,070102,CUSCO,CUSCO,CCORCA,13,1890,2276,,,386,10,10,0,0,100,2026-10-06T14:06:02-05:00,2026-10-06T18:59:45+00:00,https://resultadoelectoral.onpe.gob.pe/main/elecciones-municipales
distrital,070103,CUSCO,CUSCO,POROY,13,5332,6388,,,1056,27,27,0,0,100,2026-10-06T14:06:02-05:00,2026-10-06T18:59:45+00:00,https://resultadoelectoral.onpe.gob.pe/main/elecciones-municipales
distrital,070104,CUSCO,CUSCO,SAN JERÓNIMO,13,26974,31294,,,4320,135,132,3,0,97.778,2026-10-06T14:06:02-05:00,2026-10-06T18:59:45+00:00,https://resultadoelectoral.onpe.gob.pe/main/elecciones-municipales
distrital,070105,CUSCO,CUSCO,SAN SEBASTIÁN,13,49809,61042,,,11233,261,261,0,0,100,2026-10-06T14:06:02-05:00,2026-10-06T18:59:45+00:00,https://resultadoelectoral.onpe.gob.pe/main/elecciones-municipales
distrital,070106,CUSCO,CUSCO,SANTIAGO,13,48271,57822,,,9551,258,254,4,0,98.45,2026-10-06T14:06:02-05:00,2026-10-06T18:59:45+00:00,https://resultadoelectoral.onpe.gob.pe/main/elecciones-municipales
distrital,070107,CUSCO,CUSCO,SAYLLA,13,3761,4319,,,558,19,18,1,0,94.737,2026-10-06T14:06:02-05:00,2026-10-06T18:59:45+00:00,https://resultadoelectoral.onpe.gob.pe/main/elecciones-municipales
distrital,070108,CUSCO,CUSCO,WANCHAQ,13,40403,47466,,,7063,213,209,4,0,98.122,2026-10-06T14:06:02-05:00,2026-10-06T18:59:45+00:00,https://resultadoelectoral.onpe.gob.pe/main/elecciones-municipales
distrital,070202,CUSCO,ACOMAYO,ACOPIA,6,1497,1775,,,278,8,8,0,0,100,2026-10-06T14:12:02-05:00,2026-10-06T18:59:45+00:00,https://resultadoelectoral.onpe.gob.pe/main/elecciones-municipales
distrital,070203,CUSCO,ACOMAYO,ACOS,6,1249,1513,,,264,8,8,0,0,100,2026-10-06T14:12:02-05:00,2026-10-06T18:59:45+00:00,https://resultadoelectoral.onpe.gob.pe/main/elecciones-municipales
distrital,070204,CUSCO,ACOMAYO,POMACANCHI,6,4022,4775,,,753,22,22,0,0,100,2026-10-06T14:12:02-05:00,2026-10-06T18:59:45+00:00,https://resultadoelectoral.onpe.gob.pe/main/elecciones-municipales
distrital,070205,CUSCO,ACOMAYO,RONDOCAN,6,1402,1822,,,420,9,9,0,0,100,2026-10-06T14:12:02-05:00,2026-10-06T18:59:45+00:00,https://resultadoelectoral.onpe.gob.pe/main/elecciones-municipales
distrital,070206,CUSCO,ACOMAYO,SANGARARA,6,1771,2113,,,342,11,11,0,0,100,2026-10-06T14:12:02-05:00,2026-10-06T18:59:45+00:00,https://resultadoelectoral.onpe.gob.pe/main/elecciones-municipales
distrital,070207,CUSCO,ACOMAYO,MOSOC LLACTA,6,861,1004,,,143,4,4,0,0,100,2026-10-06T14:12:02-05:00,2026-10-06T18:59:45+00:00,https://resultadoelectoral.onpe.gob.pe/main/elecciones-municipales
distrital,070302,CUSCO,ANTA,CHINCHAYPUJIO,11,3077,3496,,,419,16,16,0,0,100,2026-10-06T14:06:02-05:00,2026-10-06T18:59:45+00:00,https://resultadoelectoral.onpe.gob.pe/main/elecciones-municipales
distrital,070303,CUSCO,ANTA,HUAROCONDO,11,3636,4211,,,575,19,19,0,0,100,2026-10-06T14:06:02-05:00,2026-10-06T18:59:45+00:00,https://resultadoelectoral.onpe.gob.pe/main/elecciones-municipales
distrital,070304,CUSCO,ANTA,LIMATAMBO,11,4920,5820,,,900,26,26,0,0,100,2026-10-06T14:06:02-05:00,2026-10-06T18:59:45+00:00,https://resultadoelectoral.onpe.gob.pe/main/elecciones-municipales
distrital,070305,CUSCO,ANTA,MOLLEPATA,11,2110,2507,,,397,11,11,0,0,100,2026-10-06T14:06:02-05:00,2026-10-06T18:59:45+00:00,https://resultadoelectoral.onpe.gob.pe/main/elecciones-municipales
distrital,070306,CUSCO,ANTA,PUCYURA,11,2636,2954,,,318,13,13,0,0,100,2026-10-06T14:06:02-05:00,2026-10-06T18:59:45+00:00,https://resultadoelectoral.onpe.gob.pe/main/elecciones-municipales
distrital,070307,CUSCO,ANTA,ZURITE,11,2771,3031,,,260,13,13,0,0,100,2026-10-06T14:06:02-05:00,2026-10-06T18:59:45+00:00,https://resultadoelectoral.onpe.gob.pe/main/elecciones-municipales
distrital,070308,CUSCO,ANTA,CACHIMAYO,11,1815,2135,,,320,9,9,0,0,100,2026-10-06T14:06:02-05:00,2026-10-06T18:59:45+00:00,https://resultadoelectoral.onpe.gob.pe/main/elecciones-municipales
distrital,070309,CUSCO,ANTA,ANCAHUASI,11,4479,5032,,,553,23,22,1,0,95.652,2026-10-06T14:06:02-05:00,2026-10-06T18:59:45+00:00,https://resultadoelectoral.onpe.gob.pe/main/elecciones-municipales
distrital,070402,CUSCO,CALCA,COYA,10,2474,2784,,,310,12,12,0,0,100,2026-10-06T14:06:02-05:00,2026-10-06T18:59:45+00:00,https://resultadoelectoral.onpe.gob.pe/main/elecciones-municipales
distrital,070403,CUSCO,CALCA,LAMAY,10,3487,4053,,,566,18,18,0,0,100,2026-10-06T14:06:02-05:00,2026-10-06T18:59:45+00:00,https://resultadoelectoral.onpe.gob.pe/main/elecciones-municipales
distrital,070404,CUSCO,CALCA,LARES,10,3467,4480,,,1013,22,22,0,0,100,2026-10-06T14:06:02-05:00,2026-10-06T18:59:45+00:00,https://resultadoelectoral.onpe.gob.pe/main/elecciones-municipales
distrital,070405,CUSCO,CALCA,PISAC,10,6033,6890,,,857,31,30,1,0,96.774,2026-10-06T14:06:02-05:00,2026-10-06T18:59:45+00:00,https://resultadoelectoral.onpe.gob.pe/main/elecciones-municipales
distrital,070406,CUSCO,CALCA,SAN SALVADOR,10,3739,4270,,,531,19,19,0,0,100,2026-10-06T14:06:02-05:00,2026-10-06T18:59:45+00:00,https://resultadoelectoral.onpe.gob.pe/main/elecciones-municipales
distrital,070407,CUSCO,CALCA,TARAY,10,3033,3335,,,302,14,14,0,0,100,2026-10-06T14:06:02-05:00,2026-10-06T18:59:45+00:00,https://resultadoelectoral.onpe.gob.pe/main/elecciones-municipales
distrital,070408,CUSCO,CALCA,YANATILE,10,4152,4815,,,663,29,27,2,0,93.103,2026-10-06T14:06:02-05:00,2026-10-06T18:59:45+00:00,https://resultadoelectoral.onpe.gob.pe/main/elecciones-municipales
distrital,070502,CUSCO,CANAS,CHECCA,5,3295,3690,,,395,18,18,0,0,100,2026-10-06T14:12:02-05:00,2026-10-06T18:59:45+00:00,https://resultadoelectoral.onpe.gob.pe/main/elecciones-municipales
distrital,070503,CUSCO,CANAS,KUNTURKANKI,5,3257,3562,,,305,16,16,0,0,100,2026-10-06T14:12:02-05:00,2026-10-06T18:59:45+00:00,https://resultadoelectoral.onpe.gob.pe/main/elecciones-municipales
distrital,070504,CUSCO,CANAS,LANGUI,5,1758,1981,,,223,9,9,0,0,100,2026-10-06T14:12:02-05:00,2026-10-06T18:59:45+00:00,https://resultadoelectoral.onpe.gob.pe/main/elecciones-municipales
distrital,070505,CUSCO,CANAS,LAYO,5,3326,3704,,,378,18,18,0,0,100,2026-10-06T14:12:02-05:00,2026-10-06T18:59:45+00:00,https://resultadoelectoral.onpe.gob.pe/main/elecciones-municipales
distrital,070506,CUSCO,CANAS,PAMPAMARCA,5,1249,1401,,,152,6,6,0,0,100,2026-10-06T14:12:02-05:00,2026-10-06T18:59:45+00:00,https://resultadoelectoral.onpe.gob.pe/main/elecciones-municipales
distrital,070507,CUSCO,CANAS,QUEHUE,5,1617,1997,,,380,10,10,0,0,100,2026-10-06T14:12:02-05:00,2026-10-06T18:59:45+00:00,https://resultadoelectoral.onpe.gob.pe/main/elecciones-municipales
distrital,070508,CUSCO,CANAS,TÚPAC AMARU,5,1762,2004,,,242,10,10,0,0,100,2026-10-06T14:12:02-05:00,2026-10-06T18:59:45+00:00,https://resultadoelectoral.onpe.gob.pe/main/elecciones-municipales
distrital,070602,CUSCO,CANCHIS,COMBAPATA,11,2577,3112,,,535,15,14,1,0,93.333,2026-10-06T14:12:02-05:00,2026-10-06T18:59:45+00:00,https://resultadoelectoral.onpe.gob.pe/main/elecciones-municipales
distrital,070603,CUSCO,CANCHIS,CHECACUPE,11,2704,3196,,,492,15,14,1,0,93.333,2026-10-06T14:06:02-05:00,2026-10-06T18:59:45+00:00,https://resultadoelectoral.onpe.gob.pe/main/elecciones-municipales
distrital,070604,CUSCO,CANCHIS,MARANGANI,11,6366,7183,,,817,31,31,0,0,100,2026-10-06T14:06:02-05:00,2026-10-06T18:59:45+00:00,https://resultadoelectoral.onpe.gob.pe/main/elecciones-municipales
distrital,070605,CUSCO,CANCHIS,PITUMARCA,11,4290,4765,,,475,23,23,0,0,100,2026-10-06T14:12:02-05:00,2026-10-06T18:59:45+00:00,https://resultadoelectoral.onpe.gob.pe/main/elecciones-municipales
distrital,070606,CUSCO,CANCHIS,SAN PABLO,11,3060,3477,,,417,16,16,0,0,100,2026-10-06T14:06:02-05:00,2026-10-06T18:59:45+00:00,https://resultadoelectoral.onpe.gob.pe/main/elecciones-municipales
distrital,070607,CUSCO,CANCHIS,SAN PEDRO,11,1935,2349,,,414,10,10,0,0,100,2026-10-06T14:06:02-05:00,2026-10-06T18:59:45+00:00,https://resultadoelectoral.onpe.gob.pe/main/elecciones-municipales
distrital,070608,CUSCO,CANCHIS,TINTA,11,3397,3730,,,333,16,16,0,0,100,2026-10-06T14:12:02-05:00,2026-10-06T18:59:45+00:00,https://resultadoelectoral.onpe.gob.pe/main/elecciones-municipales
distrital,070702,CUSCO,CHUMBIVILCAS,CAPACMARCA,11,3093,3544,,,451,17,17,0,0,100,2026-10-06T14:12:02-05:00,2026-10-06T18:59:45+00:00,https://resultadoelectoral.onpe.gob.pe/main/elecciones-municipales
distrital,070703,CUSCO,CHUMBIVILCAS,COLQUEMARCA,11,5769,6675,,,906,33,33,0,0,100,2026-10-06T14:12:02-05:00,2026-10-06T18:59:45+00:00,https://resultadoelectoral.onpe.gob.pe/main/elecciones-municipales
distrital,070704,CUSCO,CHUMBIVILCAS,CHAMACA,11,4438,4989,,,551,26,26,0,0,100,2026-10-06T14:12:02-05:00,2026-10-06T18:59:45+00:00,https://resultadoelectoral.onpe.gob.pe/main/elecciones-municipales
distrital,070705,CUSCO,CHUMBIVILCAS,LIVITACA,11,6580,7264,,,684,39,37,2,0,94.872,2026-10-06T14:12:02-05:00,2026-10-06T18:59:45+00:00,https://resultadoelectoral.onpe.gob.pe/main/elecciones-municipales
distrital,070706,CUSCO,CHUMBIVILCAS,LLUSCO,11,3896,4331,,,435,21,21,0,0,100,2026-10-06T14:06:02-05:00,2026-10-06T18:59:45+00:00,https://resultadoelectoral.onpe.gob.pe/main/elecciones-municipales
distrital,070707,CUSCO,CHUMBIVILCAS,QUIÑOTA,11,2270,2631,,,361,13,13,0,0,100,2026-10-06T14:06:02-05:00,2026-10-06T18:59:45+00:00,https://resultadoelectoral.onpe.gob.pe/main/elecciones-municipales
distrital,070708,CUSCO,CHUMBIVILCAS,VELILLE,11,5355,5832,,,477,26,26,0,0,100,2026-10-06T14:06:02-05:00,2026-10-06T18:59:45+00:00,https://resultadoelectoral.onpe.gob.pe/main/elecciones-municipales
distrital,070802,CUSCO,ESPINAR,CONDOROMA,14,752,887,,,135,4,4,0,0,100,2026-10-06T14:06:02-05:00,2026-10-06T18:59:45+00:00,https://resultadoelectoral.onpe.gob.pe/main/elecciones-municipales
distrital,070803,CUSCO,ESPINAR,COPORAQUE,14,10497,11590,,,1093,53,53,0,0,100,2026-10-06T14:06:02-05:00,2026-10-06T18:59:45+00:00,https://resultadoelectoral.onpe.gob.pe/main/elecciones-municipales
distrital,070804,CUSCO,ESPINAR,OCORURO,14,819,947,,,128,6,4,2,0,66.667,2026-10-06T14:06:02-05:00,2026-10-06T18:59:45+00:00,https://resultadoelectoral.onpe.gob.pe/main/elecciones-municipales
distrital,070805,CUSCO,ESPINAR,PALLPATA,14,4572,5103,,,531,22,21,1,0,95.455,2026-10-06T14:06:02-05:00,2026-10-06T18:59:45+00:00,https://resultadoelectoral.onpe.gob.pe/main/elecciones-municipales
distrital,070806,CUSCO,ESPINAR,PICHIGUA,14,3080,3540,,,460,16,16,0,0,100,2026-10-06T14:06:02-05:00,2026-10-06T18:59:45+00:00,https://resultadoelectoral.onpe.gob.pe/main/elecciones-municipales
distrital,070807,CUSCO,ESPINAR,SUYCKUTAMBO,14,2120,2415,,,295,10,10,0,0,100,2026-10-06T14:06:02-05:00,2026-10-06T18:59:45+00:00,https://resultadoelectoral.onpe.gob.pe/main/elecciones-municipales
distrital,070808,CUSCO,ESPINAR,ALTO PICHIGUA,14,2242,2498,,,256,11,11,0,0,100,2026-10-06T14:06:02-05:00,2026-10-06T18:59:45+00:00,https://resultadoelectoral.onpe.gob.pe/main/elecciones-municipales
distrital,070902,CUSCO,LA CONVENCIÓN,ECHARATE,7,12430,14518,,,2088,102,98,4,0,96.078,2026-10-06T14:06:02-05:00,2026-10-06T18:59:45+00:00,https://resultadoelectoral.onpe.gob.pe/main/elecciones-municipales
distrital,070903,CUSCO,LA CONVENCIÓN,HUAYOPATA,7,2786,3747,,,961,18,18,0,0,100,2026-10-06T14:12:02-05:00,2026-10-06T18:59:45+00:00,https://resultadoelectoral.onpe.gob.pe/main/elecciones-municipales
distrital,070904,CUSCO,LA CONVENCIÓN,MARANURA,7,3676,4194,,,518,21,20,1,0,95.238,2026-10-06T14:12:02-05:00,2026-10-06T18:59:45+00:00,https://resultadoelectoral.onpe.gob.pe/main/elecciones-municipales
distrital,070905,CUSCO,LA CONVENCIÓN,OCOBAMBA,7,2114,3152,,,1038,18,17,1,0,94.444,2026-10-06T14:06:02-05:00,2026-10-06T18:59:45+00:00,https://resultadoelectoral.onpe.gob.pe/main/elecciones-municipales
distrital,070906,CUSCO,LA CONVENCIÓN,SANTA TERESA,7,4057,4655,,,598,24,22,2,0,91.667,2026-10-06T14:06:02-05:00,2026-10-06T18:59:45+00:00,https://resultadoelectoral.onpe.gob.pe/main/elecciones-municipales
distrital,070907,CUSCO,LA CONVENCIÓN,VILCABAMBA,7,5957,6593,,,636,36,35,1,0,97.222,2026-10-06T14:06:02-05:00,2026-10-06T18:59:45+00:00,https://resultadoelectoral.onpe.gob.pe/main/elecciones-municipales
distrital,070908,CUSCO,LA CONVENCIÓN,QUELLOUNO,7,7353,8025,,,672,42,40,2,0,95.238,2026-10-06T14:12:02-05:00,2026-10-06T18:59:45+00:00,https://resultadoelectoral.onpe.gob.pe/main/elecciones-municipales
distrital,070909,CUSCO,LA CONVENCIÓN,KIMBIRI,7,0,0,,,0,44,0,0,44,0,2026-10-06T14:12:02-05:00,2026-10-06T18:59:45+00:00,https://resultadoelectoral.onpe.gob.pe/main/elecciones-municipales
distrital,070910,CUSCO,LA CONVENCIÓN,PICHARI,7,0,0,,,0,75,0,0,75,0,2026-10-06T14:12:02-05:00,2026-10-06T18:59:45+00:00,https://resultadoelectoral.onpe.gob.pe/main/elecciones-municipales
distrital,070911,CUSCO,LA CONVENCIÓN,INKAWASI,7,2777,3091,,,314,16,16,0,0,100,2026-10-06T14:12:02-05:00,2026-10-06T18:59:45+00:00,https://resultadoelectoral.onpe.gob.pe/main/elecciones-municipales
distrital,070912,CUSCO,LA CONVENCIÓN,VILLA VIRGEN,7,0,0,,,0,8,0,0,8,0,2026-10-06T14:12:02-05:00,2026-10-06T18:59:45+00:00,https://resultadoelectoral.onpe.gob.pe/main/elecciones-municipales
distrital,070913,CUSCO,LA CONVENCIÓN,VILLA KINTIARINA,7,0,0,,,0,9,0,0,9,0,2026-10-06T14:12:02-05:00,2026-10-06T18:59:45+00:00,https://resultadoelectoral.onpe.gob.pe/main/elecciones-municipales
distrital,070915,CUSCO,LA CONVENCIÓN,MEGANTONI,7,4071,4457,,,386,41,27,0,14,65.854,2026-10-06T14:12:02-05:00,2026-10-06T18:59:45+00:00,https://resultadoelectoral.onpe.gob.pe/main/elecciones-municipales
distrital,070916,CUSCO,LA CONVENCIÓN,KUMPIRUSHIATO,7,2664,3800,,,1136,20,20,0,0,100,2026-10-06T14:12:02-05:00,2026-10-06T18:59:45+00:00,https://resultadoelectoral.onpe.gob.pe/main/elecciones-municipales
distrital,070917,CUSCO,LA CONVENCIÓN,CIELO PUNCO,7,0,0,,,0,8,0,0,8,0,2026-10-06T14:12:02-05:00,2026-10-06T18:59:45+00:00,https://resultadoelectoral.onpe.gob.pe/main/elecciones-municipales
distrital,070918,CUSCO,LA CONVENCIÓN,MANITEA,7,0,0,,,0,12,0,0,12,0,2026-10-06T14:12:02-05:00,2026-10-06T18:59:45+00:00,https://resultadoelectoral.onpe.gob.pe/main/elecciones-municipales
distrital,070919,CUSCO,LA CONVENCIÓN,UNIÓN ASHÁNINKA,7,0,0,,,0,18,0,0,18,0,2026-10-06T14:12:02-05:00,2026-10-06T18:59:45+00:00,https://resultadoelectoral.onpe.gob.pe/main/elecciones-municipales
distrital,071001,CUSCO,PARURO,PARURO,5,1917,2243,,,326,11,11,0,0,100,2026-10-06T14:12:02-05:00,2026-10-06T18:59:45+00:00,https://resultadoelectoral.onpe.gob.pe/main/elecciones-municipales
distrital,071002,CUSCO,PARURO,ACCHA,5,2044,2341,,,297,11,11,0,0,100,2026-10-06T14:12:02-05:00,2026-10-06T18:59:45+00:00,https://resultadoelectoral.onpe.gob.pe/main/elecciones-municipales
distrital,071003,CUSCO,PARURO,CCAPI,5,1951,2293,,,342,14,13,1,0,92.857,2026-10-06T14:12:02-05:00,2026-10-06T18:59:45+00:00,https://resultadoelectoral.onpe.gob.pe/main/elecciones-municipales
distrital,071004,CUSCO,PARURO,COLCHA,5,737,881,,,144,4,4,0,0,100,2026-10-06T14:12:02-05:00,2026-10-06T18:59:45+00:00,https://resultadoelectoral.onpe.gob.pe/main/elecciones-municipales
distrital,071005,CUSCO,PARURO,HUANOQUITE,5,3637,4055,,,418,19,18,1,0,94.737,2026-10-06T14:12:02-05:00,2026-10-06T18:59:45+00:00,https://resultadoelectoral.onpe.gob.pe/main/elecciones-municipales
distrital,071006,CUSCO,PARURO,OMACHA,5,3164,3625,,,461,21,21,0,0,100,2026-10-06T14:12:02-05:00,2026-10-06T18:59:45+00:00,https://resultadoelectoral.onpe.gob.pe/main/elecciones-municipales
distrital,071007,CUSCO,PARURO,YAURISQUE,5,2248,2472,,,224,10,10,0,0,100,2026-10-06T14:12:02-05:00,2026-10-06T18:59:45+00:00,https://resultadoelectoral.onpe.gob.pe/main/elecciones-municipales
distrital,071008,CUSCO,PARURO,PACCARITAMBO,5,1407,1708,,,301,8,8,0,0,100,2026-10-06T14:12:02-05:00,2026-10-06T18:59:45+00:00,https://resultadoelectoral.onpe.gob.pe/main/elecciones-municipales
distrital,071009,CUSCO,PARURO,PILLPINTO,5,831,962,,,131,5,5,0,0,100,2026-10-06T14:12:02-05:00,2026-10-06T18:59:45+00:00,https://resultadoelectoral.onpe.gob.pe/main/elecciones-municipales
distrital,071101,CUSCO,PAUCARTAMBO,PAUCARTAMBO,9,6739,7882,,,1143,37,37,0,0,100,2026-10-06T14:12:02-05:00,2026-10-06T18:59:45+00:00,https://resultadoelectoral.onpe.gob.pe/main/elecciones-municipales
distrital,071102,CUSCO,PAUCARTAMBO,CAICAY,9,1943,2299,,,356,11,11,0,0,100,2026-10-06T14:12:02-05:00,2026-10-06T18:59:45+00:00,https://resultadoelectoral.onpe.gob.pe/main/elecciones-municipales
distrital,071103,CUSCO,PAUCARTAMBO,COLQUEPATA,9,5637,6393,,,756,28,27,1,0,96.429,2026-10-06T14:12:02-05:00,2026-10-06T18:59:45+00:00,https://resultadoelectoral.onpe.gob.pe/main/elecciones-municipales
distrital,071104,CUSCO,PAUCARTAMBO,CHALLABAMBA,9,5147,5784,,,637,29,29,0,0,100,2026-10-06T14:12:02-05:00,2026-10-06T18:59:45+00:00,https://resultadoelectoral.onpe.gob.pe/main/elecciones-municipales
distrital,071105,CUSCO,PAUCARTAMBO,KOSÑIPATA,9,3254,3745,,,491,18,17,1,0,94.444,2026-10-06T14:12:02-05:00,2026-10-06T18:59:45+00:00,https://resultadoelectoral.onpe.gob.pe/main/elecciones-municipales
distrital,071106,CUSCO,PAUCARTAMBO,HUANCARANI,9,4047,4557,,,510,20,20,0,0,100,2026-10-06T14:12:02-05:00,2026-10-06T18:59:45+00:00,https://resultadoelectoral.onpe.gob.pe/main/elecciones-municipales
distrital,071201,CUSCO,QUISPICANCHI,URCOS,6,6795,8264,,,1469,40,39,1,0,97.5,2026-10-06T14:12:02-05:00,2026-10-06T18:59:45+00:00,https://resultadoelectoral.onpe.gob.pe/main/elecciones-municipales
distrital,071202,CUSCO,QUISPICANCHI,ANDAHUAYLILLAS,6,3787,4290,,,503,18,18,0,0,100,2026-10-06T14:12:02-05:00,2026-10-06T18:59:45+00:00,https://resultadoelectoral.onpe.gob.pe/main/elecciones-municipales
distrital,071203,CUSCO,QUISPICANCHI,CAMANTI,6,1208,1807,,,599,9,9,0,0,100,2026-10-06T14:12:02-05:00,2026-10-06T18:59:45+00:00,https://resultadoelectoral.onpe.gob.pe/main/elecciones-municipales
distrital,071204,CUSCO,QUISPICANCHI,CCARHUAYO,6,1447,2096,,,649,10,10,0,0,100,2026-10-06T14:12:02-05:00,2026-10-06T18:59:45+00:00,https://resultadoelectoral.onpe.gob.pe/main/elecciones-municipales
distrital,071205,CUSCO,QUISPICANCHI,CCATCA,6,6551,7381,,,830,34,34,0,0,100,2026-10-06T14:12:02-05:00,2026-10-06T18:59:45+00:00,https://resultadoelectoral.onpe.gob.pe/main/elecciones-municipales
distrital,071206,CUSCO,QUISPICANCHI,CUSIPATA,6,2805,3287,,,482,15,15,0,0,100,2026-10-06T14:12:02-05:00,2026-10-06T18:59:45+00:00,https://resultadoelectoral.onpe.gob.pe/main/elecciones-municipales
distrital,071207,CUSCO,QUISPICANCHI,HUARO,6,2280,2926,,,646,13,13,0,0,100,2026-10-06T14:12:02-05:00,2026-10-06T18:59:45+00:00,https://resultadoelectoral.onpe.gob.pe/main/elecciones-municipales
distrital,071208,CUSCO,QUISPICANCHI,LUCRE,6,2711,3170,,,459,13,13,0,0,100,2026-10-06T14:12:02-05:00,2026-10-06T18:59:45+00:00,https://resultadoelectoral.onpe.gob.pe/main/elecciones-municipales
distrital,071209,CUSCO,QUISPICANCHI,MARCAPATA,6,2332,2788,,,456,14,14,0,0,100,2026-10-06T14:12:02-05:00,2026-10-06T18:59:45+00:00,https://resultadoelectoral.onpe.gob.pe/main/elecciones-municipales
distrital,071210,CUSCO,QUISPICANCHI,OCONGATE,6,8908,10634,,,1726,48,48,0,0,100,2026-10-06T14:12:02-05:00,2026-10-06T18:59:45+00:00,https://resultadoelectoral.onpe.gob.pe/main/elecciones-municipales
distrital,071211,CUSCO,QUISPICANCHI,OROPESA,6,5989,6838,,,849,30,30,0,0,100,2026-10-06T14:12:02-05:00,2026-10-06T18:59:45+00:00,https://resultadoelectoral.onpe.gob.pe/main/elecciones-municipales
distrital,071212,CUSCO,QUISPICANCHI,QUIQUIJANA,6,5311,6370,,,1059,30,29,1,0,96.667,2026-10-06T14:12:02-05:00,2026-10-06T18:59:45+00:00,https://resultadoelectoral.onpe.gob.pe/main/elecciones-municipales
distrital,071301,CUSCO,URUBAMBA,URUBAMBA,6,13252,15143,,,1891,67,67,0,0,100,2026-10-06T14:12:02-05:00,2026-10-06T18:59:45+00:00,https://resultadoelectoral.onpe.gob.pe/main/elecciones-municipales
distrital,071302,CUSCO,URUBAMBA,CHINCHERO,6,7693,8719,,,1026,36,35,1,0,97.222,2026-10-06T14:12:02-05:00,2026-10-06T18:59:45+00:00,https://resultadoelectoral.onpe.gob.pe/main/elecciones-municipales
distrital,071303,CUSCO,URUBAMBA,HUAYLLABAMBA,6,3531,4011,,,480,17,17,0,0,100,2026-10-06T14:12:02-05:00,2026-10-06T18:59:45+00:00,https://resultadoelectoral.onpe.gob.pe/main/elecciones-municipales
distrital,071304,CUSCO,URUBAMBA,MACHUPICCHU,6,4778,5897,,,1119,31,31,0,0,100,2026-10-06T14:12:02-05:00,2026-10-06T18:59:45+00:00,https://resultadoelectoral.onpe.gob.pe/main/elecciones-municipales
distrital,071305,CUSCO,URUBAMBA,MARAS,6,4571,5172,,,601,23,23,0,0,100,2026-10-06T14:12:02-05:00,2026-10-06T18:59:45+00:00,https://resultadoelectoral.onpe.gob.pe/main/elecciones-municipales
distrital,071306,CUSCO,URUBAMBA,OLLANTAYTAMBO,6,6402,7387,,,985,32,32,0,0,100,2026-10-06T14:12:02-05:00,2026-10-06T18:59:45+00:00,https://resultadoelectoral.onpe.gob.pe/main/elecciones-municipales
distrital,071307,CUSCO,URUBAMBA,YUCAY,6,2219,2359,,,140,10,10,0,0,100,2026-10-06T14:12:02-05:00,2026-10-06T18:59:45+00:00,https://resultadoelectoral.onpe.gob.pe/main/elecciones-municipales
distrital,080101,HUANCAVELICA,HUANCAVELICA,HUANCAVELICA,9,20987,23588,,,2601,110,110,0,0,100,2026-10-06T14:12:02-05:00,2026-10-06T18:59:45+00:00,https://resultadoelectoral.onpe.gob.pe/main/elecciones-municipales
distrital,080102,HUANCAVELICA,HUANCAVELICA,ACOBAMBILLA,9,1702,1810,,,108,10,10,0,0,100,2026-10-06T14:12:02-05:00,2026-10-06T18:59:45+00:00,https://resultadoelectoral.onpe.gob.pe/main/elecciones-municipales
distrital,080103,HUANCAVELICA,HUANCAVELICA,ACORIA,9,12294,13658,,,1364,73,73,0,0,100,2026-10-06T14:12:02-05:00,2026-10-06T18:59:45+00:00,https://resultadoelectoral.onpe.gob.pe/main/elecciones-municipales
distrital,080104,HUANCAVELICA,HUANCAVELICA,CONAYCA,9,608,675,,,67,3,3,0,0,100,2026-10-06T14:12:02-05:00,2026-10-06T18:59:45+00:00,https://resultadoelectoral.onpe.gob.pe/main/elecciones-municipales
distrital,080105,HUANCAVELICA,HUANCAVELICA,CUENCA,9,935,1231,,,296,7,7,0,0,100,2026-10-06T14:12:02-05:00,2026-10-06T18:59:45+00:00,https://resultadoelectoral.onpe.gob.pe/main/elecciones-municipales
distrital,080106,HUANCAVELICA,HUANCAVELICA,HUACHOCOLPA,9,1286,1414,,,128,7,7,0,0,100,2026-10-06T14:12:02-05:00,2026-10-06T18:59:45+00:00,https://resultadoelectoral.onpe.gob.pe/main/elecciones-municipales
distrital,080108,HUANCAVELICA,HUANCAVELICA,HUAYLLAHUARA,9,646,683,,,37,3,3,0,0,100,2026-10-06T14:12:02-05:00,2026-10-06T18:59:45+00:00,https://resultadoelectoral.onpe.gob.pe/main/elecciones-municipales
distrital,080109,HUANCAVELICA,HUANCAVELICA,IZCUCHACA,9,765,824,,,59,4,4,0,0,100,2026-10-06T14:12:02-05:00,2026-10-06T18:59:45+00:00,https://resultadoelectoral.onpe.gob.pe/main/elecciones-municipales
distrital,080110,HUANCAVELICA,HUANCAVELICA,LARIA,9,650,682,,,32,3,3,0,0,100,2026-10-06T14:12:02-05:00,2026-10-06T18:59:45+00:00,https://resultadoelectoral.onpe.gob.pe/main/elecciones-municipales
distrital,080111,HUANCAVELICA,HUANCAVELICA,MANTA,9,604,658,,,54,3,3,0,0,100,2026-10-06T14:12:02-05:00,2026-10-06T18:59:45+00:00,https://resultadoelectoral.onpe.gob.pe/main/elecciones-municipales
distrital,080112,HUANCAVELICA,HUANCAVELICA,MARISCAL CÁCERES,9,669,735,,,66,3,3,0,0,100,2026-10-06T14:12:02-05:00,2026-10-06T18:59:45+00:00,https://resultadoelectoral.onpe.gob.pe/main/elecciones-municipales
distrital,080113,HUANCAVELICA,HUANCAVELICA,MOYA,9,647,715,,,68,4,4,0,0,100,2026-10-06T14:12:02-05:00,2026-10-06T18:59:45+00:00,https://resultadoelectoral.onpe.gob.pe/main/elecciones-municipales
distrital,080114,HUANCAVELICA,HUANCAVELICA,NUEVO OCCORO,9,1523,1653,,,130,9,9,0,0,100,2026-10-06T14:12:02-05:00,2026-10-06T18:59:45+00:00,https://resultadoelectoral.onpe.gob.pe/main/elecciones-municipales
distrital,080115,HUANCAVELICA,HUANCAVELICA,PALCA,9,1960,2148,,,188,10,10,0,0,100,2026-10-06T14:12:02-05:00,2026-10-06T18:59:45+00:00,https://resultadoelectoral.onpe.gob.pe/main/elecciones-municipales
distrital,080116,HUANCAVELICA,HUANCAVELICA,PILCHACA,9,503,613,,,110,3,3,0,0,100,2026-10-06T14:12:02-05:00,2026-10-06T18:59:45+00:00,https://resultadoelectoral.onpe.gob.pe/main/elecciones-municipales
distrital,080117,HUANCAVELICA,HUANCAVELICA,VILCA,9,1489,1597,,,108,8,8,0,0,100,2026-10-06T14:12:02-05:00,2026-10-06T18:59:45+00:00,https://resultadoelectoral.onpe.gob.pe/main/elecciones-municipales
distrital,080118,HUANCAVELICA,HUANCAVELICA,YAULI,9,13603,14448,,,845,68,67,1,0,98.529,2026-10-06T14:12:02-05:00,2026-10-06T18:59:45+00:00,https://resultadoelectoral.onpe.gob.pe/main/elecciones-municipales
distrital,080119,HUANCAVELICA,HUANCAVELICA,ASCENSIÓN,9,7210,7926,,,716,35,34,1,0,97.143,2026-10-06T14:12:02-05:00,2026-10-06T18:59:45+00:00,https://resultadoelectoral.onpe.gob.pe/main/elecciones-municipales
distrital,080120,HUANCAVELICA,HUANCAVELICA,HUANDO,9,3618,3963,,,345,20,20,0,0,100,2026-10-06T14:12:02-05:00,2026-10-06T18:59:45+00:00,https://resultadoelectoral.onpe.gob.pe/main/elecciones-municipales
distrital,080201,HUANCAVELICA,ACOBAMBA,ACOBAMBA,5,4788,5210,,,422,28,28,0,0,100,2026-10-06T14:12:02-05:00,2026-10-06T18:59:45+00:00,https://resultadoelectoral.onpe.gob.pe/main/elecciones-municipales
distrital,080202,HUANCAVELICA,ACOBAMBA,ANTA,5,3883,4060,,,177,22,22,0,0,100,2026-10-06T14:12:02-05:00,2026-10-06T18:59:45+00:00,https://resultadoelectoral.onpe.gob.pe/main/elecciones-municipales
distrital,080203,HUANCAVELICA,ACOBAMBA,ANDABAMBA,5,2523,2672,,,149,13,13,0,0,100,2026-10-06T14:12:02-05:00,2026-10-06T18:59:45+00:00,https://resultadoelectoral.onpe.gob.pe/main/elecciones-municipales
distrital,080204,HUANCAVELICA,ACOBAMBA,CAJA,5,1549,1664,,,115,9,9,0,0,100,2026-10-06T14:12:02-05:00,2026-10-06T18:59:45+00:00,https://resultadoelectoral.onpe.gob.pe/main/elecciones-municipales
distrital,080205,HUANCAVELICA,ACOBAMBA,MARCAS,5,1271,1360,,,89,7,7,0,0,100,2026-10-06T14:12:02-05:00,2026-10-06T18:59:45+00:00,https://resultadoelectoral.onpe.gob.pe/main/elecciones-municipales
distrital,080206,HUANCAVELICA,ACOBAMBA,PAUCARA,5,6521,7091,,,570,34,34,0,0,100,2026-10-06T14:12:02-05:00,2026-10-06T18:59:45+00:00,https://resultadoelectoral.onpe.gob.pe/main/elecciones-municipales
distrital,080207,HUANCAVELICA,ACOBAMBA,POMACOCHA,5,1973,2129,,,156,11,11,0,0,100,2026-10-06T14:12:02-05:00,2026-10-06T18:59:45+00:00,https://resultadoelectoral.onpe.gob.pe/main/elecciones-municipales
distrital,080208,HUANCAVELICA,ACOBAMBA,ROSARIO,5,3770,4060,,,290,19,19,0,0,100,2026-10-06T14:12:02-05:00,2026-10-06T18:59:45+00:00,https://resultadoelectoral.onpe.gob.pe/main/elecciones-municipales
distrital,080301,HUANCAVELICA,ANGARAES,LIRCAY,5,10885,12447,,,1562,68,68,0,0,100,2026-10-06T14:12:02-05:00,2026-10-06T18:59:45+00:00,https://resultadoelectoral.onpe.gob.pe/main/elecciones-municipales
distrital,080302,HUANCAVELICA,ANGARAES,ANCHONGA,5,4281,4585,,,304,23,23,0,0,100,2026-10-06T14:12:02-05:00,2026-10-06T18:59:45+00:00,https://resultadoelectoral.onpe.gob.pe/main/elecciones-municipales
distrital,080303,HUANCAVELICA,ANGARAES,CALLANMARCA,5,674,713,,,39,3,3,0,0,100,2026-10-06T14:12:02-05:00,2026-10-06T18:59:45+00:00,https://resultadoelectoral.onpe.gob.pe/main/elecciones-municipales
distrital,080304,HUANCAVELICA,ANGARAES,CONGALLA,5,2495,2618,,,123,14,14,0,0,100,2026-10-06T14:12:02-05:00,2026-10-06T18:59:45+00:00,https://resultadoelectoral.onpe.gob.pe/main/elecciones-municipales
distrital,080305,HUANCAVELICA,ANGARAES,CHINCHO,5,771,882,,,111,5,5,0,0,100,2026-10-06T14:12:02-05:00,2026-10-06T18:59:45+00:00,https://resultadoelectoral.onpe.gob.pe/main/elecciones-municipales
distrital,080306,HUANCAVELICA,ANGARAES,HUALLAY - GRANDE,5,1100,1204,,,104,5,5,0,0,100,2026-10-06T14:12:02-05:00,2026-10-06T18:59:45+00:00,https://resultadoelectoral.onpe.gob.pe/main/elecciones-municipales
distrital,080307,HUANCAVELICA,ANGARAES,HUANCA-HUANCA,5,931,1013,,,82,5,5,0,0,100,2026-10-06T14:12:02-05:00,2026-10-06T18:59:45+00:00,https://resultadoelectoral.onpe.gob.pe/main/elecciones-municipales
distrital,080308,HUANCAVELICA,ANGARAES,JULCAMARCA,5,636,846,,,210,4,4,0,0,100,2026-10-06T14:12:02-05:00,2026-10-06T18:59:45+00:00,https://resultadoelectoral.onpe.gob.pe/main/elecciones-municipales
distrital,080309,HUANCAVELICA,ANGARAES,SAN ANTONIO DE ANTAPARCO,5,909,937,,,28,4,4,0,0,100,2026-10-06T14:12:02-05:00,2026-10-06T18:59:45+00:00,https://resultadoelectoral.onpe.gob.pe/main/elecciones-municipales
distrital,080310,HUANCAVELICA,ANGARAES,SANTO TOMÁS DE PATA,5,1066,1147,,,81,7,7,0,0,100,2026-10-06T14:12:02-05:00,2026-10-06T18:59:45+00:00,https://resultadoelectoral.onpe.gob.pe/main/elecciones-municipales
distrital,080311,HUANCAVELICA,ANGARAES,SECCLLA,5,1702,1803,,,101,10,10,0,0,100,2026-10-06T14:12:02-05:00,2026-10-06T18:59:45+00:00,https://resultadoelectoral.onpe.gob.pe/main/elecciones-municipales
distrital,080312,HUANCAVELICA,ANGARAES,CCOCHACCASA,5,2208,2366,,,158,11,11,0,0,100,2026-10-06T14:12:02-05:00,2026-10-06T18:59:45+00:00,https://resultadoelectoral.onpe.gob.pe/main/elecciones-municipales
distrital,080401,HUANCAVELICA,CASTROVIRREYNA,CASTROVIRREYNA,8,1445,1601,,,156,9,9,0,0,100,2026-10-06T14:12:02-05:00,2026-10-06T18:59:45+00:00,https://resultadoelectoral.onpe.gob.pe/main/elecciones-municipales
distrital,080402,HUANCAVELICA,CASTROVIRREYNA,ARMA,8,833,963,,,130,5,5,0,0,100,2026-10-06T14:12:02-05:00,2026-10-06T18:59:45+00:00,https://resultadoelectoral.onpe.gob.pe/main/elecciones-municipales
distrital,080403,HUANCAVELICA,CASTROVIRREYNA,AURAHUA,8,891,944,,,53,6,5,1,0,83.333,2026-10-06T14:12:02-05:00,2026-10-06T18:59:45+00:00,https://resultadoelectoral.onpe.gob.pe/main/elecciones-municipales
distrital,080405,HUANCAVELICA,CASTROVIRREYNA,CAPILLAS,8,853,924,,,71,5,5,0,0,100,2026-10-06T14:12:02-05:00,2026-10-06T18:59:45+00:00,https://resultadoelectoral.onpe.gob.pe/main/elecciones-municipales
distrital,080406,HUANCAVELICA,CASTROVIRREYNA,COCAS,8,542,577,,,35,4,3,1,0,75,2026-10-06T14:12:02-05:00,2026-10-06T18:59:45+00:00,https://resultadoelectoral.onpe.gob.pe/main/elecciones-municipales
distrital,080408,HUANCAVELICA,CASTROVIRREYNA,CHUPAMARCA,8,623,673,,,50,4,4,0,0,100,2026-10-06T14:12:02-05:00,2026-10-06T18:59:45+00:00,https://resultadoelectoral.onpe.gob.pe/main/elecciones-municipales
distrital,080409,HUANCAVELICA,CASTROVIRREYNA,HUACHOS,8,1286,1439,,,153,7,7,0,0,100,2026-10-06T14:12:02-05:00,2026-10-06T18:59:45+00:00,https://resultadoelectoral.onpe.gob.pe/main/elecciones-municipales
distrital,080410,HUANCAVELICA,CASTROVIRREYNA,HUAMATAMBO,8,587,623,,,36,3,3,0,0,100,2026-10-06T14:12:02-05:00,2026-10-06T18:59:45+00:00,https://resultadoelectoral.onpe.gob.pe/main/elecciones-municipales
distrital,080414,HUANCAVELICA,CASTROVIRREYNA,MOLLEPAMPA,8,794,849,,,55,4,4,0,0,100,2026-10-06T14:12:02-05:00,2026-10-06T18:59:45+00:00,https://resultadoelectoral.onpe.gob.pe/main/elecciones-municipales
distrital,080422,HUANCAVELICA,CASTROVIRREYNA,SAN JUAN,8,862,908,,,46,4,4,0,0,100,2026-10-06T14:12:02-05:00,2026-10-06T18:59:45+00:00,https://resultadoelectoral.onpe.gob.pe/main/elecciones-municipales
distrital,080427,HUANCAVELICA,CASTROVIRREYNA,TANTARA,8,757,803,,,46,4,4,0,0,100,2026-10-06T14:12:02-05:00,2026-10-06T18:59:45+00:00,https://resultadoelectoral.onpe.gob.pe/main/elecciones-municipales
distrital,080428,HUANCAVELICA,CASTROVIRREYNA,TICRAPO,8,1249,1352,,,103,7,7,0,0,100,2026-10-06T14:12:02-05:00,2026-10-06T18:59:45+00:00,https://resultadoelectoral.onpe.gob.pe/main/elecciones-municipales
distrital,080429,HUANCAVELICA,CASTROVIRREYNA,SANTA ANA,8,838,941,,,103,5,5,0,0,100,2026-10-06T14:12:02-05:00,2026-10-06T18:59:45+00:00,https://resultadoelectoral.onpe.gob.pe/main/elecciones-municipales
distrital,080501,HUANCAVELICA,TAYACAJA,PAMPAS,6,4593,5107,,,514,27,27,0,0,100,2026-10-06T14:12:02-05:00,2026-10-06T18:59:45+00:00,https://resultadoelectoral.onpe.gob.pe/main/elecciones-municipales
distrital,080502,HUANCAVELICA,TAYACAJA,ACOSTAMBO,6,2518,2724,,,206,13,12,1,0,92.308,2026-10-06T14:12:02-05:00,2026-10-06T18:59:45+00:00,https://resultadoelectoral.onpe.gob.pe/main/elecciones-municipales
distrital,080503,HUANCAVELICA,TAYACAJA,ACRAQUIA,6,2882,3120,,,238,15,15,0,0,100,2026-10-06T14:12:02-05:00,2026-10-06T18:59:45+00:00,https://resultadoelectoral.onpe.gob.pe/main/elecciones-municipales
distrital,080504,HUANCAVELICA,TAYACAJA,AHUAYCHA,6,2928,3160,,,232,16,15,1,0,93.75,2026-10-06T14:12:02-05:00,2026-10-06T18:59:45+00:00,https://resultadoelectoral.onpe.gob.pe/main/elecciones-municipales
distrital,080506,HUANCAVELICA,TAYACAJA,COLCABAMBA,6,7023,7559,,,536,41,40,1,0,97.561,2026-10-06T14:12:02-05:00,2026-10-06T18:59:45+00:00,https://resultadoelectoral.onpe.gob.pe/main/elecciones-municipales
distrital,080509,HUANCAVELICA,TAYACAJA,DANIEL HERNANDEZ,6,5707,6323,,,616,29,29,0,0,100,2026-10-06T14:12:02-05:00,2026-10-06T18:59:45+00:00,https://resultadoelectoral.onpe.gob.pe/main/elecciones-municipales
distrital,080511,HUANCAVELICA,TAYACAJA,HUACHOCOLPA,6,1374,1471,,,97,8,7,1,0,87.5,2026-10-06T14:12:02-05:00,2026-10-06T18:59:45+00:00,https://resultadoelectoral.onpe.gob.pe/main/elecciones-municipales
distrital,080512,HUANCAVELICA,TAYACAJA,HUARIBAMBA,6,3087,3322,,,235,15,15,0,0,100,2026-10-06T14:12:02-05:00,2026-10-06T18:59:45+00:00,https://resultadoelectoral.onpe.gob.pe/main/elecciones-municipales
distrital,080515,HUANCAVELICA,TAYACAJA,ÑAHUIMPUQUIO,6,1430,1564,,,134,7,7,0,0,100,2026-10-06T14:12:02-05:00,2026-10-06T18:59:45+00:00,https://resultadoelectoral.onpe.gob.pe/main/elecciones-municipales
distrital,080517,HUANCAVELICA,TAYACAJA,PAZOS,6,3583,4246,,,663,20,19,1,0,95,2026-10-06T14:12:02-05:00,2026-10-06T18:59:45+00:00,https://resultadoelectoral.onpe.gob.pe/main/elecciones-municipales
distrital,080518,HUANCAVELICA,TAYACAJA,QUISHUAR,6,431,467,,,36,3,3,0,0,100,2026-10-06T14:12:02-05:00,2026-10-06T18:59:45+00:00,https://resultadoelectoral.onpe.gob.pe/main/elecciones-municipales
distrital,080519,HUANCAVELICA,TAYACAJA,SALCABAMBA,6,2483,2733,,,250,16,16,0,0,100,2026-10-06T14:12:02-05:00,2026-10-06T18:59:45+00:00,https://resultadoelectoral.onpe.gob.pe/main/elecciones-municipales
distrital,080520,HUANCAVELICA,TAYACAJA,SAN MARCOS DE ROCCHAC,6,2061,2194,,,133,12,12,0,0,100,2026-10-06T14:12:02-05:00,2026-10-06T18:59:45+00:00,https://resultadoelectoral.onpe.gob.pe/main/elecciones-municipales
distrital,080523,HUANCAVELICA,TAYACAJA,SURCUBAMBA,6,2681,2832,,,151,14,14,0,0,100,2026-10-06T14:12:02-05:00,2026-10-06T18:59:45+00:00,https://resultadoelectoral.onpe.gob.pe/main/elecciones-municipales
distrital,080525,HUANCAVELICA,TAYACAJA,TINTAY PUNCU,6,1397,1508,,,111,7,7,0,0,100,2026-10-06T14:12:02-05:00,2026-10-06T18:59:45+00:00,https://resultadoelectoral.onpe.gob.pe/main/elecciones-municipales
distrital,080526,HUANCAVELICA,TAYACAJA,SALCAHUASI,6,2111,2266,,,155,11,11,0,0,100,2026-10-06T14:12:02-05:00,2026-10-06T18:59:45+00:00,https://resultadoelectoral.onpe.gob.pe/main/elecciones-municipales
distrital,080528,HUANCAVELICA,TAYACAJA,QUICHUAS,6,2995,3207,,,212,17,16,1,0,94.118,2026-10-06T14:12:02-05:00,2026-10-06T18:59:45+00:00,https://resultadoelectoral.onpe.gob.pe/main/elecciones-municipales
distrital,080529,HUANCAVELICA,TAYACAJA,ANDAYMARCA,6,1706,1842,,,136,9,9,0,0,100,2026-10-06T14:12:02-05:00,2026-10-06T18:59:45+00:00,https://resultadoelectoral.onpe.gob.pe/main/elecciones-municipales
distrital,080530,HUANCAVELICA,TAYACAJA,ROBLE,6,961,1011,,,50,4,4,0,0,100,2026-10-06T14:12:02-05:00,2026-10-06T18:59:45+00:00,https://resultadoelectoral.onpe.gob.pe/main/elecciones-municipales
distrital,080531,HUANCAVELICA,TAYACAJA,PICHOS,6,1930,2169,,,239,10,10,0,0,100,2026-10-06T14:12:02-05:00,2026-10-06T18:59:45+00:00,https://resultadoelectoral.onpe.gob.pe/main/elecciones-municipales
distrital,080532,HUANCAVELICA,TAYACAJA,SANTIAGO DE TUCUMA,6,1247,1345,,,98,6,6,0,0,100,2026-10-06T14:12:02-05:00,2026-10-06T18:59:45+00:00,https://resultadoelectoral.onpe.gob.pe/main/elecciones-municipales
distrital,080533,HUANCAVELICA,TAYACAJA,LAMBRAS,6,1275,1334,,,59,6,6,0,0,100,2026-10-06T14:12:02-05:00,2026-10-06T18:59:45+00:00,https://resultadoelectoral.onpe.gob.pe/main/elecciones-municipales
distrital,080534,HUANCAVELICA,TAYACAJA,COCHABAMBA,6,649,705,,,56,3,3,0,0,100,2026-10-06T14:12:02-05:00,2026-10-06T18:59:45+00:00,https://resultadoelectoral.onpe.gob.pe/main/elecciones-municipales
distrital,080601,HUANCAVELICA,HUAYTARA,AYAVI,7,680,728,,,48,4,4,0,0,100,2026-10-06T14:12:02-05:00,2026-10-06T18:59:45+00:00,https://resultadoelectoral.onpe.gob.pe/main/elecciones-municipales
distrital,080602,HUANCAVELICA,HUAYTARA,CÓRDOVA,7,1051,1131,,,80,5,5,0,0,100,2026-10-06T14:12:02-05:00,2026-10-06T18:59:45+00:00,https://resultadoelectoral.onpe.gob.pe/main/elecciones-municipales
distrital,080603,HUANCAVELICA,HUAYTARA,HUAYACUNDO ARMA,7,350,400,,,50,2,2,0,0,100,2026-10-06T14:12:02-05:00,2026-10-06T18:59:45+00:00,https://resultadoelectoral.onpe.gob.pe/main/elecciones-municipales
distrital,080604,HUANCAVELICA,HUAYTARA,HUAYTARA,7,956,1026,,,70,6,5,1,0,83.333,2026-10-06T14:12:02-05:00,2026-10-06T18:59:45+00:00,https://resultadoelectoral.onpe.gob.pe/main/elecciones-municipales
distrital,080605,HUANCAVELICA,HUAYTARA,LARAMARCA,7,460,512,,,52,3,3,0,0,100,2026-10-06T14:12:02-05:00,2026-10-06T18:59:45+00:00,https://resultadoelectoral.onpe.gob.pe/main/elecciones-municipales
distrital,080606,HUANCAVELICA,HUAYTARA,OCOYO,7,800,897,,,97,5,5,0,0,100,2026-10-06T14:12:02-05:00,2026-10-06T18:59:45+00:00,https://resultadoelectoral.onpe.gob.pe/main/elecciones-municipales
distrital,080607,HUANCAVELICA,HUAYTARA,PILPICHACA,7,2335,2545,,,210,15,15,0,0,100,2026-10-06T14:12:02-05:00,2026-10-06T18:59:45+00:00,https://resultadoelectoral.onpe.gob.pe/main/elecciones-municipales
distrital,080608,HUANCAVELICA,HUAYTARA,QUERCO,7,590,676,,,86,3,3,0,0,100,2026-10-06T14:12:02-05:00,2026-10-06T18:59:45+00:00,https://resultadoelectoral.onpe.gob.pe/main/elecciones-municipales
distrital,080609,HUANCAVELICA,HUAYTARA,QUITO-ARMA,7,570,618,,,48,3,3,0,0,100,2026-10-06T14:12:02-05:00,2026-10-06T18:59:45+00:00,https://resultadoelectoral.onpe.gob.pe/main/elecciones-municipales
distrital,080610,HUANCAVELICA,HUAYTARA,SAN ANTONIO DE CUSICANCHA,7,764,887,,,123,5,5,0,0,100,2026-10-06T14:12:02-05:00,2026-10-06T18:59:45+00:00,https://resultadoelectoral.onpe.gob.pe/main/elecciones-municipales
distrital,080611,HUANCAVELICA,HUAYTARA,SAN FRANCISCO DE SANGAYAICO,7,891,981,,,90,5,5,0,0,100,2026-10-06T14:12:02-05:00,2026-10-06T18:59:45+00:00,https://resultadoelectoral.onpe.gob.pe/main/elecciones-municipales
distrital,080612,HUANCAVELICA,HUAYTARA,SAN ISIDRO,7,719,765,,,46,4,4,0,0,100,2026-10-06T14:12:02-05:00,2026-10-06T18:59:45+00:00,https://resultadoelectoral.onpe.gob.pe/main/elecciones-municipales
distrital,080613,HUANCAVELICA,HUAYTARA,SANTIAGO DE CHOCORVOS,7,1753,1917,,,164,10,10,0,0,100,2026-10-06T14:12:02-05:00,2026-10-06T18:59:45+00:00,https://resultadoelectoral.onpe.gob.pe/main/elecciones-municipales
distrital,080614,HUANCAVELICA,HUAYTARA,SANTIAGO DE QUIRAHUARA,7,680,776,,,96,4,4,0,0,100,2026-10-06T14:12:02-05:00,2026-10-06T18:59:45+00:00,https://resultadoelectoral.onpe.gob.pe/main/elecciones-municipales
distrital,080615,HUANCAVELICA,HUAYTARA,SANTO DOMINGO DE CAPILLAS,7,660,759,,,99,4,4,0,0,100,2026-10-06T14:12:02-05:00,2026-10-06T18:59:45+00:00,https://resultadoelectoral.onpe.gob.pe/main/elecciones-municipales
distrital,080616,HUANCAVELICA,HUAYTARA,TAMBO,7,717,781,,,64,5,4,1,0,80,2026-10-06T14:12:02-05:00,2026-10-06T18:59:45+00:00,https://resultadoelectoral.onpe.gob.pe/main/elecciones-municipales
distrital,080701,HUANCAVELICA,CHURCAMPA,CHURCAMPA,5,2463,2710,,,247,14,14,0,0,100,2026-10-06T14:12:02-05:00,2026-10-06T18:59:45+00:00,https://resultadoelectoral.onpe.gob.pe/main/elecciones-municipales
distrital,080702,HUANCAVELICA,CHURCAMPA,ANCO,5,3574,3814,,,240,22,21,1,0,95.455,2026-10-06T14:12:02-05:00,2026-10-06T18:59:45+00:00,https://resultadoelectoral.onpe.gob.pe/main/elecciones-municipales
distrital,080703,HUANCAVELICA,CHURCAMPA,CHINCHIHUASI,5,1461,1581,,,120,8,8,0,0,100,2026-10-06T14:12:02-05:00,2026-10-06T18:59:45+00:00,https://resultadoelectoral.onpe.gob.pe/main/elecciones-municipales
distrital,080704,HUANCAVELICA,CHURCAMPA,EL CARMEN,5,1682,1818,,,136,9,9,0,0,100,2026-10-06T14:12:02-05:00,2026-10-06T18:59:45+00:00,https://resultadoelectoral.onpe.gob.pe/main/elecciones-municipales
distrital,080705,HUANCAVELICA,CHURCAMPA,LA MERCED,5,546,623,,,77,3,3,0,0,100,2026-10-06T14:12:02-05:00,2026-10-06T18:59:45+00:00,https://resultadoelectoral.onpe.gob.pe/main/elecciones-municipales
distrital,080706,HUANCAVELICA,CHURCAMPA,LOCROJA,5,2023,2269,,,246,12,12,0,0,100,2026-10-06T14:12:02-05:00,2026-10-06T18:59:45+00:00,https://resultadoelectoral.onpe.gob.pe/main/elecciones-municipales
distrital,080707,HUANCAVELICA,CHURCAMPA,PAUCARBAMBA,5,3216,3495,,,279,16,16,0,0,100,2026-10-06T14:12:02-05:00,2026-10-06T18:59:45+00:00,https://resultadoelectoral.onpe.gob.pe/main/elecciones-municipales
distrital,080708,HUANCAVELICA,CHURCAMPA,SAN MIGUEL DE MAYOCC,5,758,798,,,40,4,4,0,0,100,2026-10-06T14:12:02-05:00,2026-10-06T18:59:45+00:00,https://resultadoelectoral.onpe.gob.pe/main/elecciones-municipales
distrital,080709,HUANCAVELICA,CHURCAMPA,SAN PEDRO DE CORIS,5,1256,1385,,,129,11,7,4,0,63.636,2026-10-06T14:12:02-05:00,2026-10-06T18:59:45+00:00,https://resultadoelectoral.onpe.gob.pe/main/elecciones-municipales
distrital,080710,HUANCAVELICA,CHURCAMPA,PACHAMARCA,5,1585,1682,,,97,9,9,0,0,100,2026-10-06T14:12:02-05:00,2026-10-06T18:59:45+00:00,https://resultadoelectoral.onpe.gob.pe/main/elecciones-municipales
distrital,080711,HUANCAVELICA,CHURCAMPA,COSME,5,2467,2614,,,147,12,12,0,0,100,2026-10-06T14:12:02-05:00,2026-10-06T18:59:45+00:00,https://resultadoelectoral.onpe.gob.pe/main/elecciones-municipales
distrital,090101,HUÁNUCO,HUÁNUCO,HUÁNUCO,15,42884,49297,,,6413,231,228,3,0,98.701,2026-10-06T14:12:02-05:00,2026-10-06T18:59:45+00:00,https://resultadoelectoral.onpe.gob.pe/main/elecciones-municipales
distrital,090102,HUÁNUCO,HUÁNUCO,CHINCHAO,15,7436,8757,,,1321,48,45,3,0,93.75,2026-10-06T14:12:02-05:00,2026-10-06T18:59:45+00:00,https://resultadoelectoral.onpe.gob.pe/main/elecciones-municipales
distrital,090103,HUÁNUCO,HUÁNUCO,CHURUBAMBA,15,9595,11047,,,1452,59,57,2,0,96.61,2026-10-06T14:12:02-05:00,2026-10-06T18:59:45+00:00,https://resultadoelectoral.onpe.gob.pe/main/elecciones-municipales
distrital,090104,HUÁNUCO,HUÁNUCO,MARGOS,15,4007,4346,,,339,21,21,0,0,100,2026-10-06T14:12:02-05:00,2026-10-06T18:59:45+00:00,https://resultadoelectoral.onpe.gob.pe/main/elecciones-municipales
distrital,090105,HUÁNUCO,HUÁNUCO,QUISQUI (KICHKI),15,3686,4132,,,446,19,19,0,0,100,2026-10-06T14:12:02-05:00,2026-10-06T18:59:45+00:00,https://resultadoelectoral.onpe.gob.pe/main/elecciones-municipales
distrital,090106,HUÁNUCO,HUÁNUCO,SAN FRANCISCO DE CAYRÁN,15,3818,4446,,,628,19,19,0,0,100,2026-10-06T14:12:02-05:00,2026-10-06T18:59:45+00:00,https://resultadoelectoral.onpe.gob.pe/main/elecciones-municipales
distrital,090107,HUÁNUCO,HUÁNUCO,SAN PEDRO DE CHAULÁN,15,2253,2593,,,340,15,15,0,0,100,2026-10-06T14:12:02-05:00,2026-10-06T18:59:45+00:00,https://resultadoelectoral.onpe.gob.pe/main/elecciones-municipales
distrital,090108,HUÁNUCO,HUÁNUCO,SANTA MARÍA DEL VALLE,15,11028,13176,,,2148,68,65,3,0,95.588,2026-10-06T14:12:02-05:00,2026-10-06T18:59:45+00:00,https://resultadoelectoral.onpe.gob.pe/main/elecciones-municipales
distrital,090109,HUÁNUCO,HUÁNUCO,YARUMAYO,15,1614,1811,,,197,10,9,1,0,90,2026-10-06T14:12:02-05:00,2026-10-06T18:59:45+00:00,https://resultadoelectoral.onpe.gob.pe/main/elecciones-municipales
distrital,090110,HUÁNUCO,HUÁNUCO,AMARILIS,15,43907,50133,,,6226,228,226,2,0,99.123,2026-10-06T14:12:02-05:00,2026-10-06T18:59:45+00:00,https://resultadoelectoral.onpe.gob.pe/main/elecciones-municipales
distrital,090111,HUÁNUCO,HUÁNUCO,PILLCO MARCA,15,19219,22026,,,2807,99,96,3,0,96.97,2026-10-06T14:12:02-05:00,2026-10-06T18:59:45+00:00,https://resultadoelectoral.onpe.gob.pe/main/elecciones-municipales
distrital,090112,HUÁNUCO,HUÁNUCO,YACUS,15,2130,2353,,,223,11,10,1,0,90.909,2026-10-06T14:12:02-05:00,2026-10-06T18:59:45+00:00,https://resultadoelectoral.onpe.gob.pe/main/elecciones-municipales
distrital,090113,HUÁNUCO,HUÁNUCO,SAN PABLO DE PILLAO,15,5236,5828,,,592,28,27,1,0,96.429,2026-10-06T14:12:02-05:00,2026-10-06T18:59:45+00:00,https://resultadoelectoral.onpe.gob.pe/main/elecciones-municipales
distrital,090201,HUÁNUCO,AMBO,AMBO,8,9868,11392,,,1524,52,51,1,0,98.077,2026-10-06T14:12:02-05:00,2026-10-06T18:59:45+00:00,https://resultadoelectoral.onpe.gob.pe/main/elecciones-municipales
distrital,090202,HUÁNUCO,AMBO,CAYNA,8,2199,2454,,,255,13,12,1,0,92.308,2026-10-06T14:12:02-05:00,2026-10-06T18:59:45+00:00,https://resultadoelectoral.onpe.gob.pe/main/elecciones-municipales
distrital,090203,HUÁNUCO,AMBO,COLPAS,8,1794,1963,,,169,11,11,0,0,100,2026-10-06T14:12:02-05:00,2026-10-06T18:59:45+00:00,https://resultadoelectoral.onpe.gob.pe/main/elecciones-municipales
distrital,090204,HUÁNUCO,AMBO,CONCHAMARCA,8,4048,4577,,,529,21,21,0,0,100,2026-10-06T14:12:02-05:00,2026-10-06T18:59:45+00:00,https://resultadoelectoral.onpe.gob.pe/main/elecciones-municipales
distrital,090205,HUÁNUCO,AMBO,HUACAR,8,4397,4952,,,555,24,22,2,0,91.667,2026-10-06T14:12:02-05:00,2026-10-06T18:59:45+00:00,https://resultadoelectoral.onpe.gob.pe/main/elecciones-municipales
distrital,090206,HUÁNUCO,AMBO,SAN FRANCISCO,8,1348,1456,,,108,8,7,1,0,87.5,2026-10-06T14:12:02-05:00,2026-10-06T18:59:45+00:00,https://resultadoelectoral.onpe.gob.pe/main/elecciones-municipales
distrital,090207,HUÁNUCO,AMBO,SAN RAFAEL,8,5392,6027,,,635,32,31,1,0,96.875,2026-10-06T14:12:02-05:00,2026-10-06T18:59:45+00:00,https://resultadoelectoral.onpe.gob.pe/main/elecciones-municipales
distrital,090208,HUÁNUCO,AMBO,TOMAY - KICHWA,8,2643,2889,,,246,13,13,0,0,100,2026-10-06T14:12:02-05:00,2026-10-06T18:59:45+00:00,https://resultadoelectoral.onpe.gob.pe/main/elecciones-municipales
distrital,090301,HUÁNUCO,DOS DE MAYO,LA UNIÓN,5,1998,2354,,,356,13,13,0,0,100,2026-10-06T14:12:02-05:00,2026-10-06T18:59:45+00:00,https://resultadoelectoral.onpe.gob.pe/main/elecciones-municipales
distrital,090307,HUÁNUCO,DOS DE MAYO,CHUQUIS,5,1959,2806,,,847,14,14,0,0,100,2026-10-06T14:12:02-05:00,2026-10-06T18:59:45+00:00,https://resultadoelectoral.onpe.gob.pe/main/elecciones-municipales
distrital,090312,HUÁNUCO,DOS DE MAYO,MARÍAS,5,2606,3327,,,721,21,19,2,0,90.476,2026-10-06T14:12:02-05:00,2026-10-06T18:59:45+00:00,https://resultadoelectoral.onpe.gob.pe/main/elecciones-municipales
distrital,090314,HUÁNUCO,DOS DE MAYO,PACHAS,5,3170,3593,,,423,20,19,1,0,95,2026-10-06T14:12:02-05:00,2026-10-06T18:59:45+00:00,https://resultadoelectoral.onpe.gob.pe/main/elecciones-municipales
distrital,090316,HUÁNUCO,DOS DE MAYO,QUIVILLA,5,703,820,,,117,4,4,0,0,100,2026-10-06T14:12:02-05:00,2026-10-06T18:59:45+00:00,https://resultadoelectoral.onpe.gob.pe/main/elecciones-municipales
distrital,090317,HUÁNUCO,DOS DE MAYO,RIPÁN,5,3094,3768,,,674,20,20,0,0,100,2026-10-06T14:12:02-05:00,2026-10-06T18:59:45+00:00,https://resultadoelectoral.onpe.gob.pe/main/elecciones-municipales
distrital,090321,HUÁNUCO,DOS DE MAYO,SHUNQUI,5,1050,1441,,,391,7,7,0,0,100,2026-10-06T14:12:02-05:00,2026-10-06T18:59:45+00:00,https://resultadoelectoral.onpe.gob.pe/main/elecciones-municipales
distrital,090322,HUÁNUCO,DOS DE MAYO,SILLAPATA,5,2178,2353,,,175,12,12,0,0,100,2026-10-06T14:12:02-05:00,2026-10-06T18:59:45+00:00,https://resultadoelectoral.onpe.gob.pe/main/elecciones-municipales
distrital,090323,HUÁNUCO,DOS DE MAYO,YANAS,5,1616,2246,,,630,11,11,0,0,100,2026-10-06T14:12:02-05:00,2026-10-06T18:59:45+00:00,https://resultadoelectoral.onpe.gob.pe/main/elecciones-municipales
distrital,090401,HUÁNUCO,HUAMALIES,LLATA,7,5683,6535,,,852,36,35,1,0,97.222,2026-10-06T14:12:02-05:00,2026-10-06T18:59:45+00:00,https://resultadoelectoral.onpe.gob.pe/main/elecciones-municipales
distrital,090402,HUÁNUCO,HUAMALIES,ARANCAY,7,1012,1070,,,58,7,6,1,0,85.714,2026-10-06T14:12:02-05:00,2026-10-06T18:59:45+00:00,https://resultadoelectoral.onpe.gob.pe/main/elecciones-municipales
distrital,090403,HUÁNUCO,HUAMALIES,CHAVÍN DE PARIARCA,7,2495,2794,,,299,14,14,0,0,100,2026-10-06T14:12:02-05:00,2026-10-06T18:59:45+00:00,https://resultadoelectoral.onpe.gob.pe/main/elecciones-municipales
distrital,090404,HUÁNUCO,HUAMALIES,JACAS GRANDE,7,2928,3474,,,546,19,19,0,0,100,2026-10-06T14:12:02-05:00,2026-10-06T18:59:45+00:00,https://resultadoelectoral.onpe.gob.pe/main/elecciones-municipales
distrital,090405,HUÁNUCO,HUAMALIES,JIRCÁN,7,905,1061,,,156,5,5,0,0,100,2026-10-06T14:12:02-05:00,2026-10-06T18:59:45+00:00,https://resultadoelectoral.onpe.gob.pe/main/elecciones-municipales
distrital,090406,HUÁNUCO,HUAMALIES,MIRAFLORES,7,1991,2169,,,178,11,11,0,0,100,2026-10-06T14:12:02-05:00,2026-10-06T18:59:45+00:00,https://resultadoelectoral.onpe.gob.pe/main/elecciones-municipales
distrital,090407,HUÁNUCO,HUAMALIES,MONZÓN,7,6685,7677,,,992,43,43,0,0,100,2026-10-06T14:12:02-05:00,2026-10-06T18:59:45+00:00,https://resultadoelectoral.onpe.gob.pe/main/elecciones-municipales
distrital,090408,HUÁNUCO,HUAMALIES,PUNCHAO,7,1329,1462,,,133,7,7,0,0,100,2026-10-06T14:12:02-05:00,2026-10-06T18:59:45+00:00,https://resultadoelectoral.onpe.gob.pe/main/elecciones-municipales
distrital,090409,HUÁNUCO,HUAMALIES,PUÑOS,7,2400,2799,,,399,15,14,1,0,93.333,2026-10-06T14:12:02-05:00,2026-10-06T18:59:45+00:00,https://resultadoelectoral.onpe.gob.pe/main/elecciones-municipales
distrital,090410,HUÁNUCO,HUAMALIES,SINGA,7,1471,1617,,,146,10,9,1,0,90,2026-10-06T14:12:02-05:00,2026-10-06T18:59:45+00:00,https://resultadoelectoral.onpe.gob.pe/main/elecciones-municipales
distrital,090411,HUÁNUCO,HUAMALIES,TANTAMAYO,7,1156,1348,,,192,7,7,0,0,100,2026-10-06T14:12:02-05:00,2026-10-06T18:59:45+00:00,https://resultadoelectoral.onpe.gob.pe/main/elecciones-municipales
distrital,090501,HUÁNUCO,MARAÑÓN,HUACRACHUCO,5,5710,6765,,,1055,42,41,1,0,97.619,2026-10-06T14:12:02-05:00,2026-10-06T18:59:45+00:00,https://resultadoelectoral.onpe.gob.pe/main/elecciones-municipales
distrital,090502,HUÁNUCO,MARAÑÓN,CHOLÓN,5,3373,3722,,,349,22,22,0,0,100,2026-10-06T14:12:02-05:00,2026-10-06T18:59:45+00:00,https://resultadoelectoral.onpe.gob.pe/main/elecciones-municipales
distrital,090505,HUÁNUCO,MARAÑÓN,SAN BUENAVENTURA,5,1116,1273,,,157,8,8,0,0,100,2026-10-06T14:12:02-05:00,2026-10-06T18:59:45+00:00,https://resultadoelectoral.onpe.gob.pe/main/elecciones-municipales
distrital,090506,HUÁNUCO,MARAÑÓN,LA MORADA,5,2326,2513,,,187,12,12,0,0,100,2026-10-06T14:12:02-05:00,2026-10-06T18:59:45+00:00,https://resultadoelectoral.onpe.gob.pe/main/elecciones-municipales
distrital,090507,HUÁNUCO,MARAÑÓN,SANTA ROSA DE ALTO YANAJANCA,5,1768,1996,,,228,9,9,0,0,100,2026-10-06T14:12:02-05:00,2026-10-06T18:59:45+00:00,https://resultadoelectoral.onpe.gob.pe/main/elecciones-municipales
distrital,090601,HUÁNUCO,LEONCIO PRADO,RUPA-RUPA,12,25602,29233,,,3631,148,146,2,0,98.649,2026-10-06T14:12:02-05:00,2026-10-06T18:59:45+00:00,https://resultadoelectoral.onpe.gob.pe/main/elecciones-municipales
distrital,090602,HUÁNUCO,LEONCIO PRADO,DANIEL ALOMÍA ROBLES,12,4405,4971,,,566,23,23,0,0,100,2026-10-06T14:12:02-05:00,2026-10-06T18:59:45+00:00,https://resultadoelectoral.onpe.gob.pe/main/elecciones-municipales
distrital,090603,HUÁNUCO,LEONCIO PRADO,HERMILIO VALDIZÁN,12,2537,2794,,,257,13,13,0,0,100,2026-10-06T14:12:02-05:00,2026-10-06T18:59:45+00:00,https://resultadoelectoral.onpe.gob.pe/main/elecciones-municipales
distrital,090604,HUÁNUCO,LEONCIO PRADO,LUYANDO,12,6461,7202,,,741,34,33,1,0,97.059,2026-10-06T14:12:02-05:00,2026-10-06T18:59:45+00:00,https://resultadoelectoral.onpe.gob.pe/main/elecciones-municipales
distrital,090605,HUÁNUCO,LEONCIO PRADO,MARIANO DÁMASO BERAÚN,12,6260,7422,,,1162,38,37,1,0,97.368,2026-10-06T14:12:02-05:00,2026-10-06T18:59:45+00:00,https://resultadoelectoral.onpe.gob.pe/main/elecciones-municipales
distrital,090606,HUÁNUCO,LEONCIO PRADO,JOSÉ CRESPO Y CASTILLO,12,11326,13019,,,1693,67,65,2,0,97.015,2026-10-06T14:12:02-05:00,2026-10-06T18:59:45+00:00,https://resultadoelectoral.onpe.gob.pe/main/elecciones-municipales
distrital,090607,HUÁNUCO,LEONCIO PRADO,PUCAYACU,12,2279,2555,,,276,12,12,0,0,100,2026-10-06T14:12:02-05:00,2026-10-06T18:59:45+00:00,https://resultadoelectoral.onpe.gob.pe/main/elecciones-municipales
distrital,090608,HUÁNUCO,LEONCIO PRADO,CASTILLO GRANDE,12,5815,6499,,,684,28,28,0,0,100,2026-10-06T14:12:02-05:00,2026-10-06T18:59:45+00:00,https://resultadoelectoral.onpe.gob.pe/main/elecciones-municipales
distrital,090609,HUÁNUCO,LEONCIO PRADO,PUEBLO NUEVO,12,2293,2745,,,452,13,12,1,0,92.308,2026-10-06T14:12:02-05:00,2026-10-06T18:59:45+00:00,https://resultadoelectoral.onpe.gob.pe/main/elecciones-municipales
distrital,090610,HUÁNUCO,LEONCIO PRADO,SANTO DOMINGO DE ANDA,12,1890,2131,,,241,10,10,0,0,100,2026-10-06T14:12:02-05:00,2026-10-06T18:59:45+00:00,https://resultadoelectoral.onpe.gob.pe/main/elecciones-municipales
distrital,090701,HUÁNUCO,PACHITEA,PANAO,9,9164,10129,,,965,56,55,1,0,98.214,2026-10-06T14:12:02-05:00,2026-10-06T18:59:45+00:00,https://resultadoelectoral.onpe.gob.pe/main/elecciones-municipales
distrital,090702,HUÁNUCO,PACHITEA,CHAGLLA,9,6113,6728,,,615,35,35,0,0,100,2026-10-06T14:12:02-05:00,2026-10-06T18:59:45+00:00,https://resultadoelectoral.onpe.gob.pe/main/elecciones-municipales
distrital,090704,HUÁNUCO,PACHITEA,MOLINO,9,6833,7309,,,476,37,36,1,0,97.297,2026-10-06T14:12:02-05:00,2026-10-06T18:59:45+00:00,https://resultadoelectoral.onpe.gob.pe/main/elecciones-municipales
distrital,090706,HUÁNUCO,PACHITEA,UMARI,9,5891,6403,,,512,35,34,1,0,97.143,2026-10-06T14:12:02-05:00,2026-10-06T18:59:45+00:00,https://resultadoelectoral.onpe.gob.pe/main/elecciones-municipales
distrital,090801,HUÁNUCO,PUERTO INCA,HONORIA,8,2742,3506,,,764,19,19,0,0,100,2026-10-06T14:12:02-05:00,2026-10-06T18:59:45+00:00,https://resultadoelectoral.onpe.gob.pe/main/elecciones-municipales
distrital,090802,HUÁNUCO,PUERTO INCA,PUERTO INCA,8,5102,6117,,,1015,38,38,0,0,100,2026-10-06T14:12:02-05:00,2026-10-06T18:59:45+00:00,https://resultadoelectoral.onpe.gob.pe/main/elecciones-municipales
distrital,090803,HUÁNUCO,PUERTO INCA,CODO DEL POZUZO,8,2566,3544,,,978,23,19,4,0,82.609,2026-10-06T14:12:02-05:00,2026-10-06T18:59:45+00:00,https://resultadoelectoral.onpe.gob.pe/main/elecciones-municipales
distrital,090804,HUÁNUCO,PUERTO INCA,TOURNAVISTA,8,2745,3199,,,454,19,18,1,0,94.737,2026-10-06T14:12:02-05:00,2026-10-06T18:59:45+00:00,https://resultadoelectoral.onpe.gob.pe/main/elecciones-municipales
distrital,090805,HUÁNUCO,PUERTO INCA,YUYAPICHIS,8,2626,2991,,,365,19,17,2,0,89.474,2026-10-06T14:12:02-05:00,2026-10-06T18:59:45+00:00,https://resultadoelectoral.onpe.gob.pe/main/elecciones-municipales
distrital,090901,HUÁNUCO,HUACAYBAMBA,HUACAYBAMBA,5,2053,2494,,,441,16,16,0,0,100,2026-10-06T14:12:02-05:00,2026-10-06T18:59:45+00:00,https://resultadoelectoral.onpe.gob.pe/main/elecciones-municipales
distrital,090902,HUÁNUCO,HUACAYBAMBA,PINRA,5,2981,3397,,,416,19,19,0,0,100,2026-10-06T14:12:02-05:00,2026-10-06T18:59:45+00:00,https://resultadoelectoral.onpe.gob.pe/main/elecciones-municipales
distrital,090903,HUÁNUCO,HUACAYBAMBA,CANCHABAMBA,5,1515,1765,,,250,12,12,0,0,100,2026-10-06T14:12:02-05:00,2026-10-06T18:59:45+00:00,https://resultadoelectoral.onpe.gob.pe/main/elecciones-municipales
distrital,090904,HUÁNUCO,HUACAYBAMBA,COCHABAMBA,5,799,970,,,171,7,6,1,0,85.714,2026-10-06T14:12:02-05:00,2026-10-06T18:59:45+00:00,https://resultadoelectoral.onpe.gob.pe/main/elecciones-municipales
distrital,091001,HUÁNUCO,LAURICOCHA,JESÚS,9,2312,2625,,,313,14,14,0,0,100,2026-10-06T14:12:02-05:00,2026-10-06T18:59:45+00:00,https://resultadoelectoral.onpe.gob.pe/main/elecciones-municipales
distrital,091002,HUÁNUCO,LAURICOCHA,BAÑOS,9,1550,1694,,,144,9,9,0,0,100,2026-10-06T14:12:02-05:00,2026-10-06T18:59:45+00:00,https://resultadoelectoral.onpe.gob.pe/main/elecciones-municipales
distrital,091003,HUÁNUCO,LAURICOCHA,SAN FRANCISCO DE ASÍS,9,1503,1612,,,109,11,8,0,3,72.727,2026-10-06T14:12:02-05:00,2026-10-06T18:59:45+00:00,https://resultadoelectoral.onpe.gob.pe/main/elecciones-municipales
distrital,091004,HUÁNUCO,LAURICOCHA,QUEROPALCA,9,670,707,,,37,3,3,0,0,100,2026-10-06T14:16:02-05:00,2026-10-06T18:59:45+00:00,https://resultadoelectoral.onpe.gob.pe/main/elecciones-municipales
distrital,091005,HUÁNUCO,LAURICOCHA,SAN MIGUEL DE CAURI,9,304,352,,,48,18,2,0,16,11.111,2026-10-06T14:16:02-05:00,2026-10-06T18:59:45+00:00,https://resultadoelectoral.onpe.gob.pe/main/elecciones-municipales
distrital,091006,HUÁNUCO,LAURICOCHA,RONDOS,9,3141,3348,,,207,17,17,0,0,100,2026-10-06T14:16:02-05:00,2026-10-06T18:59:45+00:00,https://resultadoelectoral.onpe.gob.pe/main/elecciones-municipales
distrital,091007,HUÁNUCO,LAURICOCHA,JIVIA,9,1386,1466,,,80,7,7,0,0,100,2026-10-06T14:16:02-05:00,2026-10-06T18:59:45+00:00,https://resultadoelectoral.onpe.gob.pe/main/elecciones-municipales
distrital,091101,HUÁNUCO,YAROWILCA,CHAVINILLO,6,2611,3070,,,459,20,16,0,4,80,2026-10-06T14:16:02-05:00,2026-10-06T18:59:45+00:00,https://resultadoelectoral.onpe.gob.pe/main/elecciones-municipales
distrital,091102,HUÁNUCO,YAROWILCA,APARICIO POMARES,6,3490,4403,,,913,20,20,0,0,100,2026-10-06T14:16:02-05:00,2026-10-06T18:59:45+00:00,https://resultadoelectoral.onpe.gob.pe/main/elecciones-municipales
distrital,091103,HUÁNUCO,YAROWILCA,CAHUAC,6,1299,1478,,,179,8,7,1,0,87.5,2026-10-06T14:16:02-05:00,2026-10-06T18:59:45+00:00,https://resultadoelectoral.onpe.gob.pe/main/elecciones-municipales
distrital,091104,HUÁNUCO,YAROWILCA,CHACABAMBA,6,411,547,,,136,10,3,0,7,30,2026-10-06T14:12:02-05:00,2026-10-06T18:59:45+00:00,https://resultadoelectoral.onpe.gob.pe/main/elecciones-municipales
distrital,091105,HUÁNUCO,YAROWILCA,JACAS CHICO,6,971,1141,,,170,8,5,1,2,62.5,2026-10-06T14:12:02-05:00,2026-10-06T18:59:45+00:00,https://resultadoelectoral.onpe.gob.pe/main/elecciones-municipales
distrital,091106,HUÁNUCO,YAROWILCA,OBAS,6,3062,3464,,,402,23,21,1,1,91.304,2026-10-06T14:16:02-05:00,2026-10-06T18:59:45+00:00,https://resultadoelectoral.onpe.gob.pe/main/elecciones-municipales
distrital,091107,HUÁNUCO,YAROWILCA,PAMPAMARCA,6,1239,1416,,,177,8,7,1,0,87.5,2026-10-06T14:16:02-05:00,2026-10-06T18:59:45+00:00,https://resultadoelectoral.onpe.gob.pe/main/elecciones-municipales
distrital,091108,HUÁNUCO,YAROWILCA,CHORAS,6,2532,2776,,,244,14,14,0,0,100,2026-10-06T14:16:02-05:00,2026-10-06T18:59:45+00:00,https://resultadoelectoral.onpe.gob.pe/main/elecciones-municipales
distrital,100101,ICA,ICA,ICA,13,95537,106608,,,11071,479,467,12,0,97.495,2026-10-06T14:12:02-05:00,2026-10-06T18:59:45+00:00,https://resultadoelectoral.onpe.gob.pe/main/elecciones-municipales
distrital,100102,ICA,ICA,LA TINGUIÑA,13,22159,24844,,,2685,104,102,2,0,98.077,2026-10-06T14:12:02-05:00,2026-10-06T18:59:45+00:00,https://resultadoelectoral.onpe.gob.pe/main/elecciones-municipales
distrital,100103,ICA,ICA,LOS AQUIJES,13,10576,12019,,,1443,50,49,1,0,98,2026-10-06T14:12:02-05:00,2026-10-06T18:59:45+00:00,https://resultadoelectoral.onpe.gob.pe/main/elecciones-municipales
distrital,100104,ICA,ICA,PARCONA,13,26508,29464,,,2956,134,124,10,0,92.537,2026-10-06T14:12:02-05:00,2026-10-06T18:59:45+00:00,https://resultadoelectoral.onpe.gob.pe/main/elecciones-municipales
distrital,100105,ICA,ICA,PUEBLO NUEVO,13,3991,4291,,,300,17,17,0,0,100,2026-10-06T14:16:02-05:00,2026-10-06T18:59:45+00:00,https://resultadoelectoral.onpe.gob.pe/main/elecciones-municipales
distrital,100106,ICA,ICA,SALAS,13,14421,15814,,,1393,70,65,5,0,92.857,2026-10-06T14:12:02-05:00,2026-10-06T18:59:45+00:00,https://resultadoelectoral.onpe.gob.pe/main/elecciones-municipales
distrital,100107,ICA,ICA,SAN JOSÉ DE LOS MOLINOS,13,4723,5132,,,409,22,21,1,0,95.455,2026-10-06T14:12:02-05:00,2026-10-06T18:59:45+00:00,https://resultadoelectoral.onpe.gob.pe/main/elecciones-municipales
distrital,100108,ICA,ICA,SAN JUAN BAUTISTA,13,5382,5730,,,348,23,23,0,0,100,2026-10-06T14:12:02-05:00,2026-10-06T18:59:45+00:00,https://resultadoelectoral.onpe.gob.pe/main/elecciones-municipales
distrital,100109,ICA,ICA,SANTIAGO,13,14525,17000,,,2475,71,69,2,0,97.183,2026-10-06T14:12:02-05:00,2026-10-06T18:59:45+00:00,https://resultadoelectoral.onpe.gob.pe/main/elecciones-municipales
distrital,100110,ICA,ICA,SUBTANJALLA,13,15817,17433,,,1616,75,72,3,0,96,2026-10-06T14:16:02-05:00,2026-10-06T18:59:45+00:00,https://resultadoelectoral.onpe.gob.pe/main/elecciones-municipales
distrital,100111,ICA,ICA,YAUCA DEL ROSARIO,13,2506,2753,,,247,12,12,0,0,100,2026-10-06T14:12:02-05:00,2026-10-06T18:59:45+00:00,https://resultadoelectoral.onpe.gob.pe/main/elecciones-municipales
distrital,100112,ICA,ICA,TATE,13,3559,3953,,,394,16,16,0,0,100,2026-10-06T14:12:02-05:00,2026-10-06T18:59:45+00:00,https://resultadoelectoral.onpe.gob.pe/main/elecciones-municipales
distrital,100113,ICA,ICA,PACHACUTEC,13,4884,5387,,,503,21,21,0,0,100,2026-10-06T14:16:02-05:00,2026-10-06T18:59:45+00:00,https://resultadoelectoral.onpe.gob.pe/main/elecciones-municipales
distrital,100114,ICA,ICA,OCUCAJE,13,3365,3726,,,361,16,15,1,0,93.75,2026-10-06T14:16:02-05:00,2026-10-06T18:59:45+00:00,https://resultadoelectoral.onpe.gob.pe/main/elecciones-municipales
distrital,100201,ICA,CHINCHA,CHINCHA ALTA,12,44444,50251,,,5807,215,211,4,0,98.14,2026-10-06T14:12:02-05:00,2026-10-06T18:59:45+00:00,https://resultadoelectoral.onpe.gob.pe/main/elecciones-municipales
distrital,100202,ICA,CHINCHA,CHAVÍN,12,3576,3891,,,315,16,16,0,0,100,2026-10-06T14:12:02-05:00,2026-10-06T18:59:45+00:00,https://resultadoelectoral.onpe.gob.pe/main/elecciones-municipales
distrital,100203,ICA,CHINCHA,CHINCHA BAJA,12,8675,9545,,,870,39,38,1,0,97.436,2026-10-06T14:12:02-05:00,2026-10-06T18:59:45+00:00,https://resultadoelectoral.onpe.gob.pe/main/elecciones-municipales
distrital,100204,ICA,CHINCHA,EL CARMEN,12,8175,9084,,,909,37,36,1,0,97.297,2026-10-06T14:12:02-05:00,2026-10-06T18:59:45+00:00,https://resultadoelectoral.onpe.gob.pe/main/elecciones-municipales
distrital,100205,ICA,CHINCHA,GROCIO PRADO,12,14352,15730,,,1378,68,61,7,0,89.706,2026-10-06T14:12:02-05:00,2026-10-06T18:59:45+00:00,https://resultadoelectoral.onpe.gob.pe/main/elecciones-municipales
distrital,100206,ICA,CHINCHA,SAN PEDRO DE HUACARPANA,12,1173,1257,,,84,7,7,0,0,100,2026-10-06T14:12:02-05:00,2026-10-06T18:59:45+00:00,https://resultadoelectoral.onpe.gob.pe/main/elecciones-municipales
distrital,100207,ICA,CHINCHA,SUNAMPE,12,14777,17468,,,2691,72,69,3,0,95.833,2026-10-06T14:12:02-05:00,2026-10-06T18:59:45+00:00,https://resultadoelectoral.onpe.gob.pe/main/elecciones-municipales
distrital,100208,ICA,CHINCHA,TAMBO DE MORA,12,3415,3658,,,243,15,15,0,0,100,2026-10-06T14:12:02-05:00,2026-10-06T18:59:45+00:00,https://resultadoelectoral.onpe.gob.pe/main/elecciones-municipales
distrital,100209,ICA,CHINCHA,ALTO LARAN,12,4833,5278,,,445,23,21,2,0,91.304,2026-10-06T14:12:02-05:00,2026-10-06T18:59:45+00:00,https://resultadoelectoral.onpe.gob.pe/main/elecciones-municipales
distrital,100210,ICA,CHINCHA,PUEBLO NUEVO,12,29483,32566,,,3083,139,135,4,0,97.122,2026-10-06T14:12:02-05:00,2026-10-06T18:59:45+00:00,https://resultadoelectoral.onpe.gob.pe/main/elecciones-municipales
distrital,100211,ICA,CHINCHA,SAN JUAN DE YANAC,12,894,992,,,98,6,5,1,0,83.333,2026-10-06T14:12:02-05:00,2026-10-06T18:59:45+00:00,https://resultadoelectoral.onpe.gob.pe/main/elecciones-municipales
distrital,100301,ICA,NASCA,NASCA,8,15721,17721,,,2000,85,80,5,0,94.118,2026-10-06T14:12:02-05:00,2026-10-06T18:59:45+00:00,https://resultadoelectoral.onpe.gob.pe/main/elecciones-municipales
distrital,100302,ICA,NASCA,CHANGUILLO,8,1466,2045,,,579,9,9,0,0,100,2026-10-06T14:12:02-05:00,2026-10-06T18:59:45+00:00,https://resultadoelectoral.onpe.gob.pe/main/elecciones-municipales
distrital,100303,ICA,NASCA,EL INGENIO,8,1967,2578,,,611,11,11,0,0,100,2026-10-06T14:12:02-05:00,2026-10-06T18:59:45+00:00,https://resultadoelectoral.onpe.gob.pe/main/elecciones-municipales
distrital,100304,ICA,NASCA,MARCONA,8,8351,11050,,,2699,51,49,2,0,96.078,2026-10-06T14:16:02-05:00,2026-10-06T18:59:45+00:00,https://resultadoelectoral.onpe.gob.pe/main/elecciones-municipales
distrital,100305,ICA,NASCA,VISTA ALEGRE,8,10402,13392,,,2990,60,58,2,0,96.667,2026-10-06T14:16:02-05:00,2026-10-06T18:59:45+00:00,https://resultadoelectoral.onpe.gob.pe/main/elecciones-municipales
distrital,100401,ICA,PISCO,PISCO,12,38730,42505,,,3775,183,180,3,0,98.361,2026-10-06T14:12:02-05:00,2026-10-06T18:59:45+00:00,https://resultadoelectoral.onpe.gob.pe/main/elecciones-municipales
distrital,100402,ICA,PISCO,HUANCANO,12,1679,1808,,,129,8,8,0,0,100,2026-10-06T14:12:02-05:00,2026-10-06T18:59:45+00:00,https://resultadoelectoral.onpe.gob.pe/main/elecciones-municipales
distrital,100403,ICA,PISCO,HUMAY,12,3819,4115,,,296,20,17,3,0,85,2026-10-06T14:12:02-05:00,2026-10-06T18:59:45+00:00,https://resultadoelectoral.onpe.gob.pe/main/elecciones-municipales
distrital,100404,ICA,PISCO,INDEPENDENCIA,12,7840,8555,,,715,37,35,2,0,94.595,2026-10-06T14:16:02-05:00,2026-10-06T18:59:45+00:00,https://resultadoelectoral.onpe.gob.pe/main/elecciones-municipales
distrital,100405,ICA,PISCO,PARACAS,12,4888,5224,,,336,23,21,2,0,91.304,2026-10-06T14:12:02-05:00,2026-10-06T18:59:45+00:00,https://resultadoelectoral.onpe.gob.pe/main/elecciones-municipales
distrital,100406,ICA,PISCO,SAN ANDRÉS,12,9644,10449,,,805,48,44,4,0,91.667,2026-10-06T14:16:02-05:00,2026-10-06T18:59:45+00:00,https://resultadoelectoral.onpe.gob.pe/main/elecciones-municipales
distrital,100407,ICA,PISCO,SAN CLEMENTE,12,13847,15245,,,1398,62,61,1,0,98.387,2026-10-06T14:12:02-05:00,2026-10-06T18:59:45+00:00,https://resultadoelectoral.onpe.gob.pe/main/elecciones-municipales
distrital,100408,ICA,PISCO,TUPAC AMARU INCA,12,9719,10847,,,1128,44,44,0,0,100,2026-10-06T14:12:02-05:00,2026-10-06T18:59:45+00:00,https://resultadoelectoral.onpe.gob.pe/main/elecciones-municipales
distrital,100501,ICA,PALPA,PALPA,9,4767,5223,,,456,24,24,0,0,100,2026-10-06T14:12:02-05:00,2026-10-06T18:59:45+00:00,https://resultadoelectoral.onpe.gob.pe/main/elecciones-municipales
distrital,100502,ICA,PALPA,LLIPATA,9,1201,1314,,,113,6,6,0,0,100,2026-10-06T14:16:02-05:00,2026-10-06T18:59:45+00:00,https://resultadoelectoral.onpe.gob.pe/main/elecciones-municipales
distrital,100503,ICA,PALPA,RÍO GRANDE,9,1994,2143,,,149,9,9,0,0,100,2026-10-06T14:12:02-05:00,2026-10-06T18:59:45+00:00,https://resultadoelectoral.onpe.gob.pe/main/elecciones-municipales
distrital,100504,ICA,PALPA,SANTA CRUZ,9,1024,1169,,,145,5,5,0,0,100,2026-10-06T14:12:02-05:00,2026-10-06T18:59:45+00:00,https://resultadoelectoral.onpe.gob.pe/main/elecciones-municipales
distrital,100505,ICA,PALPA,TIBILLO,9,409,435,,,26,2,2,0,0,100,2026-10-06T14:12:02-05:00,2026-10-06T18:59:45+00:00,https://resultadoelectoral.onpe.gob.pe/main/elecciones-municipales
distrital,110101,JUNÍN,HUANCAYO,HUANCAYO,10,71343,81291,,,9948,366,362,4,0,98.907,2026-10-06T14:12:02-05:00,2026-10-06T18:59:45+00:00,https://resultadoelectoral.onpe.gob.pe/main/elecciones-municipales
distrital,110103,JUNÍN,HUANCAYO,CARHUACALLANGA,10,389,429,,,40,2,2,0,0,100,2026-10-06T14:16:02-05:00,2026-10-06T18:59:45+00:00,https://resultadoelectoral.onpe.gob.pe/main/elecciones-municipales
distrital,110104,JUNÍN,HUANCAYO,COLCA,10,681,802,,,121,4,4,0,0,100,2026-10-06T14:16:02-05:00,2026-10-06T18:59:45+00:00,https://resultadoelectoral.onpe.gob.pe/main/elecciones-municipales
distrital,110105,JUNÍN,HUANCAYO,CULLHUAS,10,1624,1869,,,245,8,8,0,0,100,2026-10-06T14:16:02-05:00,2026-10-06T18:59:45+00:00,https://resultadoelectoral.onpe.gob.pe/main/elecciones-municipales
distrital,110106,JUNÍN,HUANCAYO,CHACAPAMPA,10,410,457,,,47,4,3,1,0,75,2026-10-06T14:16:02-05:00,2026-10-06T18:59:45+00:00,https://resultadoelectoral.onpe.gob.pe/main/elecciones-municipales
distrital,110107,JUNÍN,HUANCAYO,CHICCHE,10,602,661,,,59,4,4,0,0,100,2026-10-06T14:16:02-05:00,2026-10-06T18:59:45+00:00,https://resultadoelectoral.onpe.gob.pe/main/elecciones-municipales
distrital,110108,JUNÍN,HUANCAYO,CHILCA,10,49753,55633,,,5880,246,243,3,0,98.78,2026-10-06T14:12:02-05:00,2026-10-06T18:59:45+00:00,https://resultadoelectoral.onpe.gob.pe/main/elecciones-municipales
distrital,110109,JUNÍN,HUANCAYO,CHONGOS ALTO,10,794,913,,,119,5,5,0,0,100,2026-10-06T14:16:02-05:00,2026-10-06T18:59:45+00:00,https://resultadoelectoral.onpe.gob.pe/main/elecciones-municipales
distrital,110112,JUNÍN,HUANCAYO,CHUPURO,10,1501,1682,,,181,8,8,0,0,100,2026-10-06T14:16:02-05:00,2026-10-06T18:59:45+00:00,https://resultadoelectoral.onpe.gob.pe/main/elecciones-municipales
distrital,110113,JUNÍN,HUANCAYO,EL TAMBO,10,93811,107395,,,13584,472,470,2,0,99.576,2026-10-06T14:12:02-05:00,2026-10-06T18:59:45+00:00,https://resultadoelectoral.onpe.gob.pe/main/elecciones-municipales
distrital,110114,JUNÍN,HUANCAYO,HUACRAPUQUIO,10,1011,1113,,,102,5,5,0,0,100,2026-10-06T14:16:02-05:00,2026-10-06T18:59:45+00:00,https://resultadoelectoral.onpe.gob.pe/main/elecciones-municipales
distrital,110116,JUNÍN,HUANCAYO,HUALHUAS,10,3342,3736,,,394,17,17,0,0,100,2026-10-06T14:16:02-05:00,2026-10-06T18:59:45+00:00,https://resultadoelectoral.onpe.gob.pe/main/elecciones-municipales
distrital,110118,JUNÍN,HUANCAYO,HUANCAN,10,11640,12834,,,1194,54,54,0,0,100,2026-10-06T14:16:02-05:00,2026-10-06T18:59:45+00:00,https://resultadoelectoral.onpe.gob.pe/main/elecciones-municipales
distrital,110119,JUNÍN,HUANCAYO,HUASICANCHA,10,282,321,,,39,3,2,1,0,66.667,2026-10-06T14:16:02-05:00,2026-10-06T18:59:45+00:00,https://resultadoelectoral.onpe.gob.pe/main/elecciones-municipales
distrital,110120,JUNÍN,HUANCAYO,HUAYUCACHI,10,6358,7046,,,688,32,32,0,0,100,2026-10-06T14:16:02-05:00,2026-10-06T18:59:45+00:00,https://resultadoelectoral.onpe.gob.pe/main/elecciones-municipales
distrital,110121,JUNÍN,HUANCAYO,INGENIO,10,1510,1699,,,189,8,8,0,0,100,2026-10-06T14:16:02-05:00,2026-10-06T18:59:45+00:00,https://resultadoelectoral.onpe.gob.pe/main/elecciones-municipales
distrital,110122,JUNÍN,HUANCAYO,PARIAHUANCA,10,3341,3762,,,421,24,23,1,0,95.833,2026-10-06T14:12:02-05:00,2026-10-06T18:59:45+00:00,https://resultadoelectoral.onpe.gob.pe/main/elecciones-municipales
distrital,110123,JUNÍN,HUANCAYO,PILCOMAYO,10,12384,13857,,,1473,60,60,0,0,100,2026-10-06T14:12:02-05:00,2026-10-06T18:59:45+00:00,https://resultadoelectoral.onpe.gob.pe/main/elecciones-municipales
distrital,110124,JUNÍN,HUANCAYO,PUCARA,10,3310,3906,,,596,18,18,0,0,100,2026-10-06T14:16:02-05:00,2026-10-06T18:59:45+00:00,https://resultadoelectoral.onpe.gob.pe/main/elecciones-municipales
distrital,110125,JUNÍN,HUANCAYO,QUICHUAY,10,1145,1275,,,130,6,6,0,0,100,2026-10-06T14:16:02-05:00,2026-10-06T18:59:45+00:00,https://resultadoelectoral.onpe.gob.pe/main/elecciones-municipales
distrital,110126,JUNÍN,HUANCAYO,QUILCAS,10,2628,3137,,,509,14,14,0,0,100,2026-10-06T14:16:02-05:00,2026-10-06T18:59:45+00:00,https://resultadoelectoral.onpe.gob.pe/main/elecciones-municipales
distrital,110127,JUNÍN,HUANCAYO,SAN AGUSTÍN,10,8772,9889,,,1117,44,43,1,0,97.727,2026-10-06T14:16:02-05:00,2026-10-06T18:59:45+00:00,https://resultadoelectoral.onpe.gob.pe/main/elecciones-municipales
distrital,110128,JUNÍN,HUANCAYO,SAN JERÓNIMO DE TUNÁN,10,7429,8330,,,901,36,36,0,0,100,2026-10-06T14:16:02-05:00,2026-10-06T18:59:45+00:00,https://resultadoelectoral.onpe.gob.pe/main/elecciones-municipales
distrital,110131,JUNÍN,HUANCAYO,SANTO DOMINGO DE ACOBAMBA,10,2682,2948,,,266,20,19,1,0,95,2026-10-06T14:16:02-05:00,2026-10-06T18:59:45+00:00,https://resultadoelectoral.onpe.gob.pe/main/elecciones-municipales
distrital,110132,JUNÍN,HUANCAYO,SAÑO,10,3490,3952,,,462,17,17,0,0,100,2026-10-06T14:16:02-05:00,2026-10-06T18:59:45+00:00,https://resultadoelectoral.onpe.gob.pe/main/elecciones-municipales
distrital,110133,JUNÍN,HUANCAYO,SAPALLANGA,10,13279,15065,,,1786,67,67,0,0,100,2026-10-06T14:16:02-05:00,2026-10-06T18:59:45+00:00,https://resultadoelectoral.onpe.gob.pe/main/elecciones-municipales
distrital,110134,JUNÍN,HUANCAYO,SICAYA,10,5519,7241,,,1722,31,31,0,0,100,2026-10-06T14:16:02-05:00,2026-10-06T18:59:45+00:00,https://resultadoelectoral.onpe.gob.pe/main/elecciones-municipales
distrital,110136,JUNÍN,HUANCAYO,VIQUES,10,1642,1773,,,131,8,8,0,0,100,2026-10-06T14:16:02-05:00,2026-10-06T18:59:45+00:00,https://resultadoelectoral.onpe.gob.pe/main/elecciones-municipales
distrital,110201,JUNÍN,CONCEPCIÓN,CONCEPCIÓN,7,9232,10277,,,1045,45,45,0,0,100,2026-10-06T14:12:02-05:00,2026-10-06T18:59:45+00:00,https://resultadoelectoral.onpe.gob.pe/main/elecciones-municipales
distrital,110202,JUNÍN,CONCEPCIÓN,ACO,7,983,1149,,,166,6,6,0,0,100,2026-10-06T14:16:02-05:00,2026-10-06T18:59:45+00:00,https://resultadoelectoral.onpe.gob.pe/main/elecciones-municipales
distrital,110203,JUNÍN,CONCEPCIÓN,ANDAMARCA,7,1801,2232,,,431,14,12,2,0,85.714,2026-10-06T14:16:02-05:00,2026-10-06T18:59:45+00:00,https://resultadoelectoral.onpe.gob.pe/main/elecciones-municipales
distrital,110204,JUNÍN,CONCEPCIÓN,COMAS,7,3721,4114,,,393,22,22,0,0,100,2026-10-06T14:12:02-05:00,2026-10-06T18:59:45+00:00,https://resultadoelectoral.onpe.gob.pe/main/elecciones-municipales
distrital,110205,JUNÍN,CONCEPCIÓN,COCHAS,7,1054,1133,,,79,6,6,0,0,100,2026-10-06T14:12:02-05:00,2026-10-06T18:59:45+00:00,https://resultadoelectoral.onpe.gob.pe/main/elecciones-municipales
distrital,110206,JUNÍN,CONCEPCIÓN,CHAMBARA,7,1812,1977,,,165,9,9,0,0,100,2026-10-06T14:16:02-05:00,2026-10-06T18:59:45+00:00,https://resultadoelectoral.onpe.gob.pe/main/elecciones-municipales
distrital,110207,JUNÍN,CONCEPCIÓN,HEROÍNAS TOLEDO,7,862,928,,,66,4,4,0,0,100,2026-10-06T14:12:02-05:00,2026-10-06T18:59:45+00:00,https://resultadoelectoral.onpe.gob.pe/main/elecciones-municipales
distrital,110208,JUNÍN,CONCEPCIÓN,MANZANARES,7,1061,1129,,,68,5,5,0,0,100,2026-10-06T14:12:02-05:00,2026-10-06T18:59:45+00:00,https://resultadoelectoral.onpe.gob.pe/main/elecciones-municipales
distrital,110209,JUNÍN,CONCEPCIÓN,MARISCAL CASTILLA,7,1103,1190,,,87,6,6,0,0,100,2026-10-06T14:12:02-05:00,2026-10-06T18:59:45+00:00,https://resultadoelectoral.onpe.gob.pe/main/elecciones-municipales
distrital,110210,JUNÍN,CONCEPCIÓN,MATAHUASI,7,2905,3363,,,458,16,15,1,0,93.75,2026-10-06T14:12:02-05:00,2026-10-06T18:59:45+00:00,https://resultadoelectoral.onpe.gob.pe/main/elecciones-municipales
distrital,110211,JUNÍN,CONCEPCIÓN,MITO,7,944,1035,,,91,5,5,0,0,100,2026-10-06T14:12:02-05:00,2026-10-06T18:59:45+00:00,https://resultadoelectoral.onpe.gob.pe/main/elecciones-municipales
distrital,110212,JUNÍN,CONCEPCIÓN,NUEVE DE JULIO,7,1262,1473,,,211,7,7,0,0,100,2026-10-06T14:16:02-05:00,2026-10-06T18:59:45+00:00,https://resultadoelectoral.onpe.gob.pe/main/elecciones-municipales
distrital,110213,JUNÍN,CONCEPCIÓN,ORCOTUNA,7,2964,3312,,,348,15,15,0,0,100,2026-10-06T14:16:02-05:00,2026-10-06T18:59:45+00:00,https://resultadoelectoral.onpe.gob.pe/main/elecciones-municipales
distrital,110214,JUNÍN,CONCEPCIÓN,SANTA ROSA DE OCOPA,7,1206,1365,,,159,7,7,0,0,100,2026-10-06T14:16:02-05:00,2026-10-06T18:59:45+00:00,https://resultadoelectoral.onpe.gob.pe/main/elecciones-municipales
distrital,110215,JUNÍN,CONCEPCIÓN,SAN JOSÉ DE QUERO,7,3119,3496,,,377,18,18,0,0,100,2026-10-06T14:16:02-05:00,2026-10-06T18:59:45+00:00,https://resultadoelectoral.onpe.gob.pe/main/elecciones-municipales
distrital,110301,JUNÍN,JAUJA,JAUJA,6,8780,9799,,,1019,44,44,0,0,100,2026-10-06T14:12:02-05:00,2026-10-06T18:59:45+00:00,https://resultadoelectoral.onpe.gob.pe/main/elecciones-municipales
distrital,110302,JUNÍN,JAUJA,ACOLLA,6,3214,3920,,,706,20,20,0,0,100,2026-10-06T14:16:02-05:00,2026-10-06T18:59:45+00:00,https://resultadoelectoral.onpe.gob.pe/main/elecciones-municipales
distrital,110303,JUNÍN,JAUJA,APATA,6,2969,3342,,,373,16,16,0,0,100,2026-10-06T14:16:02-05:00,2026-10-06T18:59:45+00:00,https://resultadoelectoral.onpe.gob.pe/main/elecciones-municipales
distrital,110304,JUNÍN,JAUJA,ATAURA,6,843,933,,,90,4,4,0,0,100,2026-10-06T14:16:02-05:00,2026-10-06T18:59:45+00:00,https://resultadoelectoral.onpe.gob.pe/main/elecciones-municipales
distrital,110305,JUNÍN,JAUJA,CANCHAYLLO,6,882,1073,,,191,5,5,0,0,100,2026-10-06T14:16:02-05:00,2026-10-06T18:59:45+00:00,https://resultadoelectoral.onpe.gob.pe/main/elecciones-municipales
distrital,110306,JUNÍN,JAUJA,EL MANTARO,6,1496,1731,,,235,8,8,0,0,100,2026-10-06T14:16:02-05:00,2026-10-06T18:59:45+00:00,https://resultadoelectoral.onpe.gob.pe/main/elecciones-municipales
distrital,110307,JUNÍN,JAUJA,HUAMALÍ,6,1124,1229,,,105,6,6,0,0,100,2026-10-06T14:16:02-05:00,2026-10-06T18:59:45+00:00,https://resultadoelectoral.onpe.gob.pe/main/elecciones-municipales
distrital,110308,JUNÍN,JAUJA,HUARIPAMPA,6,633,758,,,125,4,4,0,0,100,2026-10-06T14:16:02-05:00,2026-10-06T18:59:45+00:00,https://resultadoelectoral.onpe.gob.pe/main/elecciones-municipales
distrital,110309,JUNÍN,JAUJA,HUERTAS,6,1518,1713,,,195,8,8,0,0,100,2026-10-06T14:16:02-05:00,2026-10-06T18:59:45+00:00,https://resultadoelectoral.onpe.gob.pe/main/elecciones-municipales
distrital,110310,JUNÍN,JAUJA,JANJAILLO,6,401,464,,,63,3,3,0,0,100,2026-10-06T14:16:02-05:00,2026-10-06T18:59:45+00:00,https://resultadoelectoral.onpe.gob.pe/main/elecciones-municipales
distrital,110311,JUNÍN,JAUJA,JULCÁN,6,586,736,,,150,4,4,0,0,100,2026-10-06T14:16:02-05:00,2026-10-06T18:59:45+00:00,https://resultadoelectoral.onpe.gob.pe/main/elecciones-municipales
distrital,110312,JUNÍN,JAUJA,LEONOR ORDOÑEZ,6,934,1124,,,190,5,5,0,0,100,2026-10-06T14:16:02-05:00,2026-10-06T18:59:45+00:00,https://resultadoelectoral.onpe.gob.pe/main/elecciones-municipales
distrital,110313,JUNÍN,JAUJA,LLOCLLAPAMPA,6,863,961,,,98,5,5,0,0,100,2026-10-06T14:16:02-05:00,2026-10-06T18:59:45+00:00,https://resultadoelectoral.onpe.gob.pe/main/elecciones-municipales
distrital,110314,JUNÍN,JAUJA,MARCO,6,788,953,,,165,6,5,1,0,83.333,2026-10-06T14:16:02-05:00,2026-10-06T18:59:45+00:00,https://resultadoelectoral.onpe.gob.pe/main/elecciones-municipales
distrital,110315,JUNÍN,JAUJA,MASMA,6,1106,1335,,,229,7,7,0,0,100,2026-10-06T14:16:02-05:00,2026-10-06T18:59:45+00:00,https://resultadoelectoral.onpe.gob.pe/main/elecciones-municipales
distrital,110316,JUNÍN,JAUJA,MOLINOS,6,1112,1252,,,140,7,7,0,0,100,2026-10-06T14:16:02-05:00,2026-10-06T18:59:45+00:00,https://resultadoelectoral.onpe.gob.pe/main/elecciones-municipales
distrital,110317,JUNÍN,JAUJA,MONOBAMBA,6,933,1119,,,186,5,5,0,0,100,2026-10-06T14:16:02-05:00,2026-10-06T18:59:45+00:00,https://resultadoelectoral.onpe.gob.pe/main/elecciones-municipales
distrital,110318,JUNÍN,JAUJA,MUQUI,6,625,702,,,77,4,4,0,0,100,2026-10-06T14:16:02-05:00,2026-10-06T18:59:45+00:00,https://resultadoelectoral.onpe.gob.pe/main/elecciones-municipales
distrital,110319,JUNÍN,JAUJA,MUQUIYAUYO,6,1389,1567,,,178,7,7,0,0,100,2026-10-06T14:16:02-05:00,2026-10-06T18:59:45+00:00,https://resultadoelectoral.onpe.gob.pe/main/elecciones-municipales
distrital,110320,JUNÍN,JAUJA,PACA,6,612,716,,,104,4,4,0,0,100,2026-10-06T14:16:02-05:00,2026-10-06T18:59:45+00:00,https://resultadoelectoral.onpe.gob.pe/main/elecciones-municipales
distrital,110321,JUNÍN,JAUJA,PACCHA,6,1096,1270,,,174,6,6,0,0,100,2026-10-06T14:16:02-05:00,2026-10-06T18:59:45+00:00,https://resultadoelectoral.onpe.gob.pe/main/elecciones-municipales
distrital,110322,JUNÍN,JAUJA,PANCAN,6,1122,1275,,,153,6,6,0,0,100,2026-10-06T14:16:02-05:00,2026-10-06T18:59:45+00:00,https://resultadoelectoral.onpe.gob.pe/main/elecciones-municipales
distrital,110323,JUNÍN,JAUJA,PARCO,6,909,1004,,,95,5,5,0,0,100,2026-10-06T14:16:02-05:00,2026-10-06T18:59:45+00:00,https://resultadoelectoral.onpe.gob.pe/main/elecciones-municipales
distrital,110324,JUNÍN,JAUJA,POMACANCHA,6,885,1020,,,135,5,5,0,0,100,2026-10-06T14:16:02-05:00,2026-10-06T18:59:45+00:00,https://resultadoelectoral.onpe.gob.pe/main/elecciones-municipales
distrital,110325,JUNÍN,JAUJA,RICRAN,6,709,865,,,156,4,4,0,0,100,2026-10-06T14:16:02-05:00,2026-10-06T18:59:45+00:00,https://resultadoelectoral.onpe.gob.pe/main/elecciones-municipales
distrital,110326,JUNÍN,JAUJA,SAN LORENZO,6,1513,1648,,,135,8,8,0,0,100,2026-10-06T14:16:02-05:00,2026-10-06T18:59:45+00:00,https://resultadoelectoral.onpe.gob.pe/main/elecciones-municipales
distrital,110327,JUNÍN,JAUJA,SAN PEDRO DE CHUNAN,6,449,494,,,45,3,3,0,0,100,2026-10-06T14:16:02-05:00,2026-10-06T18:59:45+00:00,https://resultadoelectoral.onpe.gob.pe/main/elecciones-municipales
distrital,110328,JUNÍN,JAUJA,SINCOS,6,2179,2562,,,383,12,12,0,0,100,2026-10-06T14:16:02-05:00,2026-10-06T18:59:45+00:00,https://resultadoelectoral.onpe.gob.pe/main/elecciones-municipales
distrital,110329,JUNÍN,JAUJA,TUNAN MARCA,6,625,703,,,78,4,4,0,0,100,2026-10-06T14:16:02-05:00,2026-10-06T18:59:45+00:00,https://resultadoelectoral.onpe.gob.pe/main/elecciones-municipales
distrital,110330,JUNÍN,JAUJA,YAULI,6,819,900,,,81,4,4,0,0,100,2026-10-06T14:16:02-05:00,2026-10-06T18:59:45+00:00,https://resultadoelectoral.onpe.gob.pe/main/elecciones-municipales
distrital,110331,JUNÍN,JAUJA,CURICACA,6,763,853,,,90,4,4,0,0,100,2026-10-06T14:16:02-05:00,2026-10-06T18:59:45+00:00,https://resultadoelectoral.onpe.gob.pe/main/elecciones-municipales
distrital,110332,JUNÍN,JAUJA,MASMA CHICCHE,6,508,565,,,57,3,3,0,0,100,2026-10-06T14:16:02-05:00,2026-10-06T18:59:45+00:00,https://resultadoelectoral.onpe.gob.pe/main/elecciones-municipales
distrital,110333,JUNÍN,JAUJA,SAUSA,6,1737,1899,,,162,9,9,0,0,100,2026-10-06T14:16:02-05:00,2026-10-06T18:59:45+00:00,https://resultadoelectoral.onpe.gob.pe/main/elecciones-municipales
distrital,110334,JUNÍN,JAUJA,YAUYOS,6,4893,5551,,,658,24,24,0,0,100,2026-10-06T14:16:02-05:00,2026-10-06T18:59:45+00:00,https://resultadoelectoral.onpe.gob.pe/main/elecciones-municipales
distrital,110401,JUNÍN,JUNÍN,JUNÍN,7,5479,6134,,,655,29,29,0,0,100,2026-10-06T14:16:02-05:00,2026-10-06T18:59:45+00:00,https://resultadoelectoral.onpe.gob.pe/main/elecciones-municipales
distrital,110402,JUNÍN,JUNÍN,CARHUAMAYO,7,2250,2918,,,668,14,14,0,0,100,2026-10-06T14:16:02-05:00,2026-10-06T18:59:45+00:00,https://resultadoelectoral.onpe.gob.pe/main/elecciones-municipales
distrital,110403,JUNÍN,JUNÍN,ONDORES,7,927,1073,,,146,6,6,0,0,100,2026-10-06T14:16:02-05:00,2026-10-06T18:59:45+00:00,https://resultadoelectoral.onpe.gob.pe/main/elecciones-municipales
distrital,110404,JUNÍN,JUNÍN,ULCUMAYO,7,2179,2634,,,455,15,15,0,0,100,2026-10-06T14:16:02-05:00,2026-10-06T18:59:45+00:00,https://resultadoelectoral.onpe.gob.pe/main/elecciones-municipales
distrital,110501,JUNÍN,TARMA,TARMA,6,25848,29413,,,3565,133,132,1,0,99.248,2026-10-06T14:16:02-05:00,2026-10-06T18:59:45+00:00,https://resultadoelectoral.onpe.gob.pe/main/elecciones-municipales
distrital,110502,JUNÍN,TARMA,ACOBAMBA,6,5309,6121,,,812,28,28,0,0,100,2026-10-06T14:16:02-05:00,2026-10-06T18:59:45+00:00,https://resultadoelectoral.onpe.gob.pe/main/elecciones-municipales
distrital,110503,JUNÍN,TARMA,HUARICOLCA,6,1327,1459,,,132,7,7,0,0,100,2026-10-06T14:16:02-05:00,2026-10-06T18:59:45+00:00,https://resultadoelectoral.onpe.gob.pe/main/elecciones-municipales
distrital,110504,JUNÍN,TARMA,HUASAHUASI,6,5513,6277,,,764,28,28,0,0,100,2026-10-06T14:16:02-05:00,2026-10-06T18:59:45+00:00,https://resultadoelectoral.onpe.gob.pe/main/elecciones-municipales
distrital,110505,JUNÍN,TARMA,LA UNIÓN,6,1920,2230,,,310,10,10,0,0,100,2026-10-06T14:16:02-05:00,2026-10-06T18:59:45+00:00,https://resultadoelectoral.onpe.gob.pe/main/elecciones-municipales
distrital,110506,JUNÍN,TARMA,PALCA,6,3267,3972,,,705,18,18,0,0,100,2026-10-06T14:16:02-05:00,2026-10-06T18:59:45+00:00,https://resultadoelectoral.onpe.gob.pe/main/elecciones-municipales
distrital,110507,JUNÍN,TARMA,PALCAMAYO,6,2164,2490,,,326,12,12,0,0,100,2026-10-06T14:16:02-05:00,2026-10-06T18:59:45+00:00,https://resultadoelectoral.onpe.gob.pe/main/elecciones-municipales
distrital,110508,JUNÍN,TARMA,SAN PEDRO DE CAJAS,6,1816,2120,,,304,11,11,0,0,100,2026-10-06T14:16:02-05:00,2026-10-06T18:59:45+00:00,https://resultadoelectoral.onpe.gob.pe/main/elecciones-municipales
distrital,110509,JUNÍN,TARMA,TAPO,6,2392,2651,,,259,13,13,0,0,100,2026-10-06T14:16:02-05:00,2026-10-06T18:59:45+00:00,https://resultadoelectoral.onpe.gob.pe/main/elecciones-municipales
distrital,110601,JUNÍN,YAULI,LA OROYA,7,7461,8270,,,809,42,42,0,0,100,2026-10-06T14:16:02-05:00,2026-10-06T18:59:45+00:00,https://resultadoelectoral.onpe.gob.pe/main/elecciones-municipales
distrital,110602,JUNÍN,YAULI,CHACAPALPA,7,517,645,,,128,3,3,0,0,100,2026-10-06T14:16:02-05:00,2026-10-06T18:59:45+00:00,https://resultadoelectoral.onpe.gob.pe/main/elecciones-municipales
distrital,110603,JUNÍN,YAULI,HUAY-HUAY,7,873,934,,,61,4,4,0,0,100,2026-10-06T14:16:02-05:00,2026-10-06T18:59:45+00:00,https://resultadoelectoral.onpe.gob.pe/main/elecciones-municipales
distrital,110604,JUNÍN,YAULI,MARCAPOMACOCHA,7,742,874,,,132,4,4,0,0,100,2026-10-06T14:16:02-05:00,2026-10-06T18:59:45+00:00,https://resultadoelectoral.onpe.gob.pe/main/elecciones-municipales
distrital,110605,JUNÍN,YAULI,MOROCOCHA,7,1950,2175,,,225,11,11,0,0,100,2026-10-06T14:16:02-05:00,2026-10-06T18:59:45+00:00,https://resultadoelectoral.onpe.gob.pe/main/elecciones-municipales
distrital,110606,JUNÍN,YAULI,PACCHA,7,1032,1122,,,90,5,5,0,0,100,2026-10-06T14:16:02-05:00,2026-10-06T18:59:45+00:00,https://resultadoelectoral.onpe.gob.pe/main/elecciones-municipales
distrital,110607,JUNÍN,YAULI,SANTA BÁRBARA DE CARHUACAYÁN,7,516,571,,,55,3,3,0,0,100,2026-10-06T14:16:02-05:00,2026-10-06T18:59:45+00:00,https://resultadoelectoral.onpe.gob.pe/main/elecciones-municipales
distrital,110608,JUNÍN,YAULI,SUITUCANCHA,7,579,658,,,79,3,3,0,0,100,2026-10-06T14:16:02-05:00,2026-10-06T18:59:45+00:00,https://resultadoelectoral.onpe.gob.pe/main/elecciones-municipales
distrital,110609,JUNÍN,YAULI,YAULI,7,1747,1881,,,134,9,9,0,0,100,2026-10-06T14:16:02-05:00,2026-10-06T18:59:45+00:00,https://resultadoelectoral.onpe.gob.pe/main/elecciones-municipales
distrital,110610,JUNÍN,YAULI,SANTA ROSA DE SACCO,7,4123,4544,,,421,21,21,0,0,100,2026-10-06T14:16:02-05:00,2026-10-06T18:59:45+00:00,https://resultadoelectoral.onpe.gob.pe/main/elecciones-municipales
distrital,110701,JUNÍN,SATIPO,SATIPO,9,18278,21203,,,2925,102,102,0,0,100,2026-10-06T14:16:02-05:00,2026-10-06T18:59:45+00:00,https://resultadoelectoral.onpe.gob.pe/main/elecciones-municipales
distrital,110702,JUNÍN,SATIPO,COVIRIALI,9,2948,3360,,,412,16,15,1,0,93.75,2026-10-06T14:16:02-05:00,2026-10-06T18:59:45+00:00,https://resultadoelectoral.onpe.gob.pe/main/elecciones-municipales
distrital,110703,JUNÍN,SATIPO,LLAYLLA,9,3189,3474,,,285,15,15,0,0,100,2026-10-06T14:16:02-05:00,2026-10-06T18:59:45+00:00,https://resultadoelectoral.onpe.gob.pe/main/elecciones-municipales
distrital,110704,JUNÍN,SATIPO,MAZAMARI,9,12441,14759,,,2318,72,71,1,0,98.611,2026-10-06T14:16:02-05:00,2026-10-06T18:59:45+00:00,https://resultadoelectoral.onpe.gob.pe/main/elecciones-municipales
distrital,110705,JUNÍN,SATIPO,PAMPA HERMOSA,9,2715,2989,,,274,15,15,0,0,100,2026-10-06T14:16:02-05:00,2026-10-06T18:59:45+00:00,https://resultadoelectoral.onpe.gob.pe/main/elecciones-municipales
distrital,110706,JUNÍN,SATIPO,PANGOA,9,25268,29199,,,3931,161,154,4,3,95.652,2026-10-06T14:16:02-05:00,2026-10-06T18:59:45+00:00,https://resultadoelectoral.onpe.gob.pe/main/elecciones-municipales
distrital,110707,JUNÍN,SATIPO,RÍO NEGRO,9,11898,13549,,,1651,67,67,0,0,100,2026-10-06T14:16:02-05:00,2026-10-06T18:59:45+00:00,https://resultadoelectoral.onpe.gob.pe/main/elecciones-municipales
distrital,110708,JUNÍN,SATIPO,RÍO TAMBO,9,7122,8314,,,1192,85,65,1,19,76.471,2026-10-06T14:16:02-05:00,2026-10-06T18:59:45+00:00,https://resultadoelectoral.onpe.gob.pe/main/elecciones-municipales
distrital,110709,JUNÍN,SATIPO,VIZCATÁN DEL ENE,9,1751,2108,,,357,13,12,1,0,92.308,2026-10-06T14:16:02-05:00,2026-10-06T18:59:45+00:00,https://resultadoelectoral.onpe.gob.pe/main/elecciones-municipales
distrital,110801,JUNÍN,CHANCHAMAYO,CHANCHAMAYO,10,15686,18131,,,2445,87,86,1,0,98.851,2026-10-06T14:16:02-05:00,2026-10-06T18:59:45+00:00,https://resultadoelectoral.onpe.gob.pe/main/elecciones-municipales
distrital,110802,JUNÍN,CHANCHAMAYO,SAN RAMÓN,10,13766,15971,,,2205,76,75,1,0,98.684,2026-10-06T14:16:02-05:00,2026-10-06T18:59:45+00:00,https://resultadoelectoral.onpe.gob.pe/main/elecciones-municipales
distrital,110803,JUNÍN,CHANCHAMAYO,VITOC,10,1247,1393,,,146,7,7,0,0,100,2026-10-06T14:16:02-05:00,2026-10-06T18:59:45+00:00,https://resultadoelectoral.onpe.gob.pe/main/elecciones-municipales
distrital,110804,JUNÍN,CHANCHAMAYO,SAN LUIS DE SHUARO,10,2969,3384,,,415,18,18,0,0,100,2026-10-06T14:16:02-05:00,2026-10-06T18:59:45+00:00,https://resultadoelectoral.onpe.gob.pe/main/elecciones-municipales
distrital,110805,JUNÍN,CHANCHAMAYO,PICHANAQUI,10,23206,26629,,,3423,137,132,5,0,96.35,2026-10-06T14:16:02-05:00,2026-10-06T18:59:45+00:00,https://resultadoelectoral.onpe.gob.pe/main/elecciones-municipales
distrital,110806,JUNÍN,CHANCHAMAYO,PERENÉ,10,21075,24651,,,3576,152,144,6,2,94.737,2026-10-06T14:16:02-05:00,2026-10-06T18:59:45+00:00,https://resultadoelectoral.onpe.gob.pe/main/elecciones-municipales
distrital,110901,JUNÍN,CHUPACA,CHUPACA,7,16114,17607,,,1493,79,79,0,0,100,2026-10-06T14:16:02-05:00,2026-10-06T18:59:45+00:00,https://resultadoelectoral.onpe.gob.pe/main/elecciones-municipales
distrital,110902,JUNÍN,CHUPACA,AHUAC,7,4663,5135,,,472,23,23,0,0,100,2026-10-06T14:16:02-05:00,2026-10-06T18:59:45+00:00,https://resultadoelectoral.onpe.gob.pe/main/elecciones-municipales
distrital,110903,JUNÍN,CHUPACA,CHONGOS BAJO,7,2847,3163,,,316,15,15,0,0,100,2026-10-06T14:16:02-05:00,2026-10-06T18:59:45+00:00,https://resultadoelectoral.onpe.gob.pe/main/elecciones-municipales
distrital,110904,JUNÍN,CHUPACA,HUACHAC,7,2104,2297,,,193,11,11,0,0,100,2026-10-06T14:16:02-05:00,2026-10-06T18:59:45+00:00,https://resultadoelectoral.onpe.gob.pe/main/elecciones-municipales
distrital,110905,JUNÍN,CHUPACA,HUAMANCACA CHICO,7,5258,5742,,,484,24,24,0,0,100,2026-10-06T14:16:02-05:00,2026-10-06T18:59:45+00:00,https://resultadoelectoral.onpe.gob.pe/main/elecciones-municipales
distrital,110906,JUNÍN,CHUPACA,SAN JUAN DE ISCOS,7,1737,1907,,,170,9,9,0,0,100,2026-10-06T14:16:02-05:00,2026-10-06T18:59:45+00:00,https://resultadoelectoral.onpe.gob.pe/main/elecciones-municipales
distrital,110907,JUNÍN,CHUPACA,SAN JUAN DE JARPA,7,1683,1928,,,245,10,10,0,0,100,2026-10-06T14:16:02-05:00,2026-10-06T18:59:45+00:00,https://resultadoelectoral.onpe.gob.pe/main/elecciones-municipales
distrital,110908,JUNÍN,CHUPACA,TRES DE DICIEMBRE,7,2172,2374,,,202,10,10,0,0,100,2026-10-06T14:16:02-05:00,2026-10-06T18:59:45+00:00,https://resultadoelectoral.onpe.gob.pe/main/elecciones-municipales
distrital,110909,JUNÍN,CHUPACA,YANACANCHA,7,1747,1909,,,162,10,10,0,0,100,2026-10-06T14:16:02-05:00,2026-10-06T18:59:45+00:00,https://resultadoelectoral.onpe.gob.pe/main/elecciones-municipales
distrital,120101,LA LIBERTAD,TRUJILLO,TRUJILLO,14,191657,214624,,,22967,1007,987,20,0,98.014,2026-10-06T14:16:02-05:00,2026-10-06T18:59:45+00:00,https://resultadoelectoral.onpe.gob.pe/main/elecciones-municipales
distrital,120102,LA LIBERTAD,TRUJILLO,HUANCHACO,14,37816,43630,,,5814,203,198,5,0,97.537,2026-10-06T14:16:02-05:00,2026-10-06T18:59:45+00:00,https://resultadoelectoral.onpe.gob.pe/main/elecciones-municipales
distrital,120103,LA LIBERTAD,TRUJILLO,LAREDO,14,21933,25712,,,3779,113,110,3,0,97.345,2026-10-06T14:16:02-05:00,2026-10-06T18:59:45+00:00,https://resultadoelectoral.onpe.gob.pe/main/elecciones-municipales
distrital,120104,LA LIBERTAD,TRUJILLO,MOCHE,14,23437,26263,,,2826,115,113,2,0,98.261,2026-10-06T14:16:02-05:00,2026-10-06T18:59:45+00:00,https://resultadoelectoral.onpe.gob.pe/main/elecciones-municipales
distrital,120105,LA LIBERTAD,TRUJILLO,SALAVERRY,14,11425,12987,,,1562,57,57,0,0,100,2026-10-06T14:16:02-05:00,2026-10-06T18:59:45+00:00,https://resultadoelectoral.onpe.gob.pe/main/elecciones-municipales
distrital,120106,LA LIBERTAD,TRUJILLO,SIMBAL,14,3024,3474,,,450,15,15,0,0,100,2026-10-06T14:16:02-05:00,2026-10-06T18:59:45+00:00,https://resultadoelectoral.onpe.gob.pe/main/elecciones-municipales
distrital,120107,LA LIBERTAD,TRUJILLO,VÍCTOR LARCO HERRERA,14,40393,45492,,,5099,213,207,6,0,97.183,2026-10-06T14:16:02-05:00,2026-10-06T18:59:45+00:00,https://resultadoelectoral.onpe.gob.pe/main/elecciones-municipales
distrital,120109,LA LIBERTAD,TRUJILLO,POROTO,14,2675,3090,,,415,14,14,0,0,100,2026-10-06T14:16:02-05:00,2026-10-06T18:59:45+00:00,https://resultadoelectoral.onpe.gob.pe/main/elecciones-municipales
distrital,120110,LA LIBERTAD,TRUJILLO,EL PORVENIR,14,72097,83375,,,11278,379,375,4,0,98.945,2026-10-06T14:16:02-05:00,2026-10-06T18:59:45+00:00,https://resultadoelectoral.onpe.gob.pe/main/elecciones-municipales
distrital,120111,LA LIBERTAD,TRUJILLO,LA ESPERANZA,14,93358,106803,,,13445,483,475,8,0,98.344,2026-10-06T14:16:02-05:00,2026-10-06T18:59:45+00:00,https://resultadoelectoral.onpe.gob.pe/main/elecciones-municipales
distrital,120112,LA LIBERTAD,TRUJILLO,FLORENCIA DE MORA,14,33116,37626,,,4510,172,163,9,0,94.767,2026-10-06T14:16:02-05:00,2026-10-06T18:59:45+00:00,https://resultadoelectoral.onpe.gob.pe/main/elecciones-municipales
distrital,120113,LA LIBERTAD,TRUJILLO,ALTO TRUJILLO,14,16361,20263,,,3902,84,81,3,0,96.429,2026-10-06T14:16:02-05:00,2026-10-06T18:59:45+00:00,https://resultadoelectoral.onpe.gob.pe/main/elecciones-municipales
distrital,120201,LA LIBERTAD,BOLÍVAR,BOLÍVAR,3,1508,1870,,,362,12,12,0,0,100,2026-10-06T14:16:02-05:00,2026-10-06T18:59:45+00:00,https://resultadoelectoral.onpe.gob.pe/main/elecciones-municipales
distrital,120202,LA LIBERTAD,BOLÍVAR,BAMBAMARCA,3,1058,1692,,,634,10,9,1,0,90,2026-10-06T14:16:02-05:00,2026-10-06T18:59:45+00:00,https://resultadoelectoral.onpe.gob.pe/main/elecciones-municipales
distrital,120203,LA LIBERTAD,BOLÍVAR,CONDORMARCA,3,747,998,,,251,6,6,0,0,100,2026-10-06T14:16:02-05:00,2026-10-06T18:59:45+00:00,https://resultadoelectoral.onpe.gob.pe/main/elecciones-municipales
distrital,120204,LA LIBERTAD,BOLÍVAR,LONGOTEA,3,953,1176,,,223,7,7,0,0,100,2026-10-06T14:16:02-05:00,2026-10-06T18:59:45+00:00,https://resultadoelectoral.onpe.gob.pe/main/elecciones-municipales
distrital,120205,LA LIBERTAD,BOLÍVAR,UCUNCHA,3,712,834,,,122,4,4,0,0,100,2026-10-06T14:16:02-05:00,2026-10-06T18:59:45+00:00,https://resultadoelectoral.onpe.gob.pe/main/elecciones-municipales
distrital,120206,LA LIBERTAD,BOLÍVAR,UCHUMARCA,3,1064,1217,,,153,7,7,0,0,100,2026-10-06T14:16:02-05:00,2026-10-06T18:59:45+00:00,https://resultadoelectoral.onpe.gob.pe/main/elecciones-municipales
distrital,120301,LA LIBERTAD,SÁNCHEZ CARRIÓN,HUAMACHUCO,5,30916,38533,,,7617,177,173,4,0,97.74,2026-10-06T14:16:02-05:00,2026-10-06T18:59:45+00:00,https://resultadoelectoral.onpe.gob.pe/main/elecciones-municipales
distrital,120302,LA LIBERTAD,SÁNCHEZ CARRIÓN,COCHORCO,5,2571,4047,,,1476,27,26,1,0,96.296,2026-10-06T14:16:02-05:00,2026-10-06T18:59:45+00:00,https://resultadoelectoral.onpe.gob.pe/main/elecciones-municipales
distrital,120303,LA LIBERTAD,SÁNCHEZ CARRIÓN,CURGOS,5,4821,5355,,,534,25,24,1,0,96,2026-10-06T14:16:02-05:00,2026-10-06T18:59:45+00:00,https://resultadoelectoral.onpe.gob.pe/main/elecciones-municipales
distrital,120304,LA LIBERTAD,SÁNCHEZ CARRIÓN,CHUGAY,5,7995,9154,,,1159,53,53,0,0,100,2026-10-06T14:16:02-05:00,2026-10-06T18:59:45+00:00,https://resultadoelectoral.onpe.gob.pe/main/elecciones-municipales
distrital,120305,LA LIBERTAD,SÁNCHEZ CARRIÓN,MARCABAL,5,6120,7112,,,992,36,33,3,0,91.667,2026-10-06T14:16:02-05:00,2026-10-06T18:59:45+00:00,https://resultadoelectoral.onpe.gob.pe/main/elecciones-municipales
distrital,120306,LA LIBERTAD,SÁNCHEZ CARRIÓN,SANAGORÁN,5,4534,6843,,,2309,40,38,2,0,95,2026-10-06T14:16:02-05:00,2026-10-06T18:59:45+00:00,https://resultadoelectoral.onpe.gob.pe/main/elecciones-municipales
distrital,120307,LA LIBERTAD,SÁNCHEZ CARRIÓN,SARÍN,5,4099,5240,,,1141,28,27,1,0,96.429,2026-10-06T14:16:02-05:00,2026-10-06T18:59:45+00:00,https://resultadoelectoral.onpe.gob.pe/main/elecciones-municipales
distrital,120308,LA LIBERTAD,SÁNCHEZ CARRIÓN,SARTIMBAMBA,5,5350,6474,,,1124,40,40,0,0,100,2026-10-06T14:16:02-05:00,2026-10-06T18:59:45+00:00,https://resultadoelectoral.onpe.gob.pe/main/elecciones-municipales
distrital,120401,LA LIBERTAD,OTUZCO,OTUZCO,6,16131,18171,,,2040,79,79,0,0,100,2026-10-06T14:16:02-05:00,2026-10-06T18:59:45+00:00,https://resultadoelectoral.onpe.gob.pe/main/elecciones-municipales
distrital,120402,LA LIBERTAD,OTUZCO,AGALLPAMPA,6,4206,4964,,,758,24,24,0,0,100,2026-10-06T14:16:02-05:00,2026-10-06T18:59:45+00:00,https://resultadoelectoral.onpe.gob.pe/main/elecciones-municipales
distrital,120403,LA LIBERTAD,OTUZCO,CHARAT,6,1666,1748,,,82,9,8,1,0,88.889,2026-10-06T14:16:02-05:00,2026-10-06T18:59:45+00:00,https://resultadoelectoral.onpe.gob.pe/main/elecciones-municipales
distrital,120404,LA LIBERTAD,OTUZCO,HUARANCHAL,6,2696,2953,,,257,16,15,1,0,93.75,2026-10-06T14:16:02-05:00,2026-10-06T18:59:45+00:00,https://resultadoelectoral.onpe.gob.pe/main/elecciones-municipales
distrital,120405,LA LIBERTAD,OTUZCO,LA CUESTA,6,764,825,,,61,4,4,0,0,100,2026-10-06T14:16:02-05:00,2026-10-06T18:59:45+00:00,https://resultadoelectoral.onpe.gob.pe/main/elecciones-municipales
distrital,120408,LA LIBERTAD,OTUZCO,PARANDAY,6,701,759,,,58,3,3,0,0,100,2026-10-06T14:16:02-05:00,2026-10-06T18:59:45+00:00,https://resultadoelectoral.onpe.gob.pe/main/elecciones-municipales
distrital,120409,LA LIBERTAD,OTUZCO,SALPO,6,3236,3661,,,425,17,17,0,0,100,2026-10-06T14:16:02-05:00,2026-10-06T18:59:45+00:00,https://resultadoelectoral.onpe.gob.pe/main/elecciones-municipales
distrital,120410,LA LIBERTAD,OTUZCO,SINSICAP,6,3213,3592,,,379,26,18,0,8,69.231,2026-10-06T14:16:02-05:00,2026-10-06T18:59:45+00:00,https://resultadoelectoral.onpe.gob.pe/main/elecciones-municipales
distrital,120411,LA LIBERTAD,OTUZCO,USQUIL,6,11082,12590,,,1508,70,69,1,0,98.571,2026-10-06T14:16:02-05:00,2026-10-06T18:59:45+00:00,https://resultadoelectoral.onpe.gob.pe/main/elecciones-municipales
distrital,120413,LA LIBERTAD,OTUZCO,MACHE,6,2228,2453,,,225,11,11,0,0,100,2026-10-06T14:16:02-05:00,2026-10-06T18:59:45+00:00,https://resultadoelectoral.onpe.gob.pe/main/elecciones-municipales
distrital,120501,LA LIBERTAD,PACASMAYO,SAN PEDRO DE LLOC,6,9858,11307,,,1449,51,50,1,0,98.039,2026-10-06T14:16:02-05:00,2026-10-06T18:59:45+00:00,https://resultadoelectoral.onpe.gob.pe/main/elecciones-municipales
distrital,120503,LA LIBERTAD,PACASMAYO,GUADALUPE,6,14337,22381,,,8044,107,105,2,0,98.131,2026-10-06T14:16:02-05:00,2026-10-06T18:59:45+00:00,https://resultadoelectoral.onpe.gob.pe/main/elecciones-municipales
distrital,120504,LA LIBERTAD,PACASMAYO,JEQUETEPEQUE,6,2363,2706,,,343,12,12,0,0,100,2026-10-06T14:16:02-05:00,2026-10-06T18:59:45+00:00,https://resultadoelectoral.onpe.gob.pe/main/elecciones-municipales
distrital,120506,LA LIBERTAD,PACASMAYO,PACASMAYO,6,15650,19601,,,3951,86,86,0,0,100,2026-10-06T14:16:02-05:00,2026-10-06T18:59:45+00:00,https://resultadoelectoral.onpe.gob.pe/main/elecciones-municipales
distrital,120508,LA LIBERTAD,PACASMAYO,SAN JOSÉ,6,6334,7807,,,1473,35,35,0,0,100,2026-10-06T14:16:02-05:00,2026-10-06T18:59:45+00:00,https://resultadoelectoral.onpe.gob.pe/main/elecciones-municipales
distrital,120601,LA LIBERTAD,PATAZ,TAYABAMBA,7,5500,7281,,,1781,39,39,0,0,100,2026-10-06T14:16:02-05:00,2026-10-06T18:59:45+00:00,https://resultadoelectoral.onpe.gob.pe/main/elecciones-municipales
distrital,120602,LA LIBERTAD,PATAZ,BULDIBUYO,7,1755,2171,,,416,11,11,0,0,100,2026-10-06T14:16:02-05:00,2026-10-06T18:59:45+00:00,https://resultadoelectoral.onpe.gob.pe/main/elecciones-municipales
distrital,120603,LA LIBERTAD,PATAZ,CHILLIA,7,5396,6686,,,1290,37,37,0,0,100,2026-10-06T14:16:02-05:00,2026-10-06T18:59:45+00:00,https://resultadoelectoral.onpe.gob.pe/main/elecciones-municipales
distrital,120604,LA LIBERTAD,PATAZ,HUAYLILLAS,7,815,932,,,117,4,4,0,0,100,2026-10-06T14:16:02-05:00,2026-10-06T18:59:45+00:00,https://resultadoelectoral.onpe.gob.pe/main/elecciones-municipales
distrital,120605,LA LIBERTAD,PATAZ,HUANCASPATA,7,2500,3114,,,614,17,17,0,0,100,2026-10-06T14:16:02-05:00,2026-10-06T18:59:45+00:00,https://resultadoelectoral.onpe.gob.pe/main/elecciones-municipales
distrital,120606,LA LIBERTAD,PATAZ,HUAYO,7,1160,1673,,,513,12,9,3,0,75,2026-10-06T14:16:02-05:00,2026-10-06T18:59:45+00:00,https://resultadoelectoral.onpe.gob.pe/main/elecciones-municipales
distrital,120607,LA LIBERTAD,PATAZ,ONGON,7,1044,1177,,,133,6,6,0,0,100,2026-10-06T14:16:02-05:00,2026-10-06T18:59:45+00:00,https://resultadoelectoral.onpe.gob.pe/main/elecciones-municipales
distrital,120608,LA LIBERTAD,PATAZ,PARCOY,7,5340,6828,,,1488,41,38,3,0,92.683,2026-10-06T14:16:02-05:00,2026-10-06T18:59:45+00:00,https://resultadoelectoral.onpe.gob.pe/main/elecciones-municipales
distrital,120609,LA LIBERTAD,PATAZ,PATAZ,7,2424,3314,,,890,24,24,0,0,100,2026-10-06T14:16:02-05:00,2026-10-06T18:59:45+00:00,https://resultadoelectoral.onpe.gob.pe/main/elecciones-municipales
distrital,120610,LA LIBERTAD,PATAZ,PIÁS,7,938,1140,,,202,6,6,0,0,100,2026-10-06T14:16:02-05:00,2026-10-06T18:59:45+00:00,https://resultadoelectoral.onpe.gob.pe/main/elecciones-municipales
distrital,120611,LA LIBERTAD,PATAZ,TAURIJA,7,1142,1285,,,143,8,6,2,0,75,2026-10-06T14:16:02-05:00,2026-10-06T18:59:45+00:00,https://resultadoelectoral.onpe.gob.pe/main/elecciones-municipales
distrital,120612,LA LIBERTAD,PATAZ,URPAY,7,0,0,,,0,9,0,0,9,0,2026-10-06T14:16:02-05:00,2026-10-06T18:59:45+00:00,https://resultadoelectoral.onpe.gob.pe/main/elecciones-municipales
distrital,120613,LA LIBERTAD,PATAZ,SANTIAGO DE CHALLAS,7,1039,1280,,,241,7,7,0,0,100,2026-10-06T14:16:02-05:00,2026-10-06T18:59:45+00:00,https://resultadoelectoral.onpe.gob.pe/main/elecciones-municipales
distrital,120701,LA LIBERTAD,SANTIAGO DE CHUCO,SANTIAGO DE CHUCO,7,11105,12328,,,1223,60,60,0,0,100,2026-10-06T14:16:02-05:00,2026-10-06T18:59:45+00:00,https://resultadoelectoral.onpe.gob.pe/main/elecciones-municipales
distrital,120702,LA LIBERTAD,SANTIAGO DE CHUCO,CACHICADAN,7,2837,3126,,,289,15,15,0,0,100,2026-10-06T14:16:02-05:00,2026-10-06T18:59:45+00:00,https://resultadoelectoral.onpe.gob.pe/main/elecciones-municipales
distrital,120703,LA LIBERTAD,SANTIAGO DE CHUCO,MOLLEBAMBA,7,825,959,,,134,6,6,0,0,100,2026-10-06T14:16:02-05:00,2026-10-06T18:59:45+00:00,https://resultadoelectoral.onpe.gob.pe/main/elecciones-municipales
distrital,120704,LA LIBERTAD,SANTIAGO DE CHUCO,MOLLEPATA,7,1501,1640,,,139,8,8,0,0,100,2026-10-06T14:16:02-05:00,2026-10-06T18:59:45+00:00,https://resultadoelectoral.onpe.gob.pe/main/elecciones-municipales
distrital,120705,LA LIBERTAD,SANTIAGO DE CHUCO,QUIRUVILCA,7,4971,5938,,,967,30,30,0,0,100,2026-10-06T14:16:02-05:00,2026-10-06T18:59:45+00:00,https://resultadoelectoral.onpe.gob.pe/main/elecciones-municipales
distrital,120706,LA LIBERTAD,SANTIAGO DE CHUCO,SANTA CRUZ DE CHUCA,7,1660,1809,,,149,9,9,0,0,100,2026-10-06T14:16:02-05:00,2026-10-06T18:59:45+00:00,https://resultadoelectoral.onpe.gob.pe/main/elecciones-municipales
distrital,120707,LA LIBERTAD,SANTIAGO DE CHUCO,SITABAMBA,7,1322,1974,,,652,12,11,1,0,91.667,2026-10-06T14:16:02-05:00,2026-10-06T18:59:45+00:00,https://resultadoelectoral.onpe.gob.pe/main/elecciones-municipales
distrital,120708,LA LIBERTAD,SANTIAGO DE CHUCO,ANGASMARCA,7,2307,2619,,,312,14,14,0,0,100,2026-10-06T14:16:02-05:00,2026-10-06T18:59:45+00:00,https://resultadoelectoral.onpe.gob.pe/main/elecciones-municipales
distrital,120801,LA LIBERTAD,ASCOPE,ASCOPE,9,3873,4515,,,642,23,22,1,0,95.652,2026-10-06T14:16:02-05:00,2026-10-06T18:59:45+00:00,https://resultadoelectoral.onpe.gob.pe/main/elecciones-municipales
distrital,120802,LA LIBERTAD,ASCOPE,CHICAMA,9,8931,10218,,,1287,49,47,2,0,95.918,2026-10-06T14:16:02-05:00,2026-10-06T18:59:45+00:00,https://resultadoelectoral.onpe.gob.pe/main/elecciones-municipales
distrital,120803,LA LIBERTAD,ASCOPE,CHOCOPE,9,5951,7335,,,1384,33,33,0,0,100,2026-10-06T14:16:02-05:00,2026-10-06T18:59:45+00:00,https://resultadoelectoral.onpe.gob.pe/main/elecciones-municipales
distrital,120804,LA LIBERTAD,ASCOPE,SANTIAGO DE CAO,9,8909,12252,,,3343,54,53,1,0,98.148,2026-10-06T14:16:02-05:00,2026-10-06T18:59:45+00:00,https://resultadoelectoral.onpe.gob.pe/main/elecciones-municipales
distrital,120805,LA LIBERTAD,ASCOPE,MAGDALENA DE CAO,9,1705,1884,,,179,8,8,0,0,100,2026-10-06T14:16:02-05:00,2026-10-06T18:59:45+00:00,https://resultadoelectoral.onpe.gob.pe/main/elecciones-municipales
distrital,120806,LA LIBERTAD,ASCOPE,PAIJÁN,9,13522,16223,,,2701,72,70,2,0,97.222,2026-10-06T14:16:02-05:00,2026-10-06T18:59:45+00:00,https://resultadoelectoral.onpe.gob.pe/main/elecciones-municipales
distrital,120807,LA LIBERTAD,ASCOPE,RÁZURI,9,4621,5259,,,638,23,23,0,0,100,2026-10-06T14:16:02-05:00,2026-10-06T18:59:45+00:00,https://resultadoelectoral.onpe.gob.pe/main/elecciones-municipales
distrital,120808,LA LIBERTAD,ASCOPE,CASA GRANDE,9,15004,17420,,,2416,80,78,2,0,97.5,2026-10-06T14:16:02-05:00,2026-10-06T18:59:45+00:00,https://resultadoelectoral.onpe.gob.pe/main/elecciones-municipales
distrital,120901,LA LIBERTAD,CHEPÉN,CHEPÉN,10,27125,31741,,,4616,148,147,1,0,99.324,2026-10-06T14:16:02-05:00,2026-10-06T18:59:45+00:00,https://resultadoelectoral.onpe.gob.pe/main/elecciones-municipales
distrital,120902,LA LIBERTAD,CHEPÉN,PACANGA,10,10468,12323,,,1855,55,55,0,0,100,2026-10-06T14:16:02-05:00,2026-10-06T18:59:45+00:00,https://resultadoelectoral.onpe.gob.pe/main/elecciones-municipales
distrital,120903,LA LIBERTAD,CHEPÉN,PUEBLO NUEVO,10,6917,8168,,,1251,37,37,0,0,100,2026-10-06T14:16:02-05:00,2026-10-06T18:59:45+00:00,https://resultadoelectoral.onpe.gob.pe/main/elecciones-municipales
distrital,121001,LA LIBERTAD,JULCÁN,JULCÁN,5,5793,6973,,,1180,35,34,1,0,97.143,2026-10-06T14:16:02-05:00,2026-10-06T18:59:45+00:00,https://resultadoelectoral.onpe.gob.pe/main/elecciones-municipales
distrital,121002,LA LIBERTAD,JULCÁN,CARABAMBA,5,3581,4112,,,531,20,19,1,0,95,2026-10-06T14:16:02-05:00,2026-10-06T18:59:45+00:00,https://resultadoelectoral.onpe.gob.pe/main/elecciones-municipales
distrital,121003,LA LIBERTAD,JULCÁN,CALAMARCA,5,3222,3960,,,738,20,20,0,0,100,2026-10-06T14:16:02-05:00,2026-10-06T18:59:45+00:00,https://resultadoelectoral.onpe.gob.pe/main/elecciones-municipales
distrital,121004,LA LIBERTAD,JULCÁN,HUASO,5,3064,3708,,,644,18,17,1,0,94.444,2026-10-06T14:16:02-05:00,2026-10-06T18:59:45+00:00,https://resultadoelectoral.onpe.gob.pe/main/elecciones-municipales
distrital,121101,LA LIBERTAD,GRAN CHIMÚ,CASCAS,5,7598,9075,,,1477,43,43,0,0,100,2026-10-06T14:16:02-05:00,2026-10-06T18:59:45+00:00,https://resultadoelectoral.onpe.gob.pe/main/elecciones-municipales
distrital,121102,LA LIBERTAD,GRAN CHIMÚ,LUCMA,5,0,0,,,0,13,0,0,13,0,2026-10-06T14:16:02-05:00,2026-10-06T18:59:45+00:00,https://resultadoelectoral.onpe.gob.pe/main/elecciones-municipales
distrital,121103,LA LIBERTAD,GRAN CHIMÚ,MARMOT,5,1172,1487,,,315,7,7,0,0,100,2026-10-06T14:16:02-05:00,2026-10-06T18:59:45+00:00,https://resultadoelectoral.onpe.gob.pe/main/elecciones-municipales
distrital,121104,LA LIBERTAD,GRAN CHIMÚ,SAYAPULLO,5,2456,3093,,,637,20,19,1,0,95,2026-10-06T14:16:02-05:00,2026-10-06T18:59:45+00:00,https://resultadoelectoral.onpe.gob.pe/main/elecciones-municipales
distrital,121201,LA LIBERTAD,VIRÚ,VIRÚ,11,30046,35055,,,5009,164,159,5,0,96.951,2026-10-06T14:16:02-05:00,2026-10-06T18:59:45+00:00,https://resultadoelectoral.onpe.gob.pe/main/elecciones-municipales
distrital,121202,LA LIBERTAD,VIRÚ,CHAO,11,19679,23016,,,3337,104,102,2,0,98.077,2026-10-06T14:16:02-05:00,2026-10-06T18:59:45+00:00,https://resultadoelectoral.onpe.gob.pe/main/elecciones-municipales
distrital,121203,LA LIBERTAD,VIRÚ,GUADALUPITO,11,4196,4586,,,390,19,19,0,0,100,2026-10-06T14:16:02-05:00,2026-10-06T18:59:45+00:00,https://resultadoelectoral.onpe.gob.pe/main/elecciones-municipales
distrital,130101,LAMBAYEQUE,CHICLAYO,CHICLAYO,15,162574,186437,,,23863,869,851,18,0,97.929,2026-10-06T14:16:02-05:00,2026-10-06T18:59:45+00:00,https://resultadoelectoral.onpe.gob.pe/main/elecciones-municipales
distrital,130102,LAMBAYEQUE,CHICLAYO,CHONGOYAPE,15,10066,11513,,,1447,54,52,2,0,96.296,2026-10-06T14:16:02-05:00,2026-10-06T18:59:45+00:00,https://resultadoelectoral.onpe.gob.pe/main/elecciones-municipales
distrital,130103,LAMBAYEQUE,CHICLAYO,ETEN,15,7059,8198,,,1139,34,33,1,0,97.059,2026-10-06T14:16:02-05:00,2026-10-06T18:59:45+00:00,https://resultadoelectoral.onpe.gob.pe/main/elecciones-municipales
distrital,130104,LAMBAYEQUE,CHICLAYO,ETEN PUERTO,15,1719,1842,,,123,8,8,0,0,100,2026-10-06T14:16:02-05:00,2026-10-06T18:59:45+00:00,https://resultadoelectoral.onpe.gob.pe/main/elecciones-municipales
distrital,130105,LAMBAYEQUE,CHICLAYO,LAGUNAS,15,5553,6238,,,685,29,28,1,0,96.552,2026-10-06T14:16:02-05:00,2026-10-06T18:59:45+00:00,https://resultadoelectoral.onpe.gob.pe/main/elecciones-municipales
distrital,130106,LAMBAYEQUE,CHICLAYO,MONSEFÚ,15,21399,24184,,,2785,105,103,2,0,98.095,2026-10-06T14:16:02-05:00,2026-10-06T18:59:45+00:00,https://resultadoelectoral.onpe.gob.pe/main/elecciones-municipales
distrital,130107,LAMBAYEQUE,CHICLAYO,NUEVA ARICA,15,1771,1924,,,153,8,8,0,0,100,2026-10-06T14:16:02-05:00,2026-10-06T18:59:45+00:00,https://resultadoelectoral.onpe.gob.pe/main/elecciones-municipales
distrital,130108,LAMBAYEQUE,CHICLAYO,OYOTÚN,15,4076,5343,,,1267,24,23,1,0,95.833,2026-10-06T14:16:02-05:00,2026-10-06T18:59:45+00:00,https://resultadoelectoral.onpe.gob.pe/main/elecciones-municipales
distrital,130109,LAMBAYEQUE,CHICLAYO,PICSÍ,15,4860,5487,,,627,25,23,2,0,92,2026-10-06T14:16:02-05:00,2026-10-06T18:59:45+00:00,https://resultadoelectoral.onpe.gob.pe/main/elecciones-municipales
distrital,130110,LAMBAYEQUE,CHICLAYO,PIMENTEL,15,18859,22533,,,3674,99,98,1,0,98.99,2026-10-06T14:16:02-05:00,2026-10-06T18:59:45+00:00,https://resultadoelectoral.onpe.gob.pe/main/elecciones-municipales
distrital,130111,LAMBAYEQUE,CHICLAYO,REQUE,15,9489,10835,,,1346,46,46,0,0,100,2026-10-06T14:16:02-05:00,2026-10-06T18:59:45+00:00,https://resultadoelectoral.onpe.gob.pe/main/elecciones-municipales
distrital,130112,LAMBAYEQUE,CHICLAYO,JOSÉ LEONARDO ORTIZ,15,91286,104796,,,13510,477,469,8,0,98.323,2026-10-06T14:16:02-05:00,2026-10-06T18:59:45+00:00,https://resultadoelectoral.onpe.gob.pe/main/elecciones-municipales
distrital,130113,LAMBAYEQUE,CHICLAYO,SANTA ROSA,15,6779,7495,,,716,35,35,0,0,100,2026-10-06T14:16:02-05:00,2026-10-06T18:59:45+00:00,https://resultadoelectoral.onpe.gob.pe/main/elecciones-municipales
distrital,130114,LAMBAYEQUE,CHICLAYO,SAÑA,15,4891,5628,,,737,29,28,1,0,96.552,2026-10-06T14:16:02-05:00,2026-10-06T18:59:45+00:00,https://resultadoelectoral.onpe.gob.pe/main/elecciones-municipales
distrital,130115,LAMBAYEQUE,CHICLAYO,LA VICTORIA,15,51266,58034,,,6768,255,252,3,0,98.824,2026-10-06T14:16:02-05:00,2026-10-06T18:59:45+00:00,https://resultadoelectoral.onpe.gob.pe/main/elecciones-municipales
distrital,130116,LAMBAYEQUE,CHICLAYO,CAYALTÍ,15,7717,9475,,,1758,45,43,2,0,95.556,2026-10-06T14:16:02-05:00,2026-10-06T18:59:45+00:00,https://resultadoelectoral.onpe.gob.pe/main/elecciones-municipales
distrital,130117,LAMBAYEQUE,CHICLAYO,PÁTAPO,15,12119,13647,,,1528,62,60,2,0,96.774,2026-10-06T14:16:02-05:00,2026-10-06T18:59:45+00:00,https://resultadoelectoral.onpe.gob.pe/main/elecciones-municipales
distrital,130118,LAMBAYEQUE,CHICLAYO,POMALCA,15,14326,17037,,,2711,74,74,0,0,100,2026-10-06T14:16:02-05:00,2026-10-06T18:59:45+00:00,https://resultadoelectoral.onpe.gob.pe/main/elecciones-municipales
distrital,130119,LAMBAYEQUE,CHICLAYO,PUCALÁ,15,4605,5055,,,450,24,23,1,0,95.833,2026-10-06T14:16:02-05:00,2026-10-06T18:59:45+00:00,https://resultadoelectoral.onpe.gob.pe/main/elecciones-municipales
distrital,130120,LAMBAYEQUE,CHICLAYO,TUMÁN,15,15210,17926,,,2716,80,79,1,0,98.75,2026-10-06T14:16:02-05:00,2026-10-06T18:59:45+00:00,https://resultadoelectoral.onpe.gob.pe/main/elecciones-municipales
distrital,130201,LAMBAYEQUE,FERREÑAFE,FERREÑAFE,8,20370,22760,,,2390,101,100,1,0,99.01,2026-10-06T14:16:02-05:00,2026-10-06T18:59:45+00:00,https://resultadoelectoral.onpe.gob.pe/main/elecciones-municipales
distrital,130202,LAMBAYEQUE,FERREÑAFE,INCAHUASI,8,6387,8930,,,2543,47,45,2,0,95.745,2026-10-06T14:16:02-05:00,2026-10-06T18:59:45+00:00,https://resultadoelectoral.onpe.gob.pe/main/elecciones-municipales
distrital,130203,LAMBAYEQUE,FERREÑAFE,CAÑARIS,8,6834,8225,,,1391,46,45,1,0,97.826,2026-10-06T14:16:02-05:00,2026-10-06T18:59:45+00:00,https://resultadoelectoral.onpe.gob.pe/main/elecciones-municipales
distrital,130204,LAMBAYEQUE,FERREÑAFE,PITIPO,8,11347,13089,,,1742,60,59,1,0,98.333,2026-10-06T14:16:02-05:00,2026-10-06T18:59:45+00:00,https://resultadoelectoral.onpe.gob.pe/main/elecciones-municipales
distrital,130205,LAMBAYEQUE,FERREÑAFE,PUEBLO NUEVO,8,8606,9587,,,981,40,40,0,0,100,2026-10-06T14:16:02-05:00,2026-10-06T18:59:45+00:00,https://resultadoelectoral.onpe.gob.pe/main/elecciones-municipales
distrital,130206,LAMBAYEQUE,FERREÑAFE,MANUEL ANTONIO MESONES MURO,8,2232,3056,,,824,13,13,0,0,100,2026-10-06T14:16:02-05:00,2026-10-06T18:59:45+00:00,https://resultadoelectoral.onpe.gob.pe/main/elecciones-municipales
distrital,130301,LAMBAYEQUE,LAMBAYEQUE,LAMBAYEQUE,11,40754,47398,,,6644,205,205,0,0,100,2026-10-06T14:16:02-05:00,2026-10-06T18:59:45+00:00,https://resultadoelectoral.onpe.gob.pe/main/elecciones-municipales
distrital,130302,LAMBAYEQUE,LAMBAYEQUE,CHOCHOPE,11,1376,1456,,,80,6,6,0,0,100,2026-10-06T14:16:02-05:00,2026-10-06T18:59:45+00:00,https://resultadoelectoral.onpe.gob.pe/main/elecciones-municipales
distrital,130303,LAMBAYEQUE,LAMBAYEQUE,ÍLLIMO,11,5662,6841,,,1179,29,29,0,0,100,2026-10-06T14:16:02-05:00,2026-10-06T18:59:45+00:00,https://resultadoelectoral.onpe.gob.pe/main/elecciones-municipales
distrital,130304,LAMBAYEQUE,LAMBAYEQUE,JAYANCA,11,10870,12395,,,1525,54,53,1,0,98.148,2026-10-06T14:16:02-05:00,2026-10-06T18:59:45+00:00,https://resultadoelectoral.onpe.gob.pe/main/elecciones-municipales
distrital,130305,LAMBAYEQUE,LAMBAYEQUE,MOCHUMÍ,11,11207,12632,,,1425,57,55,2,0,96.491,2026-10-06T14:16:02-05:00,2026-10-06T18:59:45+00:00,https://resultadoelectoral.onpe.gob.pe/main/elecciones-municipales
distrital,130306,LAMBAYEQUE,LAMBAYEQUE,MÓRROPE,11,27426,30560,,,3134,133,128,5,0,96.241,2026-10-06T14:16:02-05:00,2026-10-06T18:59:45+00:00,https://resultadoelectoral.onpe.gob.pe/main/elecciones-municipales
distrital,130307,LAMBAYEQUE,LAMBAYEQUE,MOTUPE,11,15679,19215,,,3536,86,84,2,0,97.674,2026-10-06T14:16:02-05:00,2026-10-06T18:59:45+00:00,https://resultadoelectoral.onpe.gob.pe/main/elecciones-municipales
distrital,130308,LAMBAYEQUE,LAMBAYEQUE,OLMOS,11,24281,30714,,,6433,140,135,5,0,96.429,2026-10-06T14:16:02-05:00,2026-10-06T18:59:45+00:00,https://resultadoelectoral.onpe.gob.pe/main/elecciones-municipales
distrital,130309,LAMBAYEQUE,LAMBAYEQUE,PACORA,11,3848,5426,,,1578,23,23,0,0,100,2026-10-06T14:16:02-05:00,2026-10-06T18:59:45+00:00,https://resultadoelectoral.onpe.gob.pe/main/elecciones-municipales
distrital,130310,LAMBAYEQUE,LAMBAYEQUE,SALAS,11,8650,9567,,,917,48,47,1,0,97.917,2026-10-06T14:16:02-05:00,2026-10-06T18:59:45+00:00,https://resultadoelectoral.onpe.gob.pe/main/elecciones-municipales
distrital,130311,LAMBAYEQUE,LAMBAYEQUE,SAN JOSÉ,11,10055,11088,,,1033,44,44,0,0,100,2026-10-06T14:16:02-05:00,2026-10-06T18:59:45+00:00,https://resultadoelectoral.onpe.gob.pe/main/elecciones-municipales
distrital,130312,LAMBAYEQUE,LAMBAYEQUE,TÚCUME,11,14196,15953,,,1757,69,67,2,0,97.101,2026-10-06T14:16:02-05:00,2026-10-06T18:59:45+00:00,https://resultadoelectoral.onpe.gob.pe/main/elecciones-municipales
distrital,140102,LIMA,LIMA,ANCÓN,26,29160,32718,,,3558,164,144,20,0,87.805,2026-10-06T14:16:02-05:00,2026-10-06T18:59:45+00:00,https://resultadoelectoral.onpe.gob.pe/main/elecciones-municipales
distrital,140103,LIMA,LIMA,ATE,26,342098,362959,,,20861,1671,1548,123,0,92.639,2026-10-06T14:16:02-05:00,2026-10-06T18:59:45+00:00,https://resultadoelectoral.onpe.gob.pe/main/elecciones-municipales
distrital,140104,LIMA,LIMA,BREÑA,26,68636,73795,,,5159,349,323,26,0,92.55,2026-10-06T14:16:02-05:00,2026-10-06T18:59:45+00:00,https://resultadoelectoral.onpe.gob.pe/main/elecciones-municipales
distrital,140105,LIMA,LIMA,CARABAYLLO,26,167548,184953,,,17405,861,793,68,0,92.102,2026-10-06T14:16:02-05:00,2026-10-06T18:59:45+00:00,https://resultadoelectoral.onpe.gob.pe/main/elecciones-municipales
distrital,140106,LIMA,LIMA,COMAS,26,298148,327955,,,29807,1499,1412,87,0,94.196,2026-10-06T14:16:02-05:00,2026-10-06T18:59:45+00:00,https://resultadoelectoral.onpe.gob.pe/main/elecciones-municipales
distrital,140107,LIMA,LIMA,CHACLACAYO,26,26428,28421,,,1993,138,124,14,0,89.855,2026-10-06T14:16:02-05:00,2026-10-06T18:59:45+00:00,https://resultadoelectoral.onpe.gob.pe/main/elecciones-municipales
distrital,140108,LIMA,LIMA,CHORRILLOS,26,181129,196619,,,15490,899,832,67,0,92.547,2026-10-06T14:16:02-05:00,2026-10-06T18:59:45+00:00,https://resultadoelectoral.onpe.gob.pe/main/elecciones-municipales
distrital,140109,LIMA,LIMA,LA VICTORIA,26,122429,131472,,,9043,640,586,54,0,91.563,2026-10-06T14:16:02-05:00,2026-10-06T18:59:45+00:00,https://resultadoelectoral.onpe.gob.pe/main/elecciones-municipales
distrital,140110,LIMA,LIMA,LA MOLINA,26,113887,119155,,,5268,574,538,36,0,93.728,2026-10-06T14:16:02-05:00,2026-10-06T18:59:45+00:00,https://resultadoelectoral.onpe.gob.pe/main/elecciones-municipales
distrital,140111,LIMA,LIMA,LINCE,26,56298,59369,,,3071,290,270,20,0,93.103,2026-10-06T14:16:02-05:00,2026-10-06T18:59:45+00:00,https://resultadoelectoral.onpe.gob.pe/main/elecciones-municipales
distrital,140112,LIMA,LIMA,LURIGANCHO,26,103429,117592,,,14163,550,517,33,0,94,2026-10-06T14:16:02-05:00,2026-10-06T18:59:45+00:00,https://resultadoelectoral.onpe.gob.pe/main/elecciones-municipales
distrital,140113,LIMA,LIMA,LURÍN,26,50728,55057,,,4329,248,229,19,0,92.339,2026-10-06T14:16:02-05:00,2026-10-06T18:59:45+00:00,https://resultadoelectoral.onpe.gob.pe/main/elecciones-municipales
distrital,140114,LIMA,LIMA,MAGDALENA DEL MAR,26,53562,55560,,,1998,256,244,12,0,95.313,2026-10-06T14:16:02-05:00,2026-10-06T18:59:45+00:00,https://resultadoelectoral.onpe.gob.pe/main/elecciones-municipales
distrital,140115,LIMA,LIMA,MIRAFLORES,26,82272,85864,,,3592,478,426,52,0,89.121,2026-10-06T14:16:02-05:00,2026-10-06T18:59:45+00:00,https://resultadoelectoral.onpe.gob.pe/main/elecciones-municipales
distrital,140116,LIMA,LIMA,PACHACÁMAC,26,63882,71060,,,7178,319,303,16,0,94.984,2026-10-06T14:16:02-05:00,2026-10-06T18:59:45+00:00,https://resultadoelectoral.onpe.gob.pe/main/elecciones-municipales
distrital,140117,LIMA,LIMA,PUEBLO LIBRE,26,69546,72525,,,2979,337,327,10,0,97.033,2026-10-06T14:16:02-05:00,2026-10-06T18:59:45+00:00,https://resultadoelectoral.onpe.gob.pe/main/elecciones-municipales
distrital,140118,LIMA,LIMA,PUCUSANA,26,8018,8764,,,746,44,37,7,0,84.091,2026-10-06T14:16:02-05:00,2026-10-06T18:59:45+00:00,https://resultadoelectoral.onpe.gob.pe/main/elecciones-municipales
distrital,140119,LIMA,LIMA,PUENTE PIEDRA,26,179658,195934,,,16276,891,836,55,0,93.827,2026-10-06T14:16:02-05:00,2026-10-06T18:59:45+00:00,https://resultadoelectoral.onpe.gob.pe/main/elecciones-municipales
distrital,140120,LIMA,LIMA,PUNTA HERMOSA,26,6366,6981,,,615,33,30,3,0,90.909,2026-10-06T14:16:02-05:00,2026-10-06T18:59:45+00:00,https://resultadoelectoral.onpe.gob.pe/main/elecciones-municipales
distrital,140121,LIMA,LIMA,PUNTA NEGRA,26,4880,5565,,,685,25,24,1,0,96,2026-10-06T14:16:02-05:00,2026-10-06T18:59:45+00:00,https://resultadoelectoral.onpe.gob.pe/main/elecciones-municipales
distrital,140122,LIMA,LIMA,RÍMAC,26,109527,118017,,,8490,560,515,45,0,91.964,2026-10-06T14:16:02-05:00,2026-10-06T18:59:45+00:00,https://resultadoelectoral.onpe.gob.pe/main/elecciones-municipales
distrital,140123,LIMA,LIMA,SAN BARTOLO,26,4384,4855,,,471,24,21,3,0,87.5,2026-10-06T14:16:02-05:00,2026-10-06T18:59:45+00:00,https://resultadoelectoral.onpe.gob.pe/main/elecciones-municipales
distrital,140124,LIMA,LIMA,SAN ISIDRO,26,52430,54389,,,1959,282,272,10,0,96.454,2026-10-06T14:16:02-05:00,2026-10-06T18:59:45+00:00,https://resultadoelectoral.onpe.gob.pe/main/elecciones-municipales
distrital,140125,LIMA,LIMA,BARRANCO,26,29943,31653,,,1710,149,142,7,0,95.302,2026-10-06T14:16:02-05:00,2026-10-06T18:59:45+00:00,https://resultadoelectoral.onpe.gob.pe/main/elecciones-municipales
distrital,140126,LIMA,LIMA,SAN MARTÍN DE PORRES,26,347277,380576,,,33299,1786,1658,128,0,92.833,2026-10-06T14:16:02-05:00,2026-10-06T18:59:45+00:00,https://resultadoelectoral.onpe.gob.pe/main/elecciones-municipales
distrital,140127,LIMA,LIMA,SAN MIGUEL,26,101248,106838,,,5590,507,472,35,0,93.097,2026-10-06T14:16:02-05:00,2026-10-06T18:59:45+00:00,https://resultadoelectoral.onpe.gob.pe/main/elecciones-municipales
distrital,140128,LIMA,LIMA,SANTA MARÍA DEL MAR,26,1118,1195,,,77,6,6,0,0,100,2026-10-06T14:16:02-05:00,2026-10-06T18:59:45+00:00,https://resultadoelectoral.onpe.gob.pe/main/elecciones-municipales
distrital,140129,LIMA,LIMA,SANTA ROSA,26,13380,14846,,,1466,68,66,2,0,97.059,2026-10-06T14:16:02-05:00,2026-10-06T18:59:45+00:00,https://resultadoelectoral.onpe.gob.pe/main/elecciones-municipales
distrital,140130,LIMA,LIMA,SANTIAGO DE SURCO,26,225688,235061,,,9373,1179,1065,114,0,90.331,2026-10-06T14:16:02-05:00,2026-10-06T18:59:45+00:00,https://resultadoelectoral.onpe.gob.pe/main/elecciones-municipales
distrital,140131,LIMA,LIMA,SURQUILLO,26,65955,69677,,,3722,338,303,35,0,89.645,2026-10-06T14:16:02-05:00,2026-10-06T18:59:45+00:00,https://resultadoelectoral.onpe.gob.pe/main/elecciones-municipales
distrital,140132,LIMA,LIMA,VILLA MARÍA DEL TRIUNFO,26,239532,262215,,,22683,1234,1112,122,0,90.113,2026-10-06T14:16:02-05:00,2026-10-06T18:59:45+00:00,https://resultadoelectoral.onpe.gob.pe/main/elecciones-municipales
distrital,140133,LIMA,LIMA,JESÚS MARÍA,26,86960,91005,,,4045,427,409,18,0,95.785,2026-10-06T14:16:02-05:00,2026-10-06T18:59:45+00:00,https://resultadoelectoral.onpe.gob.pe/main/elecciones-municipales
distrital,140134,LIMA,LIMA,INDEPENDENCIA,26,118885,131011,,,12126,595,556,39,0,93.445,2026-10-06T14:16:02-05:00,2026-10-06T18:59:45+00:00,https://resultadoelectoral.onpe.gob.pe/main/elecciones-municipales
distrital,140135,LIMA,LIMA,EL AGUSTINO,26,107186,117490,,,10304,566,501,65,0,88.516,2026-10-06T14:16:02-05:00,2026-10-06T18:59:45+00:00,https://resultadoelectoral.onpe.gob.pe/main/elecciones-municipales
distrital,140136,LIMA,LIMA,SAN JUAN DE MIRAFLORES,26,216829,237383,,,20554,1115,1005,110,0,90.135,2026-10-06T14:16:02-05:00,2026-10-06T18:59:45+00:00,https://resultadoelectoral.onpe.gob.pe/main/elecciones-municipales
distrital,140137,LIMA,LIMA,SAN JUAN DE LURIGANCHO,26,548878,603111,,,54233,2731,2556,175,0,93.592,2026-10-06T14:16:02-05:00,2026-10-06T18:59:45+00:00,https://resultadoelectoral.onpe.gob.pe/main/elecciones-municipales
distrital,140138,LIMA,LIMA,SAN LUIS,26,39471,41970,,,2499,190,180,10,0,94.737,2026-10-06T14:16:02-05:00,2026-10-06T18:59:45+00:00,https://resultadoelectoral.onpe.gob.pe/main/elecciones-municipales
distrital,140139,LIMA,LIMA,CIENEGUILLA,26,20535,22310,,,1775,105,92,13,0,87.619,2026-10-06T14:16:02-05:00,2026-10-06T18:59:45+00:00,https://resultadoelectoral.onpe.gob.pe/main/elecciones-municipales
distrital,140140,LIMA,LIMA,SAN BORJA,26,83079,86278,,,3199,422,394,28,0,93.365,2026-10-06T14:16:02-05:00,2026-10-06T18:59:45+00:00,https://resultadoelectoral.onpe.gob.pe/main/elecciones-municipales
distrital,140141,LIMA,LIMA,VILLA EL SALVADOR,26,237638,259580,,,21942,1171,1078,93,0,92.058,2026-10-06T14:16:02-05:00,2026-10-06T18:59:45+00:00,https://resultadoelectoral.onpe.gob.pe/main/elecciones-municipales
distrital,140142,LIMA,LIMA,LOS OLIVOS,26,204147,220400,,,16253,984,934,50,0,94.919,2026-10-06T14:16:02-05:00,2026-10-06T18:59:45+00:00,https://resultadoelectoral.onpe.gob.pe/main/elecciones-municipales
distrital,140143,LIMA,LIMA,SANTA ANITA,26,132164,140989,,,8825,631,585,46,0,92.71,2026-10-06T14:16:02-05:00,2026-10-06T18:59:45+00:00,https://resultadoelectoral.onpe.gob.pe/main/elecciones-municipales
distrital,140201,LIMA,CAJATAMBO,CAJATAMBO,6,811,1007,,,196,6,6,0,0,100,2026-10-06T14:16:02-05:00,2026-10-06T18:59:45+00:00,https://resultadoelectoral.onpe.gob.pe/main/elecciones-municipales
distrital,140205,LIMA,CAJATAMBO,COPA,6,684,782,,,98,4,4,0,0,100,2026-10-06T14:20:33-05:00,2026-10-06T18:59:45+00:00,https://resultadoelectoral.onpe.gob.pe/main/elecciones-municipales
distrital,140206,LIMA,CAJATAMBO,GORGOR,6,853,966,,,113,6,6,0,0,100,2026-10-06T14:20:33-05:00,2026-10-06T18:59:45+00:00,https://resultadoelectoral.onpe.gob.pe/main/elecciones-municipales
distrital,140207,LIMA,CAJATAMBO,HUANCAPON,6,487,618,,,131,4,4,0,0,100,2026-10-06T14:20:33-05:00,2026-10-06T18:59:45+00:00,https://resultadoelectoral.onpe.gob.pe/main/elecciones-municipales
distrital,140208,LIMA,CAJATAMBO,MANAS,6,691,757,,,66,4,4,0,0,100,2026-10-06T14:20:33-05:00,2026-10-06T18:59:45+00:00,https://resultadoelectoral.onpe.gob.pe/main/elecciones-municipales
distrital,140301,LIMA,CANTA,CANTA,7,1852,2132,,,280,10,10,0,0,100,2026-10-06T14:16:02-05:00,2026-10-06T18:59:45+00:00,https://resultadoelectoral.onpe.gob.pe/main/elecciones-municipales
distrital,140302,LIMA,CANTA,ARAHUAY,7,587,662,,,75,3,3,0,0,100,2026-10-06T14:16:02-05:00,2026-10-06T18:59:45+00:00,https://resultadoelectoral.onpe.gob.pe/main/elecciones-municipales
distrital,140303,LIMA,CANTA,HUAMANTANGA,7,637,678,,,41,3,3,0,0,100,2026-10-06T14:16:02-05:00,2026-10-06T18:59:45+00:00,https://resultadoelectoral.onpe.gob.pe/main/elecciones-municipales
distrital,140304,LIMA,CANTA,HUAROS,7,633,736,,,103,4,4,0,0,100,2026-10-06T14:20:33-05:00,2026-10-06T18:59:45+00:00,https://resultadoelectoral.onpe.gob.pe/main/elecciones-municipales
distrital,140305,LIMA,CANTA,LACHAQUI,7,676,813,,,137,4,4,0,0,100,2026-10-06T14:20:33-05:00,2026-10-06T18:59:45+00:00,https://resultadoelectoral.onpe.gob.pe/main/elecciones-municipales
distrital,140306,LIMA,CANTA,SAN BUENAVENTURA,7,365,408,,,43,2,2,0,0,100,2026-10-06T14:20:33-05:00,2026-10-06T18:59:45+00:00,https://resultadoelectoral.onpe.gob.pe/main/elecciones-municipales
distrital,140307,LIMA,CANTA,SANTA ROSA DE QUIVES,7,3970,4534,,,564,22,20,2,0,90.909,2026-10-06T14:16:02-05:00,2026-10-06T18:59:45+00:00,https://resultadoelectoral.onpe.gob.pe/main/elecciones-municipales
distrital,140401,LIMA,CAÑETE,SAN VICENTE DE CAÑETE,16,30998,35413,,,4415,152,151,1,0,99.342,2026-10-06T14:16:02-05:00,2026-10-06T18:59:45+00:00,https://resultadoelectoral.onpe.gob.pe/main/elecciones-municipales
distrital,140402,LIMA,CAÑETE,CALANGO,16,1499,1740,,,241,7,7,0,0,100,2026-10-06T14:16:02-05:00,2026-10-06T18:59:45+00:00,https://resultadoelectoral.onpe.gob.pe/main/elecciones-municipales
distrital,140403,LIMA,CAÑETE,CERRO AZUL,16,4826,5510,,,684,23,23,0,0,100,2026-10-06T14:16:02-05:00,2026-10-06T18:59:45+00:00,https://resultadoelectoral.onpe.gob.pe/main/elecciones-municipales
distrital,140404,LIMA,CAÑETE,COAYLLO,16,1142,1265,,,123,5,5,0,0,100,2026-10-06T14:16:02-05:00,2026-10-06T18:59:45+00:00,https://resultadoelectoral.onpe.gob.pe/main/elecciones-municipales
distrital,140405,LIMA,CAÑETE,CHILCA,16,12039,13389,,,1350,57,54,3,0,94.737,2026-10-06T14:16:02-05:00,2026-10-06T18:59:45+00:00,https://resultadoelectoral.onpe.gob.pe/main/elecciones-municipales
distrital,140406,LIMA,CAÑETE,IMPERIAL,16,23074,25575,,,2501,108,106,2,0,98.148,2026-10-06T14:16:02-05:00,2026-10-06T18:59:45+00:00,https://resultadoelectoral.onpe.gob.pe/main/elecciones-municipales
distrital,140407,LIMA,CAÑETE,LUNAHUANA,16,2540,3006,,,466,13,13,0,0,100,2026-10-06T14:16:02-05:00,2026-10-06T18:59:45+00:00,https://resultadoelectoral.onpe.gob.pe/main/elecciones-municipales
distrital,140408,LIMA,CAÑETE,MALA,16,15096,20296,,,5200,86,82,4,0,95.349,2026-10-06T14:16:02-05:00,2026-10-06T18:59:45+00:00,https://resultadoelectoral.onpe.gob.pe/main/elecciones-municipales
distrital,140409,LIMA,CAÑETE,NUEVO IMPERIAL,16,13807,15613,,,1806,67,65,2,0,97.015,2026-10-06T14:16:02-05:00,2026-10-06T18:59:45+00:00,https://resultadoelectoral.onpe.gob.pe/main/elecciones-municipales
distrital,140410,LIMA,CAÑETE,PACARAN,16,1235,1365,,,130,6,6,0,0,100,2026-10-06T14:16:02-05:00,2026-10-06T18:59:45+00:00,https://resultadoelectoral.onpe.gob.pe/main/elecciones-municipales
distrital,140411,LIMA,CAÑETE,QUILMANA,16,9909,11146,,,1237,47,46,1,0,97.872,2026-10-06T14:16:02-05:00,2026-10-06T18:59:45+00:00,https://resultadoelectoral.onpe.gob.pe/main/elecciones-municipales
distrital,140412,LIMA,CAÑETE,SAN ANTONIO,16,2637,3023,,,386,12,12,0,0,100,2026-10-06T14:20:33-05:00,2026-10-06T18:59:45+00:00,https://resultadoelectoral.onpe.gob.pe/main/elecciones-municipales
distrital,140413,LIMA,CAÑETE,SAN LUIS,16,7796,8599,,,803,38,35,3,0,92.105,2026-10-06T14:20:33-05:00,2026-10-06T18:59:45+00:00,https://resultadoelectoral.onpe.gob.pe/main/elecciones-municipales
distrital,140414,LIMA,CAÑETE,SANTA CRUZ DE FLORES,16,1821,2086,,,265,9,9,0,0,100,2026-10-06T14:20:33-05:00,2026-10-06T18:59:45+00:00,https://resultadoelectoral.onpe.gob.pe/main/elecciones-municipales
distrital,140415,LIMA,CAÑETE,ZUÑIGA,16,913,998,,,85,5,5,0,0,100,2026-10-06T14:20:33-05:00,2026-10-06T18:59:45+00:00,https://resultadoelectoral.onpe.gob.pe/main/elecciones-municipales
distrital,140416,LIMA,CAÑETE,ASIA,16,7719,9640,,,1921,38,38,0,0,100,2026-10-06T14:16:02-05:00,2026-10-06T18:59:45+00:00,https://resultadoelectoral.onpe.gob.pe/main/elecciones-municipales
distrital,140501,LIMA,HUAURA,HUACHO,9,33588,39834,,,6246,189,188,1,0,99.471,2026-10-06T14:16:02-05:00,2026-10-06T18:59:45+00:00,https://resultadoelectoral.onpe.gob.pe/main/elecciones-municipales
distrital,140502,LIMA,HUAURA,AMBAR,9,975,1721,,,746,8,8,0,0,100,2026-10-06T14:20:33-05:00,2026-10-06T18:59:45+00:00,https://resultadoelectoral.onpe.gob.pe/main/elecciones-municipales
distrital,140504,LIMA,HUAURA,CALETA DE CARQUIN,9,3789,4216,,,427,18,18,0,0,100,2026-10-06T14:16:02-05:00,2026-10-06T18:59:45+00:00,https://resultadoelectoral.onpe.gob.pe/main/elecciones-municipales
distrital,140505,LIMA,HUAURA,CHECRAS,9,391,603,,,212,3,3,0,0,100,2026-10-06T14:16:02-05:00,2026-10-06T18:59:45+00:00,https://resultadoelectoral.onpe.gob.pe/main/elecciones-municipales
distrital,140506,LIMA,HUAURA,HUALMAY,9,15023,17340,,,2317,75,74,1,0,98.667,2026-10-06T14:16:02-05:00,2026-10-06T18:59:45+00:00,https://resultadoelectoral.onpe.gob.pe/main/elecciones-municipales
distrital,140507,LIMA,HUAURA,HUAURA,9,19161,21993,,,2832,97,93,4,0,95.876,2026-10-06T14:16:02-05:00,2026-10-06T18:59:45+00:00,https://resultadoelectoral.onpe.gob.pe/main/elecciones-municipales
distrital,140508,LIMA,HUAURA,LEONCIO PRADO,9,1546,1648,,,102,8,8,0,0,100,2026-10-06T14:16:02-05:00,2026-10-06T18:59:45+00:00,https://resultadoelectoral.onpe.gob.pe/main/elecciones-municipales
distrital,140509,LIMA,HUAURA,PACCHO,9,444,1056,,,612,6,5,1,0,83.333,2026-10-06T14:20:33-05:00,2026-10-06T18:59:45+00:00,https://resultadoelectoral.onpe.gob.pe/main/elecciones-municipales
distrital,140511,LIMA,HUAURA,SANTA LEONOR,9,509,796,,,287,4,4,0,0,100,2026-10-06T14:20:33-05:00,2026-10-06T18:59:45+00:00,https://resultadoelectoral.onpe.gob.pe/main/elecciones-municipales
distrital,140512,LIMA,HUAURA,SANTA MARÍA,9,21503,24668,,,3165,107,105,2,0,98.131,2026-10-06T14:16:02-05:00,2026-10-06T18:59:45+00:00,https://resultadoelectoral.onpe.gob.pe/main/elecciones-municipales
distrital,140513,LIMA,HUAURA,SAYAN,9,13209,15325,,,2116,66,66,0,0,100,2026-10-06T14:16:02-05:00,2026-10-06T18:59:45+00:00,https://resultadoelectoral.onpe.gob.pe/main/elecciones-municipales
distrital,140516,LIMA,HUAURA,VEGUETA,9,14447,17775,,,3328,74,74,0,0,100,2026-10-06T14:20:33-05:00,2026-10-06T18:59:45+00:00,https://resultadoelectoral.onpe.gob.pe/main/elecciones-municipales
distrital,140601,LIMA,HUAROCHIRÍ,MATUCANA,11,2896,3282,,,386,15,15,0,0,100,2026-10-06T14:20:33-05:00,2026-10-06T18:59:45+00:00,https://resultadoelectoral.onpe.gob.pe/main/elecciones-municipales
distrital,140602,LIMA,HUAROCHIRÍ,ANTIOQUIA,11,1117,1215,,,98,6,6,0,0,100,2026-10-06T14:20:33-05:00,2026-10-06T18:59:45+00:00,https://resultadoelectoral.onpe.gob.pe/main/elecciones-municipales
distrital,140603,LIMA,HUAROCHIRÍ,CALLAHUANCA,11,620,675,,,55,3,3,0,0,100,2026-10-06T14:20:33-05:00,2026-10-06T18:59:45+00:00,https://resultadoelectoral.onpe.gob.pe/main/elecciones-municipales
distrital,140604,LIMA,HUAROCHIRÍ,CARAMPOMA,11,186,286,,,100,2,2,0,0,100,2026-10-06T14:20:33-05:00,2026-10-06T18:59:45+00:00,https://resultadoelectoral.onpe.gob.pe/main/elecciones-municipales
distrital,140605,LIMA,HUAROCHIRÍ,SAN PEDRO DE CASTA,11,740,856,,,116,4,4,0,0,100,2026-10-06T14:20:33-05:00,2026-10-06T18:59:45+00:00,https://resultadoelectoral.onpe.gob.pe/main/elecciones-municipales
distrital,140606,LIMA,HUAROCHIRÍ,CUENCA,11,375,390,,,15,3,2,1,0,66.667,2026-10-06T14:20:33-05:00,2026-10-06T18:59:45+00:00,https://resultadoelectoral.onpe.gob.pe/main/elecciones-municipales
distrital,140607,LIMA,HUAROCHIRÍ,CHICLA,11,614,653,,,39,6,3,3,0,50,2026-10-06T14:16:02-05:00,2026-10-06T18:59:45+00:00,https://resultadoelectoral.onpe.gob.pe/main/elecciones-municipales
distrital,140608,LIMA,HUAROCHIRÍ,HUANZA,11,491,591,,,100,3,3,0,0,100,2026-10-06T14:20:33-05:00,2026-10-06T18:59:45+00:00,https://resultadoelectoral.onpe.gob.pe/main/elecciones-municipales
distrital,140609,LIMA,HUAROCHIRÍ,HUAROCHIRÍ,11,899,987,,,88,5,5,0,0,100,2026-10-06T14:16:02-05:00,2026-10-06T18:59:45+00:00,https://resultadoelectoral.onpe.gob.pe/main/elecciones-municipales
distrital,140610,LIMA,HUAROCHIRÍ,LAHUAYTAMBO,11,259,283,,,24,3,2,1,0,66.667,2026-10-06T14:20:33-05:00,2026-10-06T18:59:45+00:00,https://resultadoelectoral.onpe.gob.pe/main/elecciones-municipales
distrital,140611,LIMA,HUAROCHIRÍ,LANGA,11,521,680,,,159,4,4,0,0,100,2026-10-06T14:20:33-05:00,2026-10-06T18:59:45+00:00,https://resultadoelectoral.onpe.gob.pe/main/elecciones-municipales
distrital,140612,LIMA,HUAROCHIRÍ,MARIATANA,11,1024,1101,,,77,5,5,0,0,100,2026-10-06T14:20:33-05:00,2026-10-06T18:59:45+00:00,https://resultadoelectoral.onpe.gob.pe/main/elecciones-municipales
distrital,140613,LIMA,HUAROCHIRÍ,RICARDO PALMA,11,3956,4592,,,636,21,20,1,0,95.238,2026-10-06T14:16:02-05:00,2026-10-06T18:59:45+00:00,https://resultadoelectoral.onpe.gob.pe/main/elecciones-municipales
distrital,140614,LIMA,HUAROCHIRÍ,SAN ANDRÉS DE TUPICOCHA,11,608,1024,,,416,5,5,0,0,100,2026-10-06T14:20:33-05:00,2026-10-06T18:59:45+00:00,https://resultadoelectoral.onpe.gob.pe/main/elecciones-municipales
distrital,140615,LIMA,HUAROCHIRÍ,SAN ANTONIO,11,23972,28932,,,4960,139,135,4,0,97.122,2026-10-06T14:16:02-05:00,2026-10-06T18:59:45+00:00,https://resultadoelectoral.onpe.gob.pe/main/elecciones-municipales
distrital,140616,LIMA,HUAROCHIRÍ,SAN BARTOLOMÉ,11,837,902,,,65,4,4,0,0,100,2026-10-06T14:20:33-05:00,2026-10-06T18:59:45+00:00,https://resultadoelectoral.onpe.gob.pe/main/elecciones-municipales
distrital,140617,LIMA,HUAROCHIRÍ,SAN DAMIÁN,11,853,943,,,90,5,5,0,0,100,2026-10-06T14:20:33-05:00,2026-10-06T18:59:45+00:00,https://resultadoelectoral.onpe.gob.pe/main/elecciones-municipales
distrital,140618,LIMA,HUAROCHIRÍ,SANGALLAYA,11,392,487,,,95,2,2,0,0,100,2026-10-06T14:20:33-05:00,2026-10-06T18:59:45+00:00,https://resultadoelectoral.onpe.gob.pe/main/elecciones-municipales
distrital,140619,LIMA,HUAROCHIRÍ,SAN JUAN DE TANTARANCHE,11,240,283,,,43,2,2,0,0,100,2026-10-06T14:20:33-05:00,2026-10-06T18:59:45+00:00,https://resultadoelectoral.onpe.gob.pe/main/elecciones-municipales
distrital,140620,LIMA,HUAROCHIRÍ,SAN LORENZO DE QUINTI,11,796,864,,,68,5,5,0,0,100,2026-10-06T14:16:02-05:00,2026-10-06T18:59:45+00:00,https://resultadoelectoral.onpe.gob.pe/main/elecciones-municipales
distrital,140621,LIMA,HUAROCHIRÍ,SAN MATEO,11,2709,2941,,,232,13,13,0,0,100,2026-10-06T14:16:02-05:00,2026-10-06T18:59:45+00:00,https://resultadoelectoral.onpe.gob.pe/main/elecciones-municipales
distrital,140622,LIMA,HUAROCHIRÍ,SAN MATEO DE OTAO,11,1106,1209,,,103,6,5,1,0,83.333,2026-10-06T14:20:33-05:00,2026-10-06T18:59:45+00:00,https://resultadoelectoral.onpe.gob.pe/main/elecciones-municipales
distrital,140623,LIMA,HUAROCHIRÍ,SAN PEDRO DE HUANCAYRE,11,191,209,,,18,1,1,0,0,100,2026-10-06T14:20:33-05:00,2026-10-06T18:59:45+00:00,https://resultadoelectoral.onpe.gob.pe/main/elecciones-municipales
distrital,140624,LIMA,HUAROCHIRÍ,SANTA CRUZ DE COCACHACRA,11,1617,1786,,,169,8,8,0,0,100,2026-10-06T14:20:33-05:00,2026-10-06T18:59:45+00:00,https://resultadoelectoral.onpe.gob.pe/main/elecciones-municipales
distrital,140625,LIMA,HUAROCHIRÍ,SANTA EULALIA,11,7445,8334,,,889,37,36,1,0,97.297,2026-10-06T14:16:02-05:00,2026-10-06T18:59:45+00:00,https://resultadoelectoral.onpe.gob.pe/main/elecciones-municipales
distrital,140626,LIMA,HUAROCHIRÍ,SANTIAGO DE ANCHUCAYA,11,299,358,,,59,2,2,0,0,100,2026-10-06T14:20:33-05:00,2026-10-06T18:59:45+00:00,https://resultadoelectoral.onpe.gob.pe/main/elecciones-municipales
distrital,140627,LIMA,HUAROCHIRÍ,SANTIAGO DE TUNA,11,392,470,,,78,2,2,0,0,100,2026-10-06T14:20:33-05:00,2026-10-06T18:59:45+00:00,https://resultadoelectoral.onpe.gob.pe/main/elecciones-municipales
distrital,140628,LIMA,HUAROCHIRÍ,SANTO DOMINGO DE LOS OLLEROS,11,3401,3706,,,305,20,20,0,0,100,2026-10-06T14:20:33-05:00,2026-10-06T18:59:45+00:00,https://resultadoelectoral.onpe.gob.pe/main/elecciones-municipales
distrital,140629,LIMA,HUAROCHIRÍ,SURCO,11,1267,1377,,,110,6,6,0,0,100,2026-10-06T14:20:33-05:00,2026-10-06T18:59:45+00:00,https://resultadoelectoral.onpe.gob.pe/main/elecciones-municipales
distrital,140630,LIMA,HUAROCHIRÍ,HUACHUPAMPA,11,532,584,,,52,3,3,0,0,100,2026-10-06T14:16:02-05:00,2026-10-06T18:59:45+00:00,https://resultadoelectoral.onpe.gob.pe/main/elecciones-municipales
distrital,140631,LIMA,HUAROCHIRÍ,SAN PEDRO DE LARAOS,11,269,290,,,21,2,2,0,0,100,2026-10-06T14:20:33-05:00,2026-10-06T18:59:45+00:00,https://resultadoelectoral.onpe.gob.pe/main/elecciones-municipales
distrital,140632,LIMA,HUAROCHIRÍ,SAN JUAN DE IRIS,11,302,422,,,120,2,2,0,0,100,2026-10-06T14:20:33-05:00,2026-10-06T18:59:45+00:00,https://resultadoelectoral.onpe.gob.pe/main/elecciones-municipales
distrital,140701,LIMA,YAUYOS,YAUYOS,7,749,843,,,94,5,5,0,0,100,2026-10-06T14:20:33-05:00,2026-10-06T18:59:45+00:00,https://resultadoelectoral.onpe.gob.pe/main/elecciones-municipales
distrital,140702,LIMA,YAUYOS,ALIS,7,330,374,,,44,2,2,0,0,100,2026-10-06T14:20:33-05:00,2026-10-06T18:59:45+00:00,https://resultadoelectoral.onpe.gob.pe/main/elecciones-municipales
distrital,140703,LIMA,YAUYOS,ALLAUCA,7,959,1072,,,113,5,5,0,0,100,2026-10-06T14:20:33-05:00,2026-10-06T18:59:45+00:00,https://resultadoelectoral.onpe.gob.pe/main/elecciones-municipales
distrital,140704,LIMA,YAUYOS,AYAVIRI,7,344,375,,,31,2,2,0,0,100,2026-10-06T14:20:33-05:00,2026-10-06T18:59:45+00:00,https://resultadoelectoral.onpe.gob.pe/main/elecciones-municipales
distrital,140705,LIMA,YAUYOS,AZÁNGARO,7,367,502,,,135,3,3,0,0,100,2026-10-06T14:20:33-05:00,2026-10-06T18:59:45+00:00,https://resultadoelectoral.onpe.gob.pe/main/elecciones-municipales
distrital,140706,LIMA,YAUYOS,CACRA,7,404,473,,,69,3,3,0,0,100,2026-10-06T14:20:33-05:00,2026-10-06T18:59:45+00:00,https://resultadoelectoral.onpe.gob.pe/main/elecciones-municipales
distrital,140707,LIMA,YAUYOS,CARANIA,7,178,209,,,31,1,1,0,0,100,2026-10-06T14:20:33-05:00,2026-10-06T18:59:45+00:00,https://resultadoelectoral.onpe.gob.pe/main/elecciones-municipales
distrital,140708,LIMA,YAUYOS,COCHAS,7,194,207,,,13,1,1,0,0,100,2026-10-06T14:16:02-05:00,2026-10-06T18:59:45+00:00,https://resultadoelectoral.onpe.gob.pe/main/elecciones-municipales
distrital,140709,LIMA,YAUYOS,COLONIA,7,1017,1258,,,241,8,8,0,0,100,2026-10-06T14:20:33-05:00,2026-10-06T18:59:45+00:00,https://resultadoelectoral.onpe.gob.pe/main/elecciones-municipales
distrital,140710,LIMA,YAUYOS,CHOCOS,7,970,1124,,,154,7,6,1,0,85.714,2026-10-06T14:20:33-05:00,2026-10-06T18:59:45+00:00,https://resultadoelectoral.onpe.gob.pe/main/elecciones-municipales
distrital,140711,LIMA,YAUYOS,HUAMPARA,7,288,308,,,20,2,2,0,0,100,2026-10-06T14:20:33-05:00,2026-10-06T18:59:45+00:00,https://resultadoelectoral.onpe.gob.pe/main/elecciones-municipales
distrital,140712,LIMA,YAUYOS,HUANCAYA,7,355,438,,,83,3,3,0,0,100,2026-10-06T14:20:33-05:00,2026-10-06T18:59:45+00:00,https://resultadoelectoral.onpe.gob.pe/main/elecciones-municipales
distrital,140713,LIMA,YAUYOS,HUANGASCAR,7,739,819,,,80,4,4,0,0,100,2026-10-06T14:20:33-05:00,2026-10-06T18:59:45+00:00,https://resultadoelectoral.onpe.gob.pe/main/elecciones-municipales
distrital,140714,LIMA,YAUYOS,HUANTAN,7,619,689,,,70,4,4,0,0,100,2026-10-06T14:20:33-05:00,2026-10-06T18:59:45+00:00,https://resultadoelectoral.onpe.gob.pe/main/elecciones-municipales
distrital,140715,LIMA,YAUYOS,HUAÑEC,7,409,475,,,66,2,2,0,0,100,2026-10-06T14:20:33-05:00,2026-10-06T18:59:45+00:00,https://resultadoelectoral.onpe.gob.pe/main/elecciones-municipales
distrital,140716,LIMA,YAUYOS,LARAOS,7,424,453,,,29,3,3,0,0,100,2026-10-06T14:20:33-05:00,2026-10-06T18:59:45+00:00,https://resultadoelectoral.onpe.gob.pe/main/elecciones-municipales
distrital,140717,LIMA,YAUYOS,LINCHA,7,573,804,,,231,4,4,0,0,100,2026-10-06T14:20:33-05:00,2026-10-06T18:59:45+00:00,https://resultadoelectoral.onpe.gob.pe/main/elecciones-municipales
distrital,140718,LIMA,YAUYOS,MIRAFLORES,7,233,261,,,28,2,2,0,0,100,2026-10-06T14:20:33-05:00,2026-10-06T18:59:45+00:00,https://resultadoelectoral.onpe.gob.pe/main/elecciones-municipales
distrital,140719,LIMA,YAUYOS,OMAS,7,571,615,,,44,3,3,0,0,100,2026-10-06T14:20:33-05:00,2026-10-06T18:59:45+00:00,https://resultadoelectoral.onpe.gob.pe/main/elecciones-municipales
distrital,140720,LIMA,YAUYOS,QUINCHES,7,471,591,,,120,3,3,0,0,100,2026-10-06T14:20:33-05:00,2026-10-06T18:59:45+00:00,https://resultadoelectoral.onpe.gob.pe/main/elecciones-municipales
distrital,140721,LIMA,YAUYOS,QUINOCAY,7,372,446,,,74,3,3,0,0,100,2026-10-06T14:20:33-05:00,2026-10-06T18:59:45+00:00,https://resultadoelectoral.onpe.gob.pe/main/elecciones-municipales
distrital,140722,LIMA,YAUYOS,SAN JOAQUÍN,7,180,200,,,20,1,1,0,0,100,2026-10-06T14:20:33-05:00,2026-10-06T18:59:45+00:00,https://resultadoelectoral.onpe.gob.pe/main/elecciones-municipales
distrital,140723,LIMA,YAUYOS,SAN PEDRO DE PILAS,7,217,316,,,99,2,2,0,0,100,2026-10-06T14:20:33-05:00,2026-10-06T18:59:45+00:00,https://resultadoelectoral.onpe.gob.pe/main/elecciones-municipales
distrital,140724,LIMA,YAUYOS,TANTA,7,569,608,,,39,3,3,0,0,100,2026-10-06T14:20:33-05:00,2026-10-06T18:59:45+00:00,https://resultadoelectoral.onpe.gob.pe/main/elecciones-municipales
distrital,140725,LIMA,YAUYOS,TAURIPAMPA,7,539,607,,,68,3,3,0,0,100,2026-10-06T14:20:33-05:00,2026-10-06T18:59:45+00:00,https://resultadoelectoral.onpe.gob.pe/main/elecciones-municipales
distrital,140726,LIMA,YAUYOS,TUPE,7,623,691,,,68,4,4,0,0,100,2026-10-06T14:20:33-05:00,2026-10-06T18:59:45+00:00,https://resultadoelectoral.onpe.gob.pe/main/elecciones-municipales
distrital,140727,LIMA,YAUYOS,TOMÁS,7,485,610,,,125,3,3,0,0,100,2026-10-06T14:20:33-05:00,2026-10-06T18:59:45+00:00,https://resultadoelectoral.onpe.gob.pe/main/elecciones-municipales
distrital,140728,LIMA,YAUYOS,VIÑAC,7,1272,1495,,,223,8,8,0,0,100,2026-10-06T14:20:33-05:00,2026-10-06T18:59:45+00:00,https://resultadoelectoral.onpe.gob.pe/main/elecciones-municipales
distrital,140729,LIMA,YAUYOS,VITIS,7,275,309,,,34,2,2,0,0,100,2026-10-06T14:20:33-05:00,2026-10-06T18:59:45+00:00,https://resultadoelectoral.onpe.gob.pe/main/elecciones-municipales
distrital,140730,LIMA,YAUYOS,HONGOS,7,256,425,,,169,2,2,0,0,100,2026-10-06T14:20:33-05:00,2026-10-06T18:59:45+00:00,https://resultadoelectoral.onpe.gob.pe/main/elecciones-municipales
distrital,140731,LIMA,YAUYOS,MADEAN,7,732,819,,,87,4,4,0,0,100,2026-10-06T14:20:33-05:00,2026-10-06T18:59:45+00:00,https://resultadoelectoral.onpe.gob.pe/main/elecciones-municipales
distrital,140732,LIMA,YAUYOS,PUTINZA,7,633,688,,,55,3,3,0,0,100,2026-10-06T14:20:33-05:00,2026-10-06T18:59:45+00:00,https://resultadoelectoral.onpe.gob.pe/main/elecciones-municipales
distrital,140733,LIMA,YAUYOS,CATAHUASI,7,940,1124,,,184,6,6,0,0,100,2026-10-06T14:20:33-05:00,2026-10-06T18:59:45+00:00,https://resultadoelectoral.onpe.gob.pe/main/elecciones-municipales
distrital,140801,LIMA,HUARAL,HUARAL,14,57695,67963,,,10268,296,292,4,0,98.649,2026-10-06T14:20:33-05:00,2026-10-06T18:59:45+00:00,https://resultadoelectoral.onpe.gob.pe/main/elecciones-municipales
distrital,140802,LIMA,HUARAL,ATAVILLOS ALTO,14,464,529,,,65,3,3,0,0,100,2026-10-06T14:20:33-05:00,2026-10-06T18:59:45+00:00,https://resultadoelectoral.onpe.gob.pe/main/elecciones-municipales
distrital,140803,LIMA,HUARAL,ATAVILLOS BAJO,14,489,556,,,67,3,3,0,0,100,2026-10-06T14:20:33-05:00,2026-10-06T18:59:45+00:00,https://resultadoelectoral.onpe.gob.pe/main/elecciones-municipales
distrital,140804,LIMA,HUARAL,AUCALLAMA,14,10082,11580,,,1498,50,49,1,0,98,2026-10-06T14:20:33-05:00,2026-10-06T18:59:45+00:00,https://resultadoelectoral.onpe.gob.pe/main/elecciones-municipales
distrital,140805,LIMA,HUARAL,CHANCAY,14,32431,40700,,,8269,176,174,2,0,98.864,2026-10-06T14:20:33-05:00,2026-10-06T18:59:45+00:00,https://resultadoelectoral.onpe.gob.pe/main/elecciones-municipales
distrital,140806,LIMA,HUARAL,IHUARI,14,436,473,,,37,9,2,0,7,22.222,2026-10-06T14:20:33-05:00,2026-10-06T18:59:45+00:00,https://resultadoelectoral.onpe.gob.pe/main/elecciones-municipales
distrital,140807,LIMA,HUARAL,LAMPIAN,14,469,515,,,46,3,3,0,0,100,2026-10-06T14:20:33-05:00,2026-10-06T18:59:45+00:00,https://resultadoelectoral.onpe.gob.pe/main/elecciones-municipales
distrital,140808,LIMA,HUARAL,PACARAOS,14,347,387,,,40,3,2,1,0,66.667,2026-10-06T14:20:33-05:00,2026-10-06T18:59:45+00:00,https://resultadoelectoral.onpe.gob.pe/main/elecciones-municipales
distrital,140809,LIMA,HUARAL,SAN MIGUEL DE ACOS,14,738,783,,,45,4,4,0,0,100,2026-10-06T14:20:33-05:00,2026-10-06T18:59:45+00:00,https://resultadoelectoral.onpe.gob.pe/main/elecciones-municipales
distrital,140810,LIMA,HUARAL,VEINTISIETE DE NOVIEMBRE,14,491,535,,,44,3,3,0,0,100,2026-10-06T14:20:33-05:00,2026-10-06T18:59:45+00:00,https://resultadoelectoral.onpe.gob.pe/main/elecciones-municipales
distrital,140811,LIMA,HUARAL,SANTA CRUZ DE ANDAMARCA,14,312,335,,,23,2,2,0,0,100,2026-10-06T14:20:33-05:00,2026-10-06T18:59:45+00:00,https://resultadoelectoral.onpe.gob.pe/main/elecciones-municipales
distrital,140812,LIMA,HUARAL,SUMBILCA,14,637,708,,,71,3,3,0,0,100,2026-10-06T14:20:33-05:00,2026-10-06T18:59:45+00:00,https://resultadoelectoral.onpe.gob.pe/main/elecciones-municipales
distrital,140901,LIMA,BARRANCA,BARRANCA,13,38077,43758,,,5681,195,194,1,0,99.487,2026-10-06T14:20:33-05:00,2026-10-06T18:59:45+00:00,https://resultadoelectoral.onpe.gob.pe/main/elecciones-municipales
distrital,140902,LIMA,BARRANCA,PARAMONGA,13,12416,13967,,,1551,66,66,0,0,100,2026-10-06T14:20:33-05:00,2026-10-06T18:59:45+00:00,https://resultadoelectoral.onpe.gob.pe/main/elecciones-municipales
distrital,140903,LIMA,BARRANCA,PATIVILCA,13,9601,10955,,,1354,54,51,3,0,94.444,2026-10-06T14:20:33-05:00,2026-10-06T18:59:45+00:00,https://resultadoelectoral.onpe.gob.pe/main/elecciones-municipales
distrital,140904,LIMA,BARRANCA,SUPE,13,13120,15421,,,2301,71,67,4,0,94.366,2026-10-06T14:20:33-05:00,2026-10-06T18:59:45+00:00,https://resultadoelectoral.onpe.gob.pe/main/elecciones-municipales
distrital,140905,LIMA,BARRANCA,SUPE PUERTO,13,7059,7905,,,846,35,35,0,0,100,2026-10-06T14:20:33-05:00,2026-10-06T18:59:45+00:00,https://resultadoelectoral.onpe.gob.pe/main/elecciones-municipales
distrital,141001,LIMA,OYÓN,OYÓN,7,3777,4488,,,711,24,23,1,0,95.833,2026-10-06T14:20:33-05:00,2026-10-06T18:59:45+00:00,https://resultadoelectoral.onpe.gob.pe/main/elecciones-municipales
distrital,141002,LIMA,OYÓN,NAVAN,7,577,650,,,73,3,3,0,0,100,2026-10-06T14:20:33-05:00,2026-10-06T18:59:45+00:00,https://resultadoelectoral.onpe.gob.pe/main/elecciones-municipales
distrital,141003,LIMA,OYÓN,CAUJUL,7,388,461,,,73,3,3,0,0,100,2026-10-06T14:20:33-05:00,2026-10-06T18:59:45+00:00,https://resultadoelectoral.onpe.gob.pe/main/elecciones-municipales
distrital,141004,LIMA,OYÓN,ANDAJES,7,352,399,,,47,2,2,0,0,100,2026-10-06T14:20:33-05:00,2026-10-06T18:59:45+00:00,https://resultadoelectoral.onpe.gob.pe/main/elecciones-municipales
distrital,141005,LIMA,OYÓN,PACHANGARA,7,1496,2064,,,568,12,12,0,0,100,2026-10-06T14:20:33-05:00,2026-10-06T18:59:45+00:00,https://resultadoelectoral.onpe.gob.pe/main/elecciones-municipales
distrital,141006,LIMA,OYÓN,COCHAMARCA,7,1092,1217,,,125,6,6,0,0,100,2026-10-06T14:20:33-05:00,2026-10-06T18:59:45+00:00,https://resultadoelectoral.onpe.gob.pe/main/elecciones-municipales
distrital,150101,LORETO,MAYNAS,IQUITOS,14,65943,74335,,,8392,392,373,19,0,95.153,2026-10-06T14:20:33-05:00,2026-10-06T18:59:45+00:00,https://resultadoelectoral.onpe.gob.pe/main/elecciones-municipales
distrital,150102,LORETO,MAYNAS,ALTO NANAY,14,1679,1843,,,164,14,11,3,0,78.571,2026-10-06T14:20:33-05:00,2026-10-06T18:59:45+00:00,https://resultadoelectoral.onpe.gob.pe/main/elecciones-municipales
distrital,150103,LORETO,MAYNAS,FERNANDO LORES,14,5637,6205,,,568,43,35,8,0,81.395,2026-10-06T14:20:33-05:00,2026-10-06T18:59:45+00:00,https://resultadoelectoral.onpe.gob.pe/main/elecciones-municipales
distrital,150104,LORETO,MAYNAS,LAS AMAZONAS,14,3359,3613,,,254,28,25,3,0,89.286,2026-10-06T14:20:33-05:00,2026-10-06T18:59:45+00:00,https://resultadoelectoral.onpe.gob.pe/main/elecciones-municipales
distrital,150105,LORETO,MAYNAS,MAZAN,14,4771,5295,,,524,38,34,4,0,89.474,2026-10-06T14:20:33-05:00,2026-10-06T18:59:45+00:00,https://resultadoelectoral.onpe.gob.pe/main/elecciones-municipales
distrital,150106,LORETO,MAYNAS,NAPO,14,5837,6200,,,363,41,40,1,0,97.561,2026-10-06T14:20:33-05:00,2026-10-06T18:59:45+00:00,https://resultadoelectoral.onpe.gob.pe/main/elecciones-municipales
distrital,150108,LORETO,MAYNAS,TORRES CAUSANA,14,1808,2459,,,651,17,16,1,0,94.118,2026-10-06T14:20:33-05:00,2026-10-06T18:59:45+00:00,https://resultadoelectoral.onpe.gob.pe/main/elecciones-municipales
distrital,150110,LORETO,MAYNAS,INDIANA,14,3368,4553,,,1185,32,28,4,0,87.5,2026-10-06T14:20:33-05:00,2026-10-06T18:59:45+00:00,https://resultadoelectoral.onpe.gob.pe/main/elecciones-municipales
distrital,150111,LORETO,MAYNAS,PUNCHANA,14,34458,39555,,,5097,218,211,6,1,96.789,2026-10-06T14:20:33-05:00,2026-10-06T18:59:45+00:00,https://resultadoelectoral.onpe.gob.pe/main/elecciones-municipales
distrital,150112,LORETO,MAYNAS,BELÉN,14,27759,31895,,,4136,185,166,17,2,89.73,2026-10-06T14:20:33-05:00,2026-10-06T18:59:45+00:00,https://resultadoelectoral.onpe.gob.pe/main/elecciones-municipales
distrital,150113,LORETO,MAYNAS,SAN JUAN BAUTISTA,14,49869,56933,,,7064,323,298,24,1,92.26,2026-10-06T14:20:33-05:00,2026-10-06T18:59:45+00:00,https://resultadoelectoral.onpe.gob.pe/main/elecciones-municipales
distrital,150201,LORETO,ALTO AMAZONAS,YURIMAGUAS,8,36819,41680,,,4861,226,210,15,1,92.92,2026-10-06T14:20:33-05:00,2026-10-06T18:59:45+00:00,https://resultadoelectoral.onpe.gob.pe/main/elecciones-municipales
distrital,150202,LORETO,ALTO AMAZONAS,BALSAPUERTO,8,2824,4260,,,1436,51,22,8,21,43.137,2026-10-06T14:20:33-05:00,2026-10-06T18:59:45+00:00,https://resultadoelectoral.onpe.gob.pe/main/elecciones-municipales
distrital,150205,LORETO,ALTO AMAZONAS,JEBEROS,8,0,0,,,0,15,0,0,15,0,2026-10-06T14:20:33-05:00,2026-10-06T18:59:45+00:00,https://resultadoelectoral.onpe.gob.pe/main/elecciones-municipales
distrital,150206,LORETO,ALTO AMAZONAS,LAGUNAS,8,3383,3807,,,424,37,20,2,15,54.054,2026-10-06T14:20:33-05:00,2026-10-06T18:59:45+00:00,https://resultadoelectoral.onpe.gob.pe/main/elecciones-municipales
distrital,150210,LORETO,ALTO AMAZONAS,SANTA CRUZ,8,0,0,,,0,18,0,0,18,0,2026-10-06T14:20:33-05:00,2026-10-06T18:59:45+00:00,https://resultadoelectoral.onpe.gob.pe/main/elecciones-municipales
distrital,150211,LORETO,ALTO AMAZONAS,TENIENTE CÉSAR LÓPEZ ROJAS,8,3042,3320,,,278,21,17,4,0,80.952,2026-10-06T14:20:33-05:00,2026-10-06T18:59:45+00:00,https://resultadoelectoral.onpe.gob.pe/main/elecciones-municipales
distrital,150301,LORETO,LORETO,NAUTA,10,13765,15370,,,1605,90,88,2,0,97.778,2026-10-06T14:20:33-05:00,2026-10-06T18:59:45+00:00,https://resultadoelectoral.onpe.gob.pe/main/elecciones-municipales
distrital,150302,LORETO,LORETO,PARINARI,10,0,0,,,0,19,0,0,19,0,2026-10-06T14:20:33-05:00,2026-10-06T18:59:45+00:00,https://resultadoelectoral.onpe.gob.pe/main/elecciones-municipales
distrital,150303,LORETO,LORETO,TIGRE,10,2484,2763,,,279,24,19,2,3,79.167,2026-10-06T14:20:33-05:00,2026-10-06T18:59:45+00:00,https://resultadoelectoral.onpe.gob.pe/main/elecciones-municipales
distrital,150304,LORETO,LORETO,URARINAS,10,1332,1536,,,204,44,9,4,31,20.455,2026-10-06T14:20:33-05:00,2026-10-06T18:59:45+00:00,https://resultadoelectoral.onpe.gob.pe/main/elecciones-municipales
distrital,150305,LORETO,LORETO,TROMPETEROS,10,4080,4369,,,289,26,23,3,0,88.462,2026-10-06T14:20:33-05:00,2026-10-06T18:59:45+00:00,https://resultadoelectoral.onpe.gob.pe/main/elecciones-municipales
distrital,150401,LORETO,REQUENA,REQUENA,6,11229,12095,,,866,66,63,3,0,95.455,2026-10-06T14:20:33-05:00,2026-10-06T18:59:45+00:00,https://resultadoelectoral.onpe.gob.pe/main/elecciones-municipales
distrital,150402,LORETO,REQUENA,ALTO TAPICHE,6,1035,1060,,,25,7,7,0,0,100,2026-10-06T14:20:33-05:00,2026-10-06T18:59:45+00:00,https://resultadoelectoral.onpe.gob.pe/main/elecciones-municipales
distrital,150403,LORETO,REQUENA,CAPELO,6,1562,1685,,,123,9,9,0,0,100,2026-10-06T14:20:33-05:00,2026-10-06T18:59:45+00:00,https://resultadoelectoral.onpe.gob.pe/main/elecciones-municipales
distrital,150404,LORETO,REQUENA,EMILIO SAN MARTÍN,6,655,689,,,34,20,4,0,16,20,2026-10-06T14:20:33-05:00,2026-10-06T18:59:45+00:00,https://resultadoelectoral.onpe.gob.pe/main/elecciones-municipales
distrital,150405,LORETO,REQUENA,MAQUIA,6,2737,3475,,,738,25,20,5,0,80,2026-10-06T14:20:33-05:00,2026-10-06T18:59:45+00:00,https://resultadoelectoral.onpe.gob.pe/main/elecciones-municipales
distrital,150406,LORETO,REQUENA,PUINAHUA,6,4233,4509,,,276,23,22,1,0,95.652,2026-10-06T14:20:33-05:00,2026-10-06T18:59:45+00:00,https://resultadoelectoral.onpe.gob.pe/main/elecciones-municipales
distrital,150407,LORETO,REQUENA,SAQUENA,6,1884,1963,,,79,11,11,0,0,100,2026-10-06T14:20:33-05:00,2026-10-06T18:59:45+00:00,https://resultadoelectoral.onpe.gob.pe/main/elecciones-municipales
distrital,150408,LORETO,REQUENA,SOPLIN,6,309,345,,,36,3,2,1,0,66.667,2026-10-06T14:20:33-05:00,2026-10-06T18:59:45+00:00,https://resultadoelectoral.onpe.gob.pe/main/elecciones-municipales
distrital,150409,LORETO,REQUENA,TAPICHE,6,835,880,,,45,6,5,1,0,83.333,2026-10-06T14:20:33-05:00,2026-10-06T18:59:45+00:00,https://resultadoelectoral.onpe.gob.pe/main/elecciones-municipales
distrital,150410,LORETO,REQUENA,JENARO HERRERA,6,2287,2482,,,195,14,14,0,0,100,2026-10-06T14:20:33-05:00,2026-10-06T18:59:45+00:00,https://resultadoelectoral.onpe.gob.pe/main/elecciones-municipales
distrital,150411,LORETO,REQUENA,YAQUERANA,6,0,0,,,0,9,0,0,9,0,2026-10-06T14:20:33-05:00,2026-10-06T18:59:45+00:00,https://resultadoelectoral.onpe.gob.pe/main/elecciones-municipales
distrital,150501,LORETO,UCAYALI,CONTAMANA,7,10879,12196,,,1317,72,70,2,0,97.222,2026-10-06T14:20:33-05:00,2026-10-06T18:59:45+00:00,https://resultadoelectoral.onpe.gob.pe/main/elecciones-municipales
distrital,150502,LORETO,UCAYALI,VARGAS GUERRA,7,3857,4150,,,293,25,21,4,0,84,2026-10-06T14:20:33-05:00,2026-10-06T18:59:45+00:00,https://resultadoelectoral.onpe.gob.pe/main/elecciones-municipales
distrital,150503,LORETO,UCAYALI,PADRE MÁRQUEZ,7,2638,2946,,,308,20,19,1,0,95,2026-10-06T14:20:33-05:00,2026-10-06T18:59:45+00:00,https://resultadoelectoral.onpe.gob.pe/main/elecciones-municipales
distrital,150504,LORETO,UCAYALI,PAMPA HERMOSA,7,3122,3418,,,296,21,21,0,0,100,2026-10-06T14:20:33-05:00,2026-10-06T18:59:45+00:00,https://resultadoelectoral.onpe.gob.pe/main/elecciones-municipales
distrital,150505,LORETO,UCAYALI,SARAYACU,7,6090,6392,,,302,43,40,3,0,93.023,2026-10-06T14:20:33-05:00,2026-10-06T18:59:45+00:00,https://resultadoelectoral.onpe.gob.pe/main/elecciones-municipales
distrital,150506,LORETO,UCAYALI,INAHUAYA,7,1402,1462,,,60,10,8,2,0,80,2026-10-06T14:20:33-05:00,2026-10-06T18:59:45+00:00,https://resultadoelectoral.onpe.gob.pe/main/elecciones-municipales
distrital,150601,LORETO,MARISCAL RAMÓN CASTILLA,RAMÓN CASTILLA,7,8301,9976,,,1675,62,60,2,0,96.774,2026-10-06T14:20:33-05:00,2026-10-06T18:59:45+00:00,https://resultadoelectoral.onpe.gob.pe/main/elecciones-municipales
distrital,150602,LORETO,MARISCAL RAMÓN CASTILLA,PEBAS,7,3950,5100,,,1150,37,36,1,0,97.297,2026-10-06T14:20:33-05:00,2026-10-06T18:59:45+00:00,https://resultadoelectoral.onpe.gob.pe/main/elecciones-municipales
distrital,150603,LORETO,MARISCAL RAMÓN CASTILLA,YAVARI,7,4533,5389,,,856,42,39,3,0,92.857,2026-10-06T14:20:33-05:00,2026-10-06T18:59:45+00:00,https://resultadoelectoral.onpe.gob.pe/main/elecciones-municipales
distrital,150604,LORETO,MARISCAL RAMÓN CASTILLA,SAN PABLO,7,5791,6381,,,590,46,43,3,0,93.478,2026-10-06T14:20:33-05:00,2026-10-06T18:59:45+00:00,https://resultadoelectoral.onpe.gob.pe/main/elecciones-municipales
distrital,150605,LORETO,MARISCAL RAMÓN CASTILLA,SANTA ROSA DE LORETO,7,1433,2017,,,584,9,9,0,0,100,2026-10-06T14:20:33-05:00,2026-10-06T18:59:45+00:00,https://resultadoelectoral.onpe.gob.pe/main/elecciones-municipales
distrital,150701,LORETO,DATEM DEL MARAÑÓN,BARRANCA,8,0,0,,,0,43,0,0,43,0,2026-10-06T14:20:33-05:00,2026-10-06T18:59:45+00:00,https://resultadoelectoral.onpe.gob.pe/main/elecciones-municipales
distrital,150702,LORETO,DATEM DEL MARAÑÓN,ANDOAS,8,0,0,,,0,38,0,0,38,0,2026-10-06T14:20:33-05:00,2026-10-06T18:59:45+00:00,https://resultadoelectoral.onpe.gob.pe/main/elecciones-municipales
distrital,150703,LORETO,DATEM DEL MARAÑÓN,CAHUAPANAS,8,0,0,,,0,28,0,0,28,0,2026-10-06T14:20:33-05:00,2026-10-06T18:59:45+00:00,https://resultadoelectoral.onpe.gob.pe/main/elecciones-municipales
distrital,150704,LORETO,DATEM DEL MARAÑÓN,MANSERICHE,8,0,0,,,0,32,0,0,32,0,2026-10-06T14:20:33-05:00,2026-10-06T18:59:45+00:00,https://resultadoelectoral.onpe.gob.pe/main/elecciones-municipales
distrital,150705,LORETO,DATEM DEL MARAÑÓN,MORONA,8,0,0,,,0,27,0,0,27,0,2026-10-06T14:20:33-05:00,2026-10-06T18:59:45+00:00,https://resultadoelectoral.onpe.gob.pe/main/elecciones-municipales
distrital,150706,LORETO,DATEM DEL MARAÑÓN,PASTAZA,8,3147,3373,,,226,34,20,2,12,58.824,2026-10-06T14:20:33-05:00,2026-10-06T18:59:45+00:00,https://resultadoelectoral.onpe.gob.pe/main/elecciones-municipales
distrital,150901,LORETO,PUTUMAYO,PUTUMAYO,6,0,0,,,0,14,0,0,14,0,2026-10-06T14:20:33-05:00,2026-10-06T18:59:45+00:00,https://resultadoelectoral.onpe.gob.pe/main/elecciones-municipales
distrital,150902,LORETO,PUTUMAYO,ROSA PANDURO,6,0,0,,,0,2,0,0,2,0,2026-10-06T14:20:33-05:00,2026-10-06T18:59:45+00:00,https://resultadoelectoral.onpe.gob.pe/main/elecciones-municipales
distrital,150903,LORETO,PUTUMAYO,TENIENTE MANUEL CLAVERO,6,0,0,,,0,10,0,0,10,0,2026-10-06T14:20:33-05:00,2026-10-06T18:59:45+00:00,https://resultadoelectoral.onpe.gob.pe/main/elecciones-municipales
distrital,150904,LORETO,PUTUMAYO,YAGUAS,6,214,311,,,97,4,2,0,2,50,2026-10-06T14:20:33-05:00,2026-10-06T18:59:45+00:00,https://resultadoelectoral.onpe.gob.pe/main/elecciones-municipales
distrital,160101,MADRE DE DIOS,TAMBOPATA,TAMBOPATA,11,49948,58336,,,8388,283,278,5,0,98.233,2026-10-06T14:20:33-05:00,2026-10-06T18:59:45+00:00,https://resultadoelectoral.onpe.gob.pe/main/elecciones-municipales
distrital,160102,MADRE DE DIOS,TAMBOPATA,INAMBARI,11,7511,8670,,,1159,55,54,1,0,98.182,2026-10-06T14:20:33-05:00,2026-10-06T18:59:45+00:00,https://resultadoelectoral.onpe.gob.pe/main/elecciones-municipales
distrital,160103,MADRE DE DIOS,TAMBOPATA,LAS PIEDRAS,11,6781,7879,,,1098,41,40,1,0,97.561,2026-10-06T14:20:33-05:00,2026-10-06T18:59:45+00:00,https://resultadoelectoral.onpe.gob.pe/main/elecciones-municipales
distrital,160104,MADRE DE DIOS,TAMBOPATA,LABERINTO,11,3787,4602,,,815,25,24,1,0,96,2026-10-06T14:20:33-05:00,2026-10-06T18:59:45+00:00,https://resultadoelectoral.onpe.gob.pe/main/elecciones-municipales
distrital,160201,MADRE DE DIOS,MANÚ,MANÚ,6,1504,1766,,,262,11,11,0,0,100,2026-10-06T14:20:33-05:00,2026-10-06T18:59:45+00:00,https://resultadoelectoral.onpe.gob.pe/main/elecciones-municipales
distrital,160202,MADRE DE DIOS,MANÚ,FITZCARRALD,6,391,521,,,130,6,6,0,0,100,2026-10-06T14:20:33-05:00,2026-10-06T18:59:45+00:00,https://resultadoelectoral.onpe.gob.pe/main/elecciones-municipales
distrital,160203,MADRE DE DIOS,MANÚ,MADRE DE DIOS,6,2634,4118,,,1484,30,29,1,0,96.667,2026-10-06T14:20:33-05:00,2026-10-06T18:59:45+00:00,https://resultadoelectoral.onpe.gob.pe/main/elecciones-municipales
distrital,160204,MADRE DE DIOS,MANÚ,HUEPETUHE,6,3606,4501,,,895,24,24,0,0,100,2026-10-06T14:20:33-05:00,2026-10-06T18:59:45+00:00,https://resultadoelectoral.onpe.gob.pe/main/elecciones-municipales
distrital,160301,MADRE DE DIOS,TAHUAMANÚ,IÑAPARÍ,5,882,1066,,,184,6,6,0,0,100,2026-10-06T14:20:33-05:00,2026-10-06T18:59:45+00:00,https://resultadoelectoral.onpe.gob.pe/main/elecciones-municipales
distrital,160302,MADRE DE DIOS,TAHUAMANÚ,IBERIA,5,3262,3601,,,339,19,19,0,0,100,2026-10-06T14:20:33-05:00,2026-10-06T18:59:45+00:00,https://resultadoelectoral.onpe.gob.pe/main/elecciones-municipales
distrital,160303,MADRE DE DIOS,TAHUAMANÚ,TAHUAMANÚ,5,1617,1898,,,281,11,10,1,0,90.909,2026-10-06T14:20:33-05:00,2026-10-06T18:59:45+00:00,https://resultadoelectoral.onpe.gob.pe/main/elecciones-municipales
distrital,170101,MOQUEGUA,MARISCAL NIETO,MOQUEGUA,13,26631,30118,,,3487,134,134,0,0,100,2026-10-06T14:20:33-05:00,2026-10-06T18:59:45+00:00,https://resultadoelectoral.onpe.gob.pe/main/elecciones-municipales
distrital,170102,MOQUEGUA,MARISCAL NIETO,CARUMAS,13,1688,1961,,,273,10,10,0,0,100,2026-10-06T14:20:33-05:00,2026-10-06T18:59:45+00:00,https://resultadoelectoral.onpe.gob.pe/main/elecciones-municipales
distrital,170103,MOQUEGUA,MARISCAL NIETO,CUCHUMBAYA,13,899,993,,,94,4,4,0,0,100,2026-10-06T14:20:33-05:00,2026-10-06T18:59:45+00:00,https://resultadoelectoral.onpe.gob.pe/main/elecciones-municipales
distrital,170104,MOQUEGUA,MARISCAL NIETO,SAN CRISTÓBAL,13,1655,1826,,,171,9,9,0,0,100,2026-10-06T14:20:33-05:00,2026-10-06T18:59:45+00:00,https://resultadoelectoral.onpe.gob.pe/main/elecciones-municipales
distrital,170105,MOQUEGUA,MARISCAL NIETO,TORATA,13,6132,6811,,,679,29,28,1,0,96.552,2026-10-06T14:20:33-05:00,2026-10-06T18:59:45+00:00,https://resultadoelectoral.onpe.gob.pe/main/elecciones-municipales
distrital,170106,MOQUEGUA,MARISCAL NIETO,SAMEGUA,13,5464,6217,,,753,26,26,0,0,100,2026-10-06T14:20:33-05:00,2026-10-06T18:59:45+00:00,https://resultadoelectoral.onpe.gob.pe/main/elecciones-municipales
distrital,170107,MOQUEGUA,MARISCAL NIETO,SAN ANTONIO,13,15974,17297,,,1323,69,67,2,0,97.101,2026-10-06T14:20:33-05:00,2026-10-06T18:59:45+00:00,https://resultadoelectoral.onpe.gob.pe/main/elecciones-municipales
distrital,170201,MOQUEGUA,GENERAL SÁNCHEZ CERRO,OMATE,6,1748,1961,,,213,9,9,0,0,100,2026-10-06T14:20:33-05:00,2026-10-06T18:59:45+00:00,https://resultadoelectoral.onpe.gob.pe/main/elecciones-municipales
distrital,170202,MOQUEGUA,GENERAL SÁNCHEZ CERRO,COALAQUE,6,737,843,,,106,4,4,0,0,100,2026-10-06T14:20:33-05:00,2026-10-06T18:59:45+00:00,https://resultadoelectoral.onpe.gob.pe/main/elecciones-municipales
distrital,170203,MOQUEGUA,GENERAL SÁNCHEZ CERRO,CHOJATA,6,515,593,,,78,4,3,1,0,75,2026-10-06T14:20:33-05:00,2026-10-06T18:59:45+00:00,https://resultadoelectoral.onpe.gob.pe/main/elecciones-municipales
distrital,170204,MOQUEGUA,GENERAL SÁNCHEZ CERRO,ICHUÑA,6,1665,2083,,,418,10,10,0,0,100,2026-10-06T14:20:33-05:00,2026-10-06T18:59:45+00:00,https://resultadoelectoral.onpe.gob.pe/main/elecciones-municipales
distrital,170205,MOQUEGUA,GENERAL SÁNCHEZ CERRO,LA CAPILLA,6,625,682,,,57,3,3,0,0,100,2026-10-06T14:20:33-05:00,2026-10-06T18:59:45+00:00,https://resultadoelectoral.onpe.gob.pe/main/elecciones-municipales
distrital,170206,MOQUEGUA,GENERAL SÁNCHEZ CERRO,LLOQUE,6,500,597,,,97,3,3,0,0,100,2026-10-06T14:20:33-05:00,2026-10-06T18:59:45+00:00,https://resultadoelectoral.onpe.gob.pe/main/elecciones-municipales
distrital,170207,MOQUEGUA,GENERAL SÁNCHEZ CERRO,MATALAQUE,6,484,567,,,83,3,3,0,0,100,2026-10-06T14:20:33-05:00,2026-10-06T18:59:45+00:00,https://resultadoelectoral.onpe.gob.pe/main/elecciones-municipales
distrital,170208,MOQUEGUA,GENERAL SÁNCHEZ CERRO,PUQUINA,6,1634,1829,,,195,8,8,0,0,100,2026-10-06T14:20:33-05:00,2026-10-06T18:59:45+00:00,https://resultadoelectoral.onpe.gob.pe/main/elecciones-municipales
distrital,170209,MOQUEGUA,GENERAL SÁNCHEZ CERRO,QUINISTAQUILLAS,6,401,468,,,67,2,2,0,0,100,2026-10-06T14:20:33-05:00,2026-10-06T18:59:45+00:00,https://resultadoelectoral.onpe.gob.pe/main/elecciones-municipales
distrital,170210,MOQUEGUA,GENERAL SÁNCHEZ CERRO,UBINAS,6,1259,1536,,,277,11,10,1,0,90.909,2026-10-06T14:20:33-05:00,2026-10-06T18:59:45+00:00,https://resultadoelectoral.onpe.gob.pe/main/elecciones-municipales
distrital,170211,MOQUEGUA,GENERAL SÁNCHEZ CERRO,YUNGA,6,550,639,,,89,3,3,0,0,100,2026-10-06T14:20:33-05:00,2026-10-06T18:59:45+00:00,https://resultadoelectoral.onpe.gob.pe/main/elecciones-municipales
distrital,170301,MOQUEGUA,ILO,ILO,15,40777,45903,,,5126,202,199,3,0,98.515,2026-10-06T14:20:33-05:00,2026-10-06T18:59:45+00:00,https://resultadoelectoral.onpe.gob.pe/main/elecciones-municipales
distrital,170302,MOQUEGUA,ILO,EL ALGARROBAL,15,2708,2956,,,248,12,12,0,0,100,2026-10-06T14:20:33-05:00,2026-10-06T18:59:45+00:00,https://resultadoelectoral.onpe.gob.pe/main/elecciones-municipales
distrital,170303,MOQUEGUA,ILO,PACOCHA,15,3503,3804,,,301,17,17,0,0,100,2026-10-06T14:20:33-05:00,2026-10-06T18:59:45+00:00,https://resultadoelectoral.onpe.gob.pe/main/elecciones-municipales
distrital,180101,PASCO,PASCO,CHAUPIMARCA,8,14364,16286,,,1922,78,78,0,0,100,2026-10-06T14:20:33-05:00,2026-10-06T18:59:45+00:00,https://resultadoelectoral.onpe.gob.pe/main/elecciones-municipales
distrital,180103,PASCO,PASCO,HUACHÓN,8,2283,2452,,,169,14,14,0,0,100,2026-10-06T14:20:33-05:00,2026-10-06T18:59:45+00:00,https://resultadoelectoral.onpe.gob.pe/main/elecciones-municipales
distrital,180104,PASCO,PASCO,HUARIACA,8,3842,4318,,,476,22,22,0,0,100,2026-10-06T14:20:33-05:00,2026-10-06T18:59:45+00:00,https://resultadoelectoral.onpe.gob.pe/main/elecciones-municipales
distrital,180105,PASCO,PASCO,HUAYLLAY,8,4273,4866,,,593,22,22,0,0,100,2026-10-06T14:20:33-05:00,2026-10-06T18:59:45+00:00,https://resultadoelectoral.onpe.gob.pe/main/elecciones-municipales
distrital,180106,PASCO,PASCO,NINACACA,8,2517,3047,,,530,15,15,0,0,100,2026-10-06T14:20:33-05:00,2026-10-06T18:59:45+00:00,https://resultadoelectoral.onpe.gob.pe/main/elecciones-municipales
distrital,180107,PASCO,PASCO,PALLANCHACRA,8,1385,1571,,,186,8,8,0,0,100,2026-10-06T14:20:33-05:00,2026-10-06T18:59:45+00:00,https://resultadoelectoral.onpe.gob.pe/main/elecciones-municipales
distrital,180108,PASCO,PASCO,PAUCARTAMBO,8,6036,7238,,,1202,39,39,0,0,100,2026-10-06T14:20:33-05:00,2026-10-06T18:59:45+00:00,https://resultadoelectoral.onpe.gob.pe/main/elecciones-municipales
distrital,180109,PASCO,PASCO,SAN FRANCISCO DE ASÍS DE YARUSYACÁN,8,3735,4195,,,460,22,22,0,0,100,2026-10-06T14:20:33-05:00,2026-10-06T18:59:45+00:00,https://resultadoelectoral.onpe.gob.pe/main/elecciones-municipales
distrital,180110,PASCO,PASCO,SIMÓN BOLÍVAR,8,7278,7954,,,676,37,37,0,0,100,2026-10-06T14:20:33-05:00,2026-10-06T18:59:45+00:00,https://resultadoelectoral.onpe.gob.pe/main/elecciones-municipales
distrital,180111,PASCO,PASCO,TICLACAYÁN,8,2837,3186,,,349,16,16,0,0,100,2026-10-06T14:20:33-05:00,2026-10-06T18:59:45+00:00,https://resultadoelectoral.onpe.gob.pe/main/elecciones-municipales
distrital,180112,PASCO,PASCO,TINYAHUARCO,8,3343,3791,,,448,19,19,0,0,100,2026-10-06T14:20:33-05:00,2026-10-06T18:59:45+00:00,https://resultadoelectoral.onpe.gob.pe/main/elecciones-municipales
distrital,180113,PASCO,PASCO,VICCO,8,1875,2065,,,190,12,11,1,0,91.667,2026-10-06T14:20:33-05:00,2026-10-06T18:59:45+00:00,https://resultadoelectoral.onpe.gob.pe/main/elecciones-municipales
distrital,180114,PASCO,PASCO,YANACANCHA,8,11229,12671,,,1442,71,69,2,0,97.183,2026-10-06T14:20:33-05:00,2026-10-06T18:59:45+00:00,https://resultadoelectoral.onpe.gob.pe/main/elecciones-municipales
distrital,180201,PASCO,DANIEL ALCIDES CARRIÓN,YANAHUANCA,8,6862,7625,,,763,41,40,1,0,97.561,2026-10-06T14:20:33-05:00,2026-10-06T18:59:45+00:00,https://resultadoelectoral.onpe.gob.pe/main/elecciones-municipales
distrital,180202,PASCO,DANIEL ALCIDES CARRIÓN,CHACAYÁN,8,1408,1600,,,192,9,9,0,0,100,2026-10-06T14:20:33-05:00,2026-10-06T18:59:45+00:00,https://resultadoelectoral.onpe.gob.pe/main/elecciones-municipales
distrital,180203,PASCO,DANIEL ALCIDES CARRIÓN,GOYLLARISQUIZGA,8,313,339,,,26,3,2,1,0,66.667,2026-10-06T14:20:33-05:00,2026-10-06T18:59:45+00:00,https://resultadoelectoral.onpe.gob.pe/main/elecciones-municipales
distrital,180204,PASCO,DANIEL ALCIDES CARRIÓN,PAUCAR,8,1339,1507,,,168,10,10,0,0,100,2026-10-06T14:20:33-05:00,2026-10-06T18:59:45+00:00,https://resultadoelectoral.onpe.gob.pe/main/elecciones-municipales
distrital,180205,PASCO,DANIEL ALCIDES CARRIÓN,SAN PEDRO DE PILLAO,8,1062,1161,,,99,6,6,0,0,100,2026-10-06T14:20:33-05:00,2026-10-06T18:59:45+00:00,https://resultadoelectoral.onpe.gob.pe/main/elecciones-municipales
distrital,180206,PASCO,DANIEL ALCIDES CARRIÓN,SANTA ANA DE TUSI,8,4019,4262,,,243,23,23,0,0,100,2026-10-06T14:20:33-05:00,2026-10-06T18:59:45+00:00,https://resultadoelectoral.onpe.gob.pe/main/elecciones-municipales
distrital,180207,PASCO,DANIEL ALCIDES CARRIÓN,TAPUC,8,1510,1688,,,178,8,8,0,0,100,2026-10-06T14:20:33-05:00,2026-10-06T18:59:45+00:00,https://resultadoelectoral.onpe.gob.pe/main/elecciones-municipales
distrital,180208,PASCO,DANIEL ALCIDES CARRIÓN,VILCABAMBA,8,1188,1354,,,166,6,6,0,0,100,2026-10-06T14:20:33-05:00,2026-10-06T18:59:45+00:00,https://resultadoelectoral.onpe.gob.pe/main/elecciones-municipales
distrital,180301,PASCO,OXAPAMPA,OXAPAMPA,7,9715,11302,,,1587,56,55,1,0,98.214,2026-10-06T14:20:33-05:00,2026-10-06T18:59:45+00:00,https://resultadoelectoral.onpe.gob.pe/main/elecciones-municipales
distrital,180302,PASCO,OXAPAMPA,CHONTABAMBA,7,3539,3962,,,423,18,18,0,0,100,2026-10-06T14:20:33-05:00,2026-10-06T18:59:45+00:00,https://resultadoelectoral.onpe.gob.pe/main/elecciones-municipales
distrital,180303,PASCO,OXAPAMPA,HUANCABAMBA,7,4278,4796,,,518,23,23,0,0,100,2026-10-06T14:20:33-05:00,2026-10-06T18:59:45+00:00,https://resultadoelectoral.onpe.gob.pe/main/elecciones-municipales
distrital,180304,PASCO,OXAPAMPA,PUERTO BERMÚDEZ,7,8014,9291,,,1277,63,63,0,0,100,2026-10-06T14:20:33-05:00,2026-10-06T18:59:45+00:00,https://resultadoelectoral.onpe.gob.pe/main/elecciones-municipales
distrital,180305,PASCO,OXAPAMPA,VILLA RICA,7,9524,10799,,,1275,53,53,0,0,100,2026-10-06T14:20:33-05:00,2026-10-06T18:59:45+00:00,https://resultadoelectoral.onpe.gob.pe/main/elecciones-municipales
distrital,180306,PASCO,OXAPAMPA,POZUZO,7,2875,3329,,,454,19,19,0,0,100,2026-10-06T14:20:33-05:00,2026-10-06T18:59:45+00:00,https://resultadoelectoral.onpe.gob.pe/main/elecciones-municipales
distrital,180307,PASCO,OXAPAMPA,PALCAZU,7,3078,4183,,,1105,29,28,1,0,96.552,2026-10-06T14:20:33-05:00,2026-10-06T18:59:45+00:00,https://resultadoelectoral.onpe.gob.pe/main/elecciones-municipales
distrital,180308,PASCO,OXAPAMPA,CONSTITUCIÓN,7,6993,7975,,,982,47,47,0,0,100,2026-10-06T14:20:33-05:00,2026-10-06T18:59:45+00:00,https://resultadoelectoral.onpe.gob.pe/main/elecciones-municipales
distrital,190101,PIURA,PIURA,PIURA,13,89971,106180,,,16209,496,483,13,0,97.379,2026-10-06T14:20:33-05:00,2026-10-06T18:59:45+00:00,https://resultadoelectoral.onpe.gob.pe/main/elecciones-municipales
distrital,190103,PIURA,PIURA,CASTILLA,13,79219,92361,,,13142,425,411,14,0,96.706,2026-10-06T14:20:33-05:00,2026-10-06T18:59:45+00:00,https://resultadoelectoral.onpe.gob.pe/main/elecciones-municipales
distrital,190104,PIURA,PIURA,CATACAOS,13,34376,41724,,,7348,205,185,20,0,90.244,2026-10-06T14:20:33-05:00,2026-10-06T18:59:45+00:00,https://resultadoelectoral.onpe.gob.pe/main/elecciones-municipales
distrital,190105,PIURA,PIURA,LA ARENA,13,18744,21180,,,2436,107,102,5,0,95.327,2026-10-06T14:20:33-05:00,2026-10-06T18:59:45+00:00,https://resultadoelectoral.onpe.gob.pe/main/elecciones-municipales
distrital,190106,PIURA,PIURA,LA UNIÓN,13,20877,24176,,,3299,108,105,3,0,97.222,2026-10-06T14:20:33-05:00,2026-10-06T18:59:45+00:00,https://resultadoelectoral.onpe.gob.pe/main/elecciones-municipales
distrital,190107,PIURA,PIURA,LAS LOMAS,13,15086,17148,,,2062,86,82,4,0,95.349,2026-10-06T14:20:33-05:00,2026-10-06T18:59:45+00:00,https://resultadoelectoral.onpe.gob.pe/main/elecciones-municipales
distrital,190109,PIURA,PIURA,TAMBO GRANDE,13,52538,64993,,,12455,295,281,14,0,95.254,2026-10-06T14:20:33-05:00,2026-10-06T18:59:45+00:00,https://resultadoelectoral.onpe.gob.pe/main/elecciones-municipales
distrital,190113,PIURA,PIURA,CURA MORI,13,8719,10563,,,1844,51,47,4,0,92.157,2026-10-06T14:20:33-05:00,2026-10-06T18:59:45+00:00,https://resultadoelectoral.onpe.gob.pe/main/elecciones-municipales
distrital,190114,PIURA,PIURA,EL TALLÁN,13,3112,3445,,,333,16,16,0,0,100,2026-10-06T14:20:33-05:00,2026-10-06T18:59:45+00:00,https://resultadoelectoral.onpe.gob.pe/main/elecciones-municipales
distrital,190115,PIURA,PIURA,VEINTISÉIS DE OCTUBRE,13,66882,88563,,,21681,388,376,12,0,96.907,2026-10-06T14:20:33-05:00,2026-10-06T18:59:45+00:00,https://resultadoelectoral.onpe.gob.pe/main/elecciones-municipales
distrital,190201,PIURA,AYABACA,AYABACA,6,13705,15339,,,1634,102,102,0,0,100,2026-10-06T14:20:33-05:00,2026-10-06T18:59:45+00:00,https://resultadoelectoral.onpe.gob.pe/main/elecciones-municipales
distrital,190202,PIURA,AYABACA,FRÍAS,6,11200,12011,,,811,64,62,2,0,96.875,2026-10-06T14:20:33-05:00,2026-10-06T18:59:45+00:00,https://resultadoelectoral.onpe.gob.pe/main/elecciones-municipales
distrital,190203,PIURA,AYABACA,LAGUNAS,6,3257,3809,,,552,19,19,0,0,100,2026-10-06T14:20:33-05:00,2026-10-06T18:59:45+00:00,https://resultadoelectoral.onpe.gob.pe/main/elecciones-municipales
distrital,190204,PIURA,AYABACA,MONTERO,6,3487,3938,,,451,19,19,0,0,100,2026-10-06T14:20:33-05:00,2026-10-06T18:59:45+00:00,https://resultadoelectoral.onpe.gob.pe/main/elecciones-municipales
distrital,190205,PIURA,AYABACA,PACAIPAMPA,6,11565,12574,,,1009,71,71,0,0,100,2026-10-06T14:20:33-05:00,2026-10-06T18:59:45+00:00,https://resultadoelectoral.onpe.gob.pe/main/elecciones-municipales
distrital,190206,PIURA,AYABACA,SAPILLICA,6,6030,6531,,,501,32,32,0,0,100,2026-10-06T14:20:33-05:00,2026-10-06T18:59:45+00:00,https://resultadoelectoral.onpe.gob.pe/main/elecciones-municipales
distrital,190207,PIURA,AYABACA,SICCHEZ,6,823,1259,,,436,8,7,1,0,87.5,2026-10-06T14:20:33-05:00,2026-10-06T18:59:45+00:00,https://resultadoelectoral.onpe.gob.pe/main/elecciones-municipales
distrital,190208,PIURA,AYABACA,SUYO,6,5871,7687,,,1816,37,37,0,0,100,2026-10-06T14:20:33-05:00,2026-10-06T18:59:45+00:00,https://resultadoelectoral.onpe.gob.pe/main/elecciones-municipales
distrital,190209,PIURA,AYABACA,JILILÍ,6,1548,2273,,,725,11,11,0,0,100,2026-10-06T14:20:33-05:00,2026-10-06T18:59:45+00:00,https://resultadoelectoral.onpe.gob.pe/main/elecciones-municipales
distrital,190210,PIURA,AYABACA,PAIMAS,6,5270,6508,,,1238,29,29,0,0,100,2026-10-06T14:20:33-05:00,2026-10-06T18:59:45+00:00,https://resultadoelectoral.onpe.gob.pe/main/elecciones-municipales
distrital,190301,PIURA,HUANCABAMBA,HUANCABAMBA,7,13492,15367,,,1875,85,83,2,0,97.647,2026-10-06T14:20:33-05:00,2026-10-06T18:59:45+00:00,https://resultadoelectoral.onpe.gob.pe/main/elecciones-municipales
distrital,190302,PIURA,HUANCABAMBA,CANCHAQUE,7,4416,4973,,,557,27,25,2,0,92.593,2026-10-06T14:20:33-05:00,2026-10-06T18:59:45+00:00,https://resultadoelectoral.onpe.gob.pe/main/elecciones-municipales
distrital,190303,PIURA,HUANCABAMBA,HUARMACA,7,16176,19183,,,3007,112,110,2,0,98.214,2026-10-06T14:20:33-05:00,2026-10-06T18:59:45+00:00,https://resultadoelectoral.onpe.gob.pe/main/elecciones-municipales
distrital,190304,PIURA,HUANCABAMBA,SONDOR,7,4256,4599,,,343,23,23,0,0,100,2026-10-06T14:20:33-05:00,2026-10-06T18:59:45+00:00,https://resultadoelectoral.onpe.gob.pe/main/elecciones-municipales
distrital,190305,PIURA,HUANCABAMBA,SONDORILLO,7,5677,6332,,,655,31,31,0,0,100,2026-10-06T14:20:33-05:00,2026-10-06T18:59:45+00:00,https://resultadoelectoral.onpe.gob.pe/main/elecciones-municipales
distrital,190306,PIURA,HUANCABAMBA,EL CARMEN DE LA FRONTERA,7,6841,7522,,,681,38,38,0,0,100,2026-10-06T14:20:33-05:00,2026-10-06T18:59:45+00:00,https://resultadoelectoral.onpe.gob.pe/main/elecciones-municipales
distrital,190307,PIURA,HUANCABAMBA,SAN MIGUEL DE EL FAIQUE,7,5471,5954,,,483,28,28,0,0,100,2026-10-06T14:20:33-05:00,2026-10-06T18:59:45+00:00,https://resultadoelectoral.onpe.gob.pe/main/elecciones-municipales
distrital,190308,PIURA,HUANCABAMBA,LALAQUIZ,7,2537,2938,,,401,15,14,1,0,93.333,2026-10-06T14:20:33-05:00,2026-10-06T18:59:45+00:00,https://resultadoelectoral.onpe.gob.pe/main/elecciones-municipales
distrital,190401,PIURA,MORROPÓN,CHULUCANAS,12,44831,53934,,,9103,246,243,3,0,98.78,2026-10-06T14:20:33-05:00,2026-10-06T18:59:45+00:00,https://resultadoelectoral.onpe.gob.pe/main/elecciones-municipales
distrital,190402,PIURA,MORROPÓN,BUENOS AIRES,12,5947,6314,,,367,29,28,1,0,96.552,2026-10-06T14:20:33-05:00,2026-10-06T18:59:45+00:00,https://resultadoelectoral.onpe.gob.pe/main/elecciones-municipales
distrital,190403,PIURA,MORROPÓN,CHALACO,12,4392,4762,,,370,23,23,0,0,100,2026-10-06T14:20:33-05:00,2026-10-06T18:59:45+00:00,https://resultadoelectoral.onpe.gob.pe/main/elecciones-municipales
distrital,190404,PIURA,MORROPÓN,MORROPÓN,12,7687,8966,,,1279,39,39,0,0,100,2026-10-06T14:20:33-05:00,2026-10-06T18:59:45+00:00,https://resultadoelectoral.onpe.gob.pe/main/elecciones-municipales
distrital,190405,PIURA,MORROPÓN,SALITRAL,12,4533,5461,,,928,27,25,2,0,92.593,2026-10-06T14:20:33-05:00,2026-10-06T18:59:45+00:00,https://resultadoelectoral.onpe.gob.pe/main/elecciones-municipales
distrital,190406,PIURA,MORROPÓN,SANTA CATALINA DE MOSSA,12,2558,2723,,,165,13,13,0,0,100,2026-10-06T14:20:33-05:00,2026-10-06T18:59:45+00:00,https://resultadoelectoral.onpe.gob.pe/main/elecciones-municipales
distrital,190407,PIURA,MORROPÓN,SANTO DOMINGO,12,3301,4055,,,754,23,21,2,0,91.304,2026-10-06T14:20:33-05:00,2026-10-06T18:59:45+00:00,https://resultadoelectoral.onpe.gob.pe/main/elecciones-municipales
distrital,190408,PIURA,MORROPÓN,LA MATANZA,12,8836,9873,,,1037,44,43,1,0,97.727,2026-10-06T14:20:33-05:00,2026-10-06T18:59:45+00:00,https://resultadoelectoral.onpe.gob.pe/main/elecciones-municipales
distrital,190409,PIURA,MORROPÓN,YAMANGO,12,5632,6060,,,428,29,29,0,0,100,2026-10-06T14:20:33-05:00,2026-10-06T18:59:45+00:00,https://resultadoelectoral.onpe.gob.pe/main/elecciones-municipales
distrital,190410,PIURA,MORROPÓN,SAN JUAN DE BIGOTE,12,0,0,,,0,23,0,0,23,0,2026-10-06T14:20:33-05:00,2026-10-06T18:59:45+00:00,https://resultadoelectoral.onpe.gob.pe/main/elecciones-municipales
distrital,190501,PIURA,PAITA,PAITA,12,45507,52141,,,6634,229,228,1,0,99.563,2026-10-06T14:20:33-05:00,2026-10-06T18:59:45+00:00,https://resultadoelectoral.onpe.gob.pe/main/elecciones-municipales
distrital,190502,PIURA,PAITA,AMOTAPE,12,1145,1244,,,99,7,5,2,0,71.429,2026-10-06T14:20:33-05:00,2026-10-06T18:59:45+00:00,https://resultadoelectoral.onpe.gob.pe/main/elecciones-municipales
distrital,190503,PIURA,PAITA,ARENAL,12,879,969,,,90,4,4,0,0,100,2026-10-06T14:20:33-05:00,2026-10-06T18:59:45+00:00,https://resultadoelectoral.onpe.gob.pe/main/elecciones-municipales
distrital,190504,PIURA,PAITA,LA HUACA,12,8178,8907,,,729,35,35,0,0,100,2026-10-06T14:20:33-05:00,2026-10-06T18:59:45+00:00,https://resultadoelectoral.onpe.gob.pe/main/elecciones-municipales
distrital,190505,PIURA,PAITA,COLÁN,12,9664,10493,,,829,44,44,0,0,100,2026-10-06T14:20:33-05:00,2026-10-06T18:59:45+00:00,https://resultadoelectoral.onpe.gob.pe/main/elecciones-municipales
distrital,190506,PIURA,PAITA,TAMARINDO,12,3039,3397,,,358,14,14,0,0,100,2026-10-06T14:20:33-05:00,2026-10-06T18:59:45+00:00,https://resultadoelectoral.onpe.gob.pe/main/elecciones-municipales
distrital,190507,PIURA,PAITA,VICHAYAL,12,3356,3771,,,415,16,16,0,0,100,2026-10-06T14:20:33-05:00,2026-10-06T18:59:45+00:00,https://resultadoelectoral.onpe.gob.pe/main/elecciones-municipales
distrital,190601,PIURA,SULLANA,SULLANA,12,87028,106329,,,19301,483,476,7,0,98.551,2026-10-06T14:20:33-05:00,2026-10-06T18:59:45+00:00,https://resultadoelectoral.onpe.gob.pe/main/elecciones-municipales
distrital,190602,PIURA,SULLANA,BELLAVISTA,12,21804,25100,,,3296,113,108,5,0,95.575,2026-10-06T14:20:33-05:00,2026-10-06T18:59:45+00:00,https://resultadoelectoral.onpe.gob.pe/main/elecciones-municipales
distrital,190603,PIURA,SULLANA,LANCONES,12,7145,8100,,,955,39,37,2,0,94.872,2026-10-06T14:20:33-05:00,2026-10-06T18:59:45+00:00,https://resultadoelectoral.onpe.gob.pe/main/elecciones-municipales
distrital,190604,PIURA,SULLANA,MARCAVELICA,12,15677,17812,,,2135,80,75,5,0,93.75,2026-10-06T14:20:33-05:00,2026-10-06T18:59:45+00:00,https://resultadoelectoral.onpe.gob.pe/main/elecciones-municipales
distrital,190605,PIURA,SULLANA,MIGUEL CHECA,12,5578,6229,,,651,25,25,0,0,100,2026-10-06T14:20:33-05:00,2026-10-06T18:59:45+00:00,https://resultadoelectoral.onpe.gob.pe/main/elecciones-municipales
distrital,190606,PIURA,SULLANA,QUERECOTILLO,12,13787,16068,,,2281,73,70,3,0,95.89,2026-10-06T14:20:33-05:00,2026-10-06T18:59:45+00:00,https://resultadoelectoral.onpe.gob.pe/main/elecciones-municipales
distrital,190607,PIURA,SULLANA,SALITRAL,12,4644,5086,,,442,20,20,0,0,100,2026-10-06T14:20:33-05:00,2026-10-06T18:59:45+00:00,https://resultadoelectoral.onpe.gob.pe/main/elecciones-municipales
distrital,190608,PIURA,SULLANA,IGNACIO ESCUDERO,12,8775,12533,,,3758,56,53,3,0,94.643,2026-10-06T14:20:33-05:00,2026-10-06T18:59:45+00:00,https://resultadoelectoral.onpe.gob.pe/main/elecciones-municipales
distrital,190701,PIURA,TALARA,PARIÑAS,10,45555,52324,,,6769,258,249,9,0,96.512,2026-10-06T14:20:33-05:00,2026-10-06T18:59:45+00:00,https://resultadoelectoral.onpe.gob.pe/main/elecciones-municipales
distrital,190702,PIURA,TALARA,EL ALTO,10,5067,5462,,,395,25,24,1,0,96,2026-10-06T14:20:33-05:00,2026-10-06T18:59:45+00:00,https://resultadoelectoral.onpe.gob.pe/main/elecciones-municipales
distrital,190703,PIURA,TALARA,LA BREA,10,6764,7354,,,590,37,34,3,0,91.892,2026-10-06T14:20:33-05:00,2026-10-06T18:59:45+00:00,https://resultadoelectoral.onpe.gob.pe/main/elecciones-municipales
distrital,190704,PIURA,TALARA,LOBITOS,10,1108,1158,,,50,5,5,0,0,100,2026-10-06T14:20:33-05:00,2026-10-06T18:59:45+00:00,https://resultadoelectoral.onpe.gob.pe/main/elecciones-municipales
distrital,190705,PIURA,TALARA,MÁNCORA,10,6452,6961,,,509,31,31,0,0,100,2026-10-06T14:20:33-05:00,2026-10-06T18:59:45+00:00,https://resultadoelectoral.onpe.gob.pe/main/elecciones-municipales
distrital,190706,PIURA,TALARA,LOS ÓRGANOS,10,4003,6011,,,2008,28,26,2,0,92.857,2026-10-06T14:20:33-05:00,2026-10-06T18:59:45+00:00,https://resultadoelectoral.onpe.gob.pe/main/elecciones-municipales
distrital,190801,PIURA,SECHURA,SECHURA,5,24042,27077,,,3035,114,114,0,0,100,2026-10-06T14:20:33-05:00,2026-10-06T18:59:45+00:00,https://resultadoelectoral.onpe.gob.pe/main/elecciones-municipales
distrital,190802,PIURA,SECHURA,VICE,5,10122,11126,,,1004,46,45,1,0,97.826,2026-10-06T14:20:33-05:00,2026-10-06T18:59:45+00:00,https://resultadoelectoral.onpe.gob.pe/main/elecciones-municipales
distrital,190803,PIURA,SECHURA,BERNAL,5,4507,5104,,,597,20,20,0,0,100,2026-10-06T14:20:33-05:00,2026-10-06T18:59:45+00:00,https://resultadoelectoral.onpe.gob.pe/main/elecciones-municipales
distrital,190804,PIURA,SECHURA,BELLAVISTA DE LA UNIÓN,5,3111,3457,,,346,14,14,0,0,100,2026-10-06T14:20:33-05:00,2026-10-06T18:59:45+00:00,https://resultadoelectoral.onpe.gob.pe/main/elecciones-municipales
distrital,190805,PIURA,SECHURA,CRISTO NOS VALGA,5,2463,2853,,,390,12,11,1,0,91.667,2026-10-06T14:20:33-05:00,2026-10-06T18:59:45+00:00,https://resultadoelectoral.onpe.gob.pe/main/elecciones-municipales
distrital,190806,PIURA,SECHURA,RINCONADA LLICUAR,5,2048,2297,,,249,10,10,0,0,100,2026-10-06T14:20:33-05:00,2026-10-06T18:59:45+00:00,https://resultadoelectoral.onpe.gob.pe/main/elecciones-municipales
distrital,200101,PUNO,PUNO,PUNO,9,72811,81958,,,9147,348,345,3,0,99.138,2026-10-06T14:20:33-05:00,2026-10-06T18:59:45+00:00,https://resultadoelectoral.onpe.gob.pe/main/elecciones-municipales
distrital,200102,PUNO,PUNO,ACORA,9,12174,14317,,,2143,65,65,0,0,100,2026-10-06T14:20:33-05:00,2026-10-06T18:59:45+00:00,https://resultadoelectoral.onpe.gob.pe/main/elecciones-municipales
distrital,200103,PUNO,PUNO,ATUNCOLLA,9,3375,3659,,,284,15,14,1,0,93.333,2026-10-06T14:20:33-05:00,2026-10-06T18:59:45+00:00,https://resultadoelectoral.onpe.gob.pe/main/elecciones-municipales
distrital,200104,PUNO,PUNO,CAPACHICA,9,6311,7379,,,1068,31,31,0,0,100,2026-10-06T14:26:02-05:00,2026-10-06T18:59:45+00:00,https://resultadoelectoral.onpe.gob.pe/main/elecciones-municipales
distrital,200105,PUNO,PUNO,COATA,9,5257,5734,,,477,26,26,0,0,100,2026-10-06T14:26:02-05:00,2026-10-06T18:59:45+00:00,https://resultadoelectoral.onpe.gob.pe/main/elecciones-municipales
distrital,200106,PUNO,PUNO,CHUCUITO,9,4827,5411,,,584,26,26,0,0,100,2026-10-06T14:26:02-05:00,2026-10-06T18:59:45+00:00,https://resultadoelectoral.onpe.gob.pe/main/elecciones-municipales
distrital,200107,PUNO,PUNO,HUATA,9,2276,2768,,,492,11,11,0,0,100,2026-10-06T14:26:02-05:00,2026-10-06T18:59:45+00:00,https://resultadoelectoral.onpe.gob.pe/main/elecciones-municipales
distrital,200108,PUNO,PUNO,MAÑAZO,9,3471,3756,,,285,16,16,0,0,100,2026-10-06T14:26:02-05:00,2026-10-06T18:59:45+00:00,https://resultadoelectoral.onpe.gob.pe/main/elecciones-municipales
distrital,200109,PUNO,PUNO,PAUCARCOLLA,9,3677,4025,,,348,18,18,0,0,100,2026-10-06T14:26:02-05:00,2026-10-06T18:59:45+00:00,https://resultadoelectoral.onpe.gob.pe/main/elecciones-municipales
distrital,200110,PUNO,PUNO,PICHACANI,9,3732,4194,,,462,20,20,0,0,100,2026-10-06T14:20:33-05:00,2026-10-06T18:59:45+00:00,https://resultadoelectoral.onpe.gob.pe/main/elecciones-municipales
distrital,200111,PUNO,PUNO,SAN ANTONIO,9,634,701,,,67,4,3,1,0,75,2026-10-06T14:26:02-05:00,2026-10-06T18:59:45+00:00,https://resultadoelectoral.onpe.gob.pe/main/elecciones-municipales
distrital,200112,PUNO,PUNO,TIQUILLACA,9,1981,2225,,,244,9,9,0,0,100,2026-10-06T14:26:02-05:00,2026-10-06T18:59:45+00:00,https://resultadoelectoral.onpe.gob.pe/main/elecciones-municipales
distrital,200113,PUNO,PUNO,VILQUE,9,2263,2468,,,205,10,10,0,0,100,2026-10-06T14:26:02-05:00,2026-10-06T18:59:45+00:00,https://resultadoelectoral.onpe.gob.pe/main/elecciones-municipales
distrital,200114,PUNO,PUNO,PLATERIA,9,4708,5363,,,655,24,24,0,0,100,2026-10-06T14:26:02-05:00,2026-10-06T18:59:45+00:00,https://resultadoelectoral.onpe.gob.pe/main/elecciones-municipales
distrital,200115,PUNO,PUNO,AMANTANI,9,2621,3192,,,571,16,16,0,0,100,2026-10-06T14:26:02-05:00,2026-10-06T18:59:45+00:00,https://resultadoelectoral.onpe.gob.pe/main/elecciones-municipales
distrital,200201,PUNO,AZÁNGARO,AZÁNGARO,6,18242,20162,,,1920,85,83,2,0,97.647,2026-10-06T14:20:33-05:00,2026-10-06T18:59:45+00:00,https://resultadoelectoral.onpe.gob.pe/main/elecciones-municipales
distrital,200202,PUNO,AZÁNGARO,ACHAYA,6,3064,3441,,,377,13,13,0,0,100,2026-10-06T14:26:02-05:00,2026-10-06T18:59:45+00:00,https://resultadoelectoral.onpe.gob.pe/main/elecciones-municipales
distrital,200203,PUNO,AZÁNGARO,ARAPA,6,4843,5881,,,1038,25,25,0,0,100,2026-10-06T14:26:02-05:00,2026-10-06T18:59:45+00:00,https://resultadoelectoral.onpe.gob.pe/main/elecciones-municipales
distrital,200204,PUNO,AZÁNGARO,ASILLO,6,9006,10117,,,1111,44,44,0,0,100,2026-10-06T14:20:33-05:00,2026-10-06T18:59:45+00:00,https://resultadoelectoral.onpe.gob.pe/main/elecciones-municipales
distrital,200205,PUNO,AZÁNGARO,CAMINACA,6,3809,4167,,,358,17,17,0,0,100,2026-10-06T14:20:33-05:00,2026-10-06T18:59:45+00:00,https://resultadoelectoral.onpe.gob.pe/main/elecciones-municipales
distrital,200206,PUNO,AZÁNGARO,CHUPA,6,3999,4929,,,930,24,21,3,0,87.5,2026-10-06T14:20:33-05:00,2026-10-06T18:59:45+00:00,https://resultadoelectoral.onpe.gob.pe/main/elecciones-municipales
distrital,200207,PUNO,AZÁNGARO,JOSÉ DOMINGO CHOQUEHUANCA,6,2622,2865,,,243,13,13,0,0,100,2026-10-06T14:20:33-05:00,2026-10-06T18:59:45+00:00,https://resultadoelectoral.onpe.gob.pe/main/elecciones-municipales
distrital,200208,PUNO,AZÁNGARO,MUÑANI,6,3863,4148,,,285,19,18,1,0,94.737,2026-10-06T14:26:02-05:00,2026-10-06T18:59:45+00:00,https://resultadoelectoral.onpe.gob.pe/main/elecciones-municipales
distrital,200210,PUNO,AZÁNGARO,POTONI,6,2625,2842,,,217,12,12,0,0,100,2026-10-06T14:20:33-05:00,2026-10-06T18:59:45+00:00,https://resultadoelectoral.onpe.gob.pe/main/elecciones-municipales
distrital,200212,PUNO,AZÁNGARO,SAMAN,6,5735,8336,,,2601,36,34,2,0,94.444,2026-10-06T14:20:33-05:00,2026-10-06T18:59:45+00:00,https://resultadoelectoral.onpe.gob.pe/main/elecciones-municipales
distrital,200213,PUNO,AZÁNGARO,SAN ANTON,6,3968,4551,,,583,22,21,1,0,95.455,2026-10-06T14:20:33-05:00,2026-10-06T18:59:45+00:00,https://resultadoelectoral.onpe.gob.pe/main/elecciones-municipales
distrital,200214,PUNO,AZÁNGARO,SAN JOSÉ,6,3109,3353,,,244,16,16,0,0,100,2026-10-06T14:26:02-05:00,2026-10-06T18:59:45+00:00,https://resultadoelectoral.onpe.gob.pe/main/elecciones-municipales
distrital,200215,PUNO,AZÁNGARO,SAN JUAN DE SALINAS,6,2427,2679,,,252,12,12,0,0,100,2026-10-06T14:20:33-05:00,2026-10-06T18:59:45+00:00,https://resultadoelectoral.onpe.gob.pe/main/elecciones-municipales
distrital,200216,PUNO,AZÁNGARO,SANTIAGO DE PUPUJA,6,2867,3727,,,860,16,16,0,0,100,2026-10-06T14:26:02-05:00,2026-10-06T18:59:45+00:00,https://resultadoelectoral.onpe.gob.pe/main/elecciones-municipales
distrital,200217,PUNO,AZÁNGARO,TIRAPATA,6,1746,2054,,,308,9,9,0,0,100,2026-10-06T14:26:02-05:00,2026-10-06T18:59:45+00:00,https://resultadoelectoral.onpe.gob.pe/main/elecciones-municipales
distrital,200301,PUNO,CARABAYA,MACUSANI,4,6853,8003,,,1150,36,36,0,0,100,2026-10-06T14:26:02-05:00,2026-10-06T18:59:45+00:00,https://resultadoelectoral.onpe.gob.pe/main/elecciones-municipales
distrital,200302,PUNO,CARABAYA,AJOYANI,4,1865,2008,,,143,9,9,0,0,100,2026-10-06T14:26:02-05:00,2026-10-06T18:59:45+00:00,https://resultadoelectoral.onpe.gob.pe/main/elecciones-municipales
distrital,200303,PUNO,CARABAYA,AYAPATA,4,2982,3367,,,385,18,17,1,0,94.444,2026-10-06T14:26:02-05:00,2026-10-06T18:59:45+00:00,https://resultadoelectoral.onpe.gob.pe/main/elecciones-municipales
distrital,200304,PUNO,CARABAYA,COASA,4,3049,4032,,,983,20,20,0,0,100,2026-10-06T14:20:33-05:00,2026-10-06T18:59:45+00:00,https://resultadoelectoral.onpe.gob.pe/main/elecciones-municipales
distrital,200305,PUNO,CARABAYA,CORANI,4,2549,2831,,,282,15,15,0,0,100,2026-10-06T14:26:02-05:00,2026-10-06T18:59:45+00:00,https://resultadoelectoral.onpe.gob.pe/main/elecciones-municipales
distrital,200306,PUNO,CARABAYA,CRUCERO,4,4629,5203,,,574,21,21,0,0,100,2026-10-06T14:26:02-05:00,2026-10-06T18:59:45+00:00,https://resultadoelectoral.onpe.gob.pe/main/elecciones-municipales
distrital,200307,PUNO,CARABAYA,ITUATA,4,3260,3618,,,358,19,19,0,0,100,2026-10-06T14:26:02-05:00,2026-10-06T18:59:45+00:00,https://resultadoelectoral.onpe.gob.pe/main/elecciones-municipales
distrital,200308,PUNO,CARABAYA,OLLACHEA,4,2678,3603,,,925,18,18,0,0,100,2026-10-06T14:26:02-05:00,2026-10-06T18:59:45+00:00,https://resultadoelectoral.onpe.gob.pe/main/elecciones-municipales
distrital,200309,PUNO,CARABAYA,SAN GABÁN,4,3423,4459,,,1036,23,23,0,0,100,2026-10-06T14:26:02-05:00,2026-10-06T18:59:45+00:00,https://resultadoelectoral.onpe.gob.pe/main/elecciones-municipales
distrital,200310,PUNO,CARABAYA,USICAYOS,4,2098,2247,,,149,10,10,0,0,100,2026-10-06T14:26:02-05:00,2026-10-06T18:59:45+00:00,https://resultadoelectoral.onpe.gob.pe/main/elecciones-municipales
distrital,200401,PUNO,CHUCUITO,JULI,7,11813,13656,,,1843,61,61,0,0,100,2026-10-06T14:26:02-05:00,2026-10-06T18:59:45+00:00,https://resultadoelectoral.onpe.gob.pe/main/elecciones-municipales
distrital,200402,PUNO,CHUCUITO,DESAGUADERO,7,6197,7158,,,961,32,32,0,0,100,2026-10-06T14:26:02-05:00,2026-10-06T18:59:45+00:00,https://resultadoelectoral.onpe.gob.pe/main/elecciones-municipales
distrital,200403,PUNO,CHUCUITO,HUACULLANI,7,3015,3356,,,341,17,17,0,0,100,2026-10-06T14:26:02-05:00,2026-10-06T18:59:45+00:00,https://resultadoelectoral.onpe.gob.pe/main/elecciones-municipales
distrital,200406,PUNO,CHUCUITO,PISACOMA,7,1605,2021,,,416,9,9,0,0,100,2026-10-06T14:26:02-05:00,2026-10-06T18:59:45+00:00,https://resultadoelectoral.onpe.gob.pe/main/elecciones-municipales
distrital,200407,PUNO,CHUCUITO,POMATA,7,8099,9109,,,1010,42,42,0,0,100,2026-10-06T14:20:33-05:00,2026-10-06T18:59:45+00:00,https://resultadoelectoral.onpe.gob.pe/main/elecciones-municipales
distrital,200410,PUNO,CHUCUITO,ZEPITA,7,9347,10325,,,978,51,51,0,0,100,2026-10-06T14:26:02-05:00,2026-10-06T18:59:45+00:00,https://resultadoelectoral.onpe.gob.pe/main/elecciones-municipales
distrital,200412,PUNO,CHUCUITO,KELLUYO,7,3390,3991,,,601,18,18,0,0,100,2026-10-06T14:26:02-05:00,2026-10-06T18:59:45+00:00,https://resultadoelectoral.onpe.gob.pe/main/elecciones-municipales
distrital,200501,PUNO,HUANCANÉ,HUANCANÉ,7,12060,13960,,,1900,61,61,0,0,100,2026-10-06T14:20:33-05:00,2026-10-06T18:59:45+00:00,https://resultadoelectoral.onpe.gob.pe/main/elecciones-municipales
distrital,200502,PUNO,HUANCANÉ,COJATA,7,2954,3217,,,263,13,13,0,0,100,2026-10-06T14:26:02-05:00,2026-10-06T18:59:45+00:00,https://resultadoelectoral.onpe.gob.pe/main/elecciones-municipales
distrital,200504,PUNO,HUANCANÉ,INCHUPALLA,7,2260,2483,,,223,11,11,0,0,100,2026-10-06T14:26:02-05:00,2026-10-06T18:59:45+00:00,https://resultadoelectoral.onpe.gob.pe/main/elecciones-municipales
distrital,200506,PUNO,HUANCANÉ,PUSI,7,3485,4271,,,786,18,18,0,0,100,2026-10-06T14:26:02-05:00,2026-10-06T18:59:45+00:00,https://resultadoelectoral.onpe.gob.pe/main/elecciones-municipales
distrital,200507,PUNO,HUANCANÉ,ROSASPATA,7,3076,3567,,,491,16,16,0,0,100,2026-10-06T14:26:02-05:00,2026-10-06T18:59:45+00:00,https://resultadoelectoral.onpe.gob.pe/main/elecciones-municipales
distrital,200508,PUNO,HUANCANÉ,TARACO,7,8462,9717,,,1255,40,40,0,0,100,2026-10-06T14:20:33-05:00,2026-10-06T18:59:45+00:00,https://resultadoelectoral.onpe.gob.pe/main/elecciones-municipales
distrital,200509,PUNO,HUANCANÉ,VILQUE CHICO,7,6279,7105,,,826,34,34,0,0,100,2026-10-06T14:26:02-05:00,2026-10-06T18:59:45+00:00,https://resultadoelectoral.onpe.gob.pe/main/elecciones-municipales
distrital,200511,PUNO,HUANCANÉ,HUATASANI,7,2039,2207,,,168,9,9,0,0,100,2026-10-06T14:26:02-05:00,2026-10-06T18:59:45+00:00,https://resultadoelectoral.onpe.gob.pe/main/elecciones-municipales
distrital,200601,PUNO,LAMPA,LAMPA,5,7773,8678,,,905,35,35,0,0,100,2026-10-06T14:20:33-05:00,2026-10-06T18:59:45+00:00,https://resultadoelectoral.onpe.gob.pe/main/elecciones-municipales
distrital,200602,PUNO,LAMPA,CABANILLA,5,3368,3972,,,604,18,17,1,0,94.444,2026-10-06T14:26:02-05:00,2026-10-06T18:59:45+00:00,https://resultadoelectoral.onpe.gob.pe/main/elecciones-municipales
distrital,200603,PUNO,LAMPA,CALAPUJA,5,1908,2092,,,184,8,8,0,0,100,2026-10-06T14:26:02-05:00,2026-10-06T18:59:45+00:00,https://resultadoelectoral.onpe.gob.pe/main/elecciones-municipales
distrital,200604,PUNO,LAMPA,NICASIO,5,2103,2295,,,192,9,9,0,0,100,2026-10-06T14:26:02-05:00,2026-10-06T18:59:45+00:00,https://resultadoelectoral.onpe.gob.pe/main/elecciones-municipales
distrital,200605,PUNO,LAMPA,OCUVIRI,5,1299,1505,,,206,7,7,0,0,100,2026-10-06T14:26:02-05:00,2026-10-06T18:59:45+00:00,https://resultadoelectoral.onpe.gob.pe/main/elecciones-municipales
distrital,200606,PUNO,LAMPA,PALCA,5,1732,1840,,,108,7,7,0,0,100,2026-10-06T14:26:02-05:00,2026-10-06T18:59:45+00:00,https://resultadoelectoral.onpe.gob.pe/main/elecciones-municipales
distrital,200607,PUNO,LAMPA,PARATIA,5,1337,1490,,,153,8,7,1,0,87.5,2026-10-06T14:26:02-05:00,2026-10-06T18:59:45+00:00,https://resultadoelectoral.onpe.gob.pe/main/elecciones-municipales
distrital,200608,PUNO,LAMPA,PUCARA,5,3958,4299,,,341,18,18,0,0,100,2026-10-06T14:26:02-05:00,2026-10-06T18:59:45+00:00,https://resultadoelectoral.onpe.gob.pe/main/elecciones-municipales
distrital,200609,PUNO,LAMPA,SANTA LUCÍA,5,4165,4840,,,675,21,21,0,0,100,2026-10-06T14:26:02-05:00,2026-10-06T18:59:45+00:00,https://resultadoelectoral.onpe.gob.pe/main/elecciones-municipales
distrital,200610,PUNO,LAMPA,VILAVILA,5,677,743,,,66,3,3,0,0,100,2026-10-06T14:26:02-05:00,2026-10-06T18:59:45+00:00,https://resultadoelectoral.onpe.gob.pe/main/elecciones-municipales
distrital,200701,PUNO,MELGAR,AYAVIRI,8,13679,14941,,,1262,64,63,1,0,98.438,2026-10-06T14:20:33-05:00,2026-10-06T18:59:45+00:00,https://resultadoelectoral.onpe.gob.pe/main/elecciones-municipales
distrital,200702,PUNO,MELGAR,ANTAUTA,8,3975,4671,,,696,22,22,0,0,100,2026-10-06T14:26:02-05:00,2026-10-06T18:59:45+00:00,https://resultadoelectoral.onpe.gob.pe/main/elecciones-municipales
distrital,200703,PUNO,MELGAR,CUPI,8,1385,1530,,,145,7,7,0,0,100,2026-10-06T14:26:02-05:00,2026-10-06T18:59:45+00:00,https://resultadoelectoral.onpe.gob.pe/main/elecciones-municipales
distrital,200704,PUNO,MELGAR,LLALLI,8,1547,1940,,,393,9,9,0,0,100,2026-10-06T14:26:02-05:00,2026-10-06T18:59:45+00:00,https://resultadoelectoral.onpe.gob.pe/main/elecciones-municipales
distrital,200705,PUNO,MELGAR,MACARI,8,4159,4500,,,341,21,20,1,0,95.238,2026-10-06T14:26:02-05:00,2026-10-06T18:59:45+00:00,https://resultadoelectoral.onpe.gob.pe/main/elecciones-municipales
distrital,200706,PUNO,MELGAR,NUÑOA,8,4832,5368,,,536,25,25,0,0,100,2026-10-06T14:26:02-05:00,2026-10-06T18:59:45+00:00,https://resultadoelectoral.onpe.gob.pe/main/elecciones-municipales
distrital,200707,PUNO,MELGAR,ORURILLO,8,4550,4947,,,397,23,22,1,0,95.652,2026-10-06T14:26:02-05:00,2026-10-06T18:59:45+00:00,https://resultadoelectoral.onpe.gob.pe/main/elecciones-municipales
distrital,200708,PUNO,MELGAR,SANTA ROSA,8,3353,3727,,,374,18,18,0,0,100,2026-10-06T14:20:33-05:00,2026-10-06T18:59:45+00:00,https://resultadoelectoral.onpe.gob.pe/main/elecciones-municipales
distrital,200709,PUNO,MELGAR,UMACHIRI,8,2471,2744,,,273,11,11,0,0,100,2026-10-06T14:26:02-05:00,2026-10-06T18:59:45+00:00,https://resultadoelectoral.onpe.gob.pe/main/elecciones-municipales
distrital,200801,PUNO,SANDIA,SANDIA,5,5346,6433,,,1087,32,32,0,0,100,2026-10-06T14:26:02-05:00,2026-10-06T18:59:45+00:00,https://resultadoelectoral.onpe.gob.pe/main/elecciones-municipales
distrital,200803,PUNO,SANDIA,CUYOCUYO,5,3487,3850,,,363,18,18,0,0,100,2026-10-06T14:26:02-05:00,2026-10-06T18:59:45+00:00,https://resultadoelectoral.onpe.gob.pe/main/elecciones-municipales
distrital,200804,PUNO,SANDIA,LIMBANI,5,1778,2358,,,580,13,13,0,0,100,2026-10-06T14:26:02-05:00,2026-10-06T18:59:45+00:00,https://resultadoelectoral.onpe.gob.pe/main/elecciones-municipales
distrital,200805,PUNO,SANDIA,PHARA,5,3351,4039,,,688,19,19,0,0,100,2026-10-06T14:26:02-05:00,2026-10-06T18:59:45+00:00,https://resultadoelectoral.onpe.gob.pe/main/elecciones-municipales
distrital,200806,PUNO,SANDIA,PATAMBUCO,5,2356,2793,,,437,14,14,0,0,100,2026-10-06T14:26:02-05:00,2026-10-06T18:59:45+00:00,https://resultadoelectoral.onpe.gob.pe/main/elecciones-municipales
distrital,200807,PUNO,SANDIA,QUIACA,5,1443,1753,,,310,8,8,0,0,100,2026-10-06T14:26:02-05:00,2026-10-06T18:59:45+00:00,https://resultadoelectoral.onpe.gob.pe/main/elecciones-municipales
distrital,200808,PUNO,SANDIA,SAN JUAN DEL ORO,5,2178,2427,,,249,13,13,0,0,100,2026-10-06T14:26:02-05:00,2026-10-06T18:59:45+00:00,https://resultadoelectoral.onpe.gob.pe/main/elecciones-municipales
distrital,200810,PUNO,SANDIA,YANAHUAYA,5,1509,1695,,,186,8,8,0,0,100,2026-10-06T14:26:02-05:00,2026-10-06T18:59:45+00:00,https://resultadoelectoral.onpe.gob.pe/main/elecciones-municipales
distrital,200811,PUNO,SANDIA,ALTO INAMBARI,5,3992,4492,,,500,22,22,0,0,100,2026-10-06T14:26:02-05:00,2026-10-06T18:59:45+00:00,https://resultadoelectoral.onpe.gob.pe/main/elecciones-municipales
distrital,200812,PUNO,SANDIA,SAN PEDRO DE PUTINA PUNCO,5,4322,4966,,,644,23,23,0,0,100,2026-10-06T14:26:02-05:00,2026-10-06T18:59:45+00:00,https://resultadoelectoral.onpe.gob.pe/main/elecciones-municipales
distrital,200901,PUNO,SAN ROMÁN,JULIACA,11,131087,144439,,,13352,596,592,4,0,99.329,2026-10-06T14:20:33-05:00,2026-10-06T18:59:45+00:00,https://resultadoelectoral.onpe.gob.pe/main/elecciones-municipales
distrital,200902,PUNO,SAN ROMÁN,CABANA,11,3300,3638,,,338,17,17,0,0,100,2026-10-06T14:26:02-05:00,2026-10-06T18:59:45+00:00,https://resultadoelectoral.onpe.gob.pe/main/elecciones-municipales
distrital,200903,PUNO,SAN ROMÁN,CABANILLAS,11,2992,3255,,,263,14,14,0,0,100,2026-10-06T14:26:02-05:00,2026-10-06T18:59:45+00:00,https://resultadoelectoral.onpe.gob.pe/main/elecciones-municipales
distrital,200904,PUNO,SAN ROMÁN,CARACOTO,11,8988,9972,,,984,39,39,0,0,100,2026-10-06T14:20:33-05:00,2026-10-06T18:59:45+00:00,https://resultadoelectoral.onpe.gob.pe/main/elecciones-municipales
distrital,200905,PUNO,SAN ROMÁN,SAN MIGUEL,11,26343,29399,,,3056,112,112,0,0,100,2026-10-06T14:20:33-05:00,2026-10-06T18:59:45+00:00,https://resultadoelectoral.onpe.gob.pe/main/elecciones-municipales
distrital,201001,PUNO,YUNGUYO,YUNGUYO,3,12339,15186,,,2847,74,74,0,0,100,2026-10-06T14:20:33-05:00,2026-10-06T18:59:45+00:00,https://resultadoelectoral.onpe.gob.pe/main/elecciones-municipales
distrital,201002,PUNO,YUNGUYO,UNICACHI,3,496,720,,,224,4,4,0,0,100,2026-10-06T14:26:02-05:00,2026-10-06T18:59:45+00:00,https://resultadoelectoral.onpe.gob.pe/main/elecciones-municipales
distrital,201003,PUNO,YUNGUYO,ANAPIA,3,665,778,,,113,4,4,0,0,100,2026-10-06T14:26:02-05:00,2026-10-06T18:59:45+00:00,https://resultadoelectoral.onpe.gob.pe/main/elecciones-municipales
distrital,201004,PUNO,YUNGUYO,COPANI,3,2640,3092,,,452,15,15,0,0,100,2026-10-06T14:26:02-05:00,2026-10-06T18:59:45+00:00,https://resultadoelectoral.onpe.gob.pe/main/elecciones-municipales
distrital,201005,PUNO,YUNGUYO,CUTURAPI,3,697,794,,,97,4,4,0,0,100,2026-10-06T14:26:02-05:00,2026-10-06T18:59:45+00:00,https://resultadoelectoral.onpe.gob.pe/main/elecciones-municipales
distrital,201006,PUNO,YUNGUYO,OLLARAYA,3,1439,1600,,,161,8,8,0,0,100,2026-10-06T14:20:33-05:00,2026-10-06T18:59:45+00:00,https://resultadoelectoral.onpe.gob.pe/main/elecciones-municipales
distrital,201007,PUNO,YUNGUYO,TINICACHI,3,400,454,,,54,3,3,0,0,100,2026-10-06T14:26:02-05:00,2026-10-06T18:59:45+00:00,https://resultadoelectoral.onpe.gob.pe/main/elecciones-municipales
distrital,201101,PUNO,SAN ANTONIO DE PUTINA,PUTINA,7,9314,10390,,,1076,43,43,0,0,100,2026-10-06T14:26:02-05:00,2026-10-06T18:59:45+00:00,https://resultadoelectoral.onpe.gob.pe/main/elecciones-municipales
distrital,201102,PUNO,SAN ANTONIO DE PUTINA,PEDRO VILCA APAZA,7,1502,1670,,,168,7,7,0,0,100,2026-10-06T14:26:02-05:00,2026-10-06T18:59:45+00:00,https://resultadoelectoral.onpe.gob.pe/main/elecciones-municipales
distrital,201103,PUNO,SAN ANTONIO DE PUTINA,QUILCAPUNCU,7,3020,3279,,,259,16,14,2,0,87.5,2026-10-06T14:20:33-05:00,2026-10-06T18:59:45+00:00,https://resultadoelectoral.onpe.gob.pe/main/elecciones-municipales
distrital,201104,PUNO,SAN ANTONIO DE PUTINA,ANANEA,7,2801,3539,,,738,16,16,0,0,100,2026-10-06T14:26:02-05:00,2026-10-06T18:59:45+00:00,https://resultadoelectoral.onpe.gob.pe/main/elecciones-municipales
distrital,201105,PUNO,SAN ANTONIO DE PUTINA,SINA,7,999,1169,,,170,5,5,0,0,100,2026-10-06T14:20:33-05:00,2026-10-06T18:59:45+00:00,https://resultadoelectoral.onpe.gob.pe/main/elecciones-municipales
distrital,201201,PUNO,EL COLLAO,ILAVE,7,26739,29953,,,3214,135,134,1,0,99.259,2026-10-06T14:20:33-05:00,2026-10-06T18:59:45+00:00,https://resultadoelectoral.onpe.gob.pe/main/elecciones-municipales
distrital,201202,PUNO,EL COLLAO,PILCUYO,7,6328,6828,,,500,31,29,2,0,93.548,2026-10-06T14:20:33-05:00,2026-10-06T18:59:45+00:00,https://resultadoelectoral.onpe.gob.pe/main/elecciones-municipales
distrital,201203,PUNO,EL COLLAO,SANTA ROSA,7,1959,2318,,,359,10,10,0,0,100,2026-10-06T14:20:33-05:00,2026-10-06T18:59:45+00:00,https://resultadoelectoral.onpe.gob.pe/main/elecciones-municipales
distrital,201204,PUNO,EL COLLAO,CAPASO,7,513,635,,,122,3,3,0,0,100,2026-10-06T14:26:02-05:00,2026-10-06T18:59:45+00:00,https://resultadoelectoral.onpe.gob.pe/main/elecciones-municipales
distrital,201205,PUNO,EL COLLAO,CONDURIRI,7,1790,1985,,,195,10,9,1,0,90,2026-10-06T14:26:02-05:00,2026-10-06T18:59:45+00:00,https://resultadoelectoral.onpe.gob.pe/main/elecciones-municipales
distrital,201301,PUNO,MOHO,MOHO,5,7784,9359,,,1575,50,50,0,0,100,2026-10-06T14:26:02-05:00,2026-10-06T18:59:45+00:00,https://resultadoelectoral.onpe.gob.pe/main/elecciones-municipales
distrital,201302,PUNO,MOHO,CONIMA,5,2324,2715,,,391,14,14,0,0,100,2026-10-06T14:26:02-05:00,2026-10-06T18:59:45+00:00,https://resultadoelectoral.onpe.gob.pe/main/elecciones-municipales
distrital,201303,PUNO,MOHO,TILALI,5,1978,2214,,,236,11,11,0,0,100,2026-10-06T14:26:02-05:00,2026-10-06T18:59:45+00:00,https://resultadoelectoral.onpe.gob.pe/main/elecciones-municipales
distrital,201304,PUNO,MOHO,HUAYRAPATA,5,2328,2609,,,281,12,12,0,0,100,2026-10-06T14:26:02-05:00,2026-10-06T18:59:45+00:00,https://resultadoelectoral.onpe.gob.pe/main/elecciones-municipales
distrital,210101,SAN MARTÍN,MOYOBAMBA,MOYOBAMBA,7,40291,46779,,,6488,225,224,1,0,99.556,2026-10-06T14:26:02-05:00,2026-10-06T18:59:45+00:00,https://resultadoelectoral.onpe.gob.pe/main/elecciones-municipales
distrital,210102,SAN MARTÍN,MOYOBAMBA,CALZADA,7,2963,3332,,,369,14,14,0,0,100,2026-10-06T14:26:02-05:00,2026-10-06T18:59:45+00:00,https://resultadoelectoral.onpe.gob.pe/main/elecciones-municipales
distrital,210103,SAN MARTÍN,MOYOBAMBA,HABANA,7,1932,2115,,,183,10,10,0,0,100,2026-10-06T14:26:02-05:00,2026-10-06T18:59:45+00:00,https://resultadoelectoral.onpe.gob.pe/main/elecciones-municipales
distrital,210104,SAN MARTÍN,MOYOBAMBA,JEPELACIO,7,9077,10338,,,1261,50,50,0,0,100,2026-10-06T14:26:02-05:00,2026-10-06T18:59:45+00:00,https://resultadoelectoral.onpe.gob.pe/main/elecciones-municipales
distrital,210105,SAN MARTÍN,MOYOBAMBA,SORITOR,7,13175,14648,,,1473,69,69,0,0,100,2026-10-06T14:26:02-05:00,2026-10-06T18:59:45+00:00,https://resultadoelectoral.onpe.gob.pe/main/elecciones-municipales
distrital,210106,SAN MARTÍN,MOYOBAMBA,YANTALÓ,7,2280,2594,,,314,12,12,0,0,100,2026-10-06T14:26:02-05:00,2026-10-06T18:59:45+00:00,https://resultadoelectoral.onpe.gob.pe/main/elecciones-municipales
distrital,210201,SAN MARTÍN,HUALLAGA,SAPOSOA,5,7895,8876,,,981,44,43,1,0,97.727,2026-10-06T14:26:02-05:00,2026-10-06T18:59:45+00:00,https://resultadoelectoral.onpe.gob.pe/main/elecciones-municipales
distrital,210202,SAN MARTÍN,HUALLAGA,PISCOYACU,5,2739,2943,,,204,13,13,0,0,100,2026-10-06T14:26:02-05:00,2026-10-06T18:59:45+00:00,https://resultadoelectoral.onpe.gob.pe/main/elecciones-municipales
distrital,210203,SAN MARTÍN,HUALLAGA,SACANCHE,5,1856,1974,,,118,9,8,1,0,88.889,2026-10-06T14:26:02-05:00,2026-10-06T18:59:45+00:00,https://resultadoelectoral.onpe.gob.pe/main/elecciones-municipales
distrital,210204,SAN MARTÍN,HUALLAGA,TINGO DE SAPOSOA,5,635,657,,,22,3,3,0,0,100,2026-10-06T14:26:02-05:00,2026-10-06T18:59:45+00:00,https://resultadoelectoral.onpe.gob.pe/main/elecciones-municipales
distrital,210205,SAN MARTÍN,HUALLAGA,ALTO SAPOSOA,5,2613,2770,,,157,13,13,0,0,100,2026-10-06T14:26:02-05:00,2026-10-06T18:59:45+00:00,https://resultadoelectoral.onpe.gob.pe/main/elecciones-municipales
distrital,210206,SAN MARTÍN,HUALLAGA,EL ESLABÓN,5,1709,1844,,,135,8,8,0,0,100,2026-10-06T14:26:02-05:00,2026-10-06T18:59:45+00:00,https://resultadoelectoral.onpe.gob.pe/main/elecciones-municipales
distrital,210301,SAN MARTÍN,LAMAS,LAMAS,6,8075,9563,,,1488,42,41,1,0,97.619,2026-10-06T14:26:02-05:00,2026-10-06T18:59:45+00:00,https://resultadoelectoral.onpe.gob.pe/main/elecciones-municipales
distrital,210303,SAN MARTÍN,LAMAS,BARRANQUITA,6,3948,4259,,,311,22,21,1,0,95.455,2026-10-06T14:26:02-05:00,2026-10-06T18:59:45+00:00,https://resultadoelectoral.onpe.gob.pe/main/elecciones-municipales
distrital,210304,SAN MARTÍN,LAMAS,CAYNARACHI,6,4783,6200,,,1417,29,29,0,0,100,2026-10-06T14:26:02-05:00,2026-10-06T18:59:45+00:00,https://resultadoelectoral.onpe.gob.pe/main/elecciones-municipales
distrital,210305,SAN MARTÍN,LAMAS,CUÑUMBUQUI,6,3126,3457,,,331,16,16,0,0,100,2026-10-06T14:26:02-05:00,2026-10-06T18:59:45+00:00,https://resultadoelectoral.onpe.gob.pe/main/elecciones-municipales
distrital,210306,SAN MARTÍN,LAMAS,PINTO RECODO,6,5016,5526,,,510,25,25,0,0,100,2026-10-06T14:26:02-05:00,2026-10-06T18:59:45+00:00,https://resultadoelectoral.onpe.gob.pe/main/elecciones-municipales
distrital,210307,SAN MARTÍN,LAMAS,RUMISAPA,6,2267,2514,,,247,12,10,2,0,83.333,2026-10-06T14:26:02-05:00,2026-10-06T18:59:45+00:00,https://resultadoelectoral.onpe.gob.pe/main/elecciones-municipales
distrital,210311,SAN MARTÍN,LAMAS,SHANAO,6,2310,2543,,,233,10,10,0,0,100,2026-10-06T14:26:02-05:00,2026-10-06T18:59:45+00:00,https://resultadoelectoral.onpe.gob.pe/main/elecciones-municipales
distrital,210313,SAN MARTÍN,LAMAS,TABALOSOS,6,8046,8895,,,849,39,39,0,0,100,2026-10-06T14:26:02-05:00,2026-10-06T18:59:45+00:00,https://resultadoelectoral.onpe.gob.pe/main/elecciones-municipales
distrital,210314,SAN MARTÍN,LAMAS,ZAPATERO,6,3474,3986,,,512,18,18,0,0,100,2026-10-06T14:26:02-05:00,2026-10-06T18:59:45+00:00,https://resultadoelectoral.onpe.gob.pe/main/elecciones-municipales
distrital,210315,SAN MARTÍN,LAMAS,ALONSO DE ALVARADO,6,7552,8626,,,1074,42,41,1,0,97.619,2026-10-06T14:26:02-05:00,2026-10-06T18:59:45+00:00,https://resultadoelectoral.onpe.gob.pe/main/elecciones-municipales
distrital,210316,SAN MARTÍN,LAMAS,SAN ROQUE DE CUMBAZA,6,1201,1357,,,156,6,6,0,0,100,2026-10-06T14:26:02-05:00,2026-10-06T18:59:45+00:00,https://resultadoelectoral.onpe.gob.pe/main/elecciones-municipales
distrital,210401,SAN MARTÍN,MARISCAL CÁCERES,JUANJUI,6,15898,17720,,,1822,87,83,4,0,95.402,2026-10-06T14:26:02-05:00,2026-10-06T18:59:45+00:00,https://resultadoelectoral.onpe.gob.pe/main/elecciones-municipales
distrital,210402,SAN MARTÍN,MARISCAL CÁCERES,CAMPANILLA,6,6451,7422,,,971,38,37,1,0,97.368,2026-10-06T14:26:02-05:00,2026-10-06T18:59:45+00:00,https://resultadoelectoral.onpe.gob.pe/main/elecciones-municipales
distrital,210403,SAN MARTÍN,MARISCAL CÁCERES,HUICUNGO,6,5084,5529,,,445,25,25,0,0,100,2026-10-06T14:26:02-05:00,2026-10-06T18:59:45+00:00,https://resultadoelectoral.onpe.gob.pe/main/elecciones-municipales
distrital,210404,SAN MARTÍN,MARISCAL CÁCERES,PACHIZA,6,3561,3961,,,400,19,19,0,0,100,2026-10-06T14:26:02-05:00,2026-10-06T18:59:45+00:00,https://resultadoelectoral.onpe.gob.pe/main/elecciones-municipales
distrital,210405,SAN MARTÍN,MARISCAL CÁCERES,PAJARILLO,6,3337,3769,,,432,19,18,1,0,94.737,2026-10-06T14:26:02-05:00,2026-10-06T18:59:45+00:00,https://resultadoelectoral.onpe.gob.pe/main/elecciones-municipales
distrital,210501,SAN MARTÍN,RIOJA,RIOJA,7,14174,15974,,,1800,75,75,0,0,100,2026-10-06T14:26:02-05:00,2026-10-06T18:59:45+00:00,https://resultadoelectoral.onpe.gob.pe/main/elecciones-municipales
distrital,210502,SAN MARTÍN,RIOJA,POSIC,7,1760,1884,,,124,8,8,0,0,100,2026-10-06T14:26:02-05:00,2026-10-06T18:59:45+00:00,https://resultadoelectoral.onpe.gob.pe/main/elecciones-municipales
distrital,210503,SAN MARTÍN,RIOJA,YORONGOS,7,1992,2130,,,138,9,9,0,0,100,2026-10-06T14:26:02-05:00,2026-10-06T18:59:45+00:00,https://resultadoelectoral.onpe.gob.pe/main/elecciones-municipales
distrital,210504,SAN MARTÍN,RIOJA,YURACYACU,7,2509,2689,,,180,12,12,0,0,100,2026-10-06T14:26:02-05:00,2026-10-06T18:59:45+00:00,https://resultadoelectoral.onpe.gob.pe/main/elecciones-municipales
distrital,210505,SAN MARTÍN,RIOJA,NUEVA CAJAMARCA,7,24628,27596,,,2968,129,129,0,0,100,2026-10-06T14:26:02-05:00,2026-10-06T18:59:45+00:00,https://resultadoelectoral.onpe.gob.pe/main/elecciones-municipales
distrital,210506,SAN MARTÍN,RIOJA,ELÍAS SOPLÍN VARGAS,7,11696,12899,,,1203,57,56,1,0,98.246,2026-10-06T14:26:02-05:00,2026-10-06T18:59:45+00:00,https://resultadoelectoral.onpe.gob.pe/main/elecciones-municipales
distrital,210507,SAN MARTÍN,RIOJA,SAN FERNANDO,7,2001,2211,,,210,10,10,0,0,100,2026-10-06T14:26:02-05:00,2026-10-06T18:59:45+00:00,https://resultadoelectoral.onpe.gob.pe/main/elecciones-municipales
distrital,210508,SAN MARTÍN,RIOJA,PARDO MIGUEL,7,9567,10722,,,1155,51,51,0,0,100,2026-10-06T14:26:02-05:00,2026-10-06T18:59:45+00:00,https://resultadoelectoral.onpe.gob.pe/main/elecciones-municipales
distrital,210509,SAN MARTÍN,RIOJA,AWAJUN,7,5603,6195,,,592,31,31,0,0,100,2026-10-06T14:26:02-05:00,2026-10-06T18:59:45+00:00,https://resultadoelectoral.onpe.gob.pe/main/elecciones-municipales
distrital,210601,SAN MARTÍN,SAN MARTÍN,TARAPOTO,9,43506,49967,,,6461,222,221,1,0,99.55,2026-10-06T14:26:02-05:00,2026-10-06T18:59:45+00:00,https://resultadoelectoral.onpe.gob.pe/main/elecciones-municipales
distrital,210602,SAN MARTÍN,SAN MARTÍN,ALBERTO LEVEAU,9,884,943,,,59,5,4,1,0,80,2026-10-06T14:26:02-05:00,2026-10-06T18:59:45+00:00,https://resultadoelectoral.onpe.gob.pe/main/elecciones-municipales
distrital,210604,SAN MARTÍN,SAN MARTÍN,CACATACHI,9,2438,2629,,,191,13,11,2,0,84.615,2026-10-06T14:26:02-05:00,2026-10-06T18:59:45+00:00,https://resultadoelectoral.onpe.gob.pe/main/elecciones-municipales
distrital,210606,SAN MARTÍN,SAN MARTÍN,CHAZUTA,9,5441,6038,,,597,30,29,1,0,96.667,2026-10-06T14:26:02-05:00,2026-10-06T18:59:45+00:00,https://resultadoelectoral.onpe.gob.pe/main/elecciones-municipales
distrital,210607,SAN MARTÍN,SAN MARTÍN,CHIPURANA,9,1412,1527,,,115,8,8,0,0,100,2026-10-06T14:26:02-05:00,2026-10-06T18:59:45+00:00,https://resultadoelectoral.onpe.gob.pe/main/elecciones-municipales
distrital,210608,SAN MARTÍN,SAN MARTÍN,EL PORVENIR,9,2141,2281,,,140,10,10,0,0,100,2026-10-06T14:26:02-05:00,2026-10-06T18:59:45+00:00,https://resultadoelectoral.onpe.gob.pe/main/elecciones-municipales
distrital,210609,SAN MARTÍN,SAN MARTÍN,HUIMBAYOC,9,2296,2700,,,404,16,16,0,0,100,2026-10-06T14:26:02-05:00,2026-10-06T18:59:45+00:00,https://resultadoelectoral.onpe.gob.pe/main/elecciones-municipales
distrital,210610,SAN MARTÍN,SAN MARTÍN,JUAN GUERRA,9,3032,3232,,,200,13,13,0,0,100,2026-10-06T14:26:02-05:00,2026-10-06T18:59:45+00:00,https://resultadoelectoral.onpe.gob.pe/main/elecciones-municipales
distrital,210611,SAN MARTÍN,SAN MARTÍN,MORALES,9,18061,20538,,,2477,89,89,0,0,100,2026-10-06T14:26:02-05:00,2026-10-06T18:59:45+00:00,https://resultadoelectoral.onpe.gob.pe/main/elecciones-municipales
distrital,210612,SAN MARTÍN,SAN MARTÍN,PAPAPLAYA,9,1531,1645,,,114,8,8,0,0,100,2026-10-06T14:26:02-05:00,2026-10-06T18:59:45+00:00,https://resultadoelectoral.onpe.gob.pe/main/elecciones-municipales
distrital,210616,SAN MARTÍN,SAN MARTÍN,SAN ANTONIO,9,1097,1579,,,482,7,7,0,0,100,2026-10-06T14:26:02-05:00,2026-10-06T18:59:45+00:00,https://resultadoelectoral.onpe.gob.pe/main/elecciones-municipales
distrital,210619,SAN MARTÍN,SAN MARTÍN,SAUCE,9,4201,4696,,,495,21,21,0,0,100,2026-10-06T14:26:02-05:00,2026-10-06T18:59:45+00:00,https://resultadoelectoral.onpe.gob.pe/main/elecciones-municipales
distrital,210620,SAN MARTÍN,SAN MARTÍN,SHAPAJA,9,1447,1909,,,462,8,8,0,0,100,2026-10-06T14:26:02-05:00,2026-10-06T18:59:45+00:00,https://resultadoelectoral.onpe.gob.pe/main/elecciones-municipales
distrital,210621,SAN MARTÍN,SAN MARTÍN,LA BANDA DE SHILCAYO,9,23426,27082,,,3656,122,118,4,0,96.721,2026-10-06T14:26:02-05:00,2026-10-06T18:59:45+00:00,https://resultadoelectoral.onpe.gob.pe/main/elecciones-municipales
distrital,210701,SAN MARTÍN,BELLAVISTA,BELLAVISTA,5,9729,10493,,,764,48,47,1,0,97.917,2026-10-06T14:26:02-05:00,2026-10-06T18:59:45+00:00,https://resultadoelectoral.onpe.gob.pe/main/elecciones-municipales
distrital,210702,SAN MARTÍN,BELLAVISTA,SAN RAFAEL,5,3395,4024,,,629,17,17,0,0,100,2026-10-06T14:26:02-05:00,2026-10-06T18:59:45+00:00,https://resultadoelectoral.onpe.gob.pe/main/elecciones-municipales
distrital,210703,SAN MARTÍN,BELLAVISTA,SAN PABLO,5,4739,5293,,,554,27,24,3,0,88.889,2026-10-06T14:26:02-05:00,2026-10-06T18:59:45+00:00,https://resultadoelectoral.onpe.gob.pe/main/elecciones-municipales
distrital,210704,SAN MARTÍN,BELLAVISTA,ALTO BIAVO,5,5480,6222,,,742,32,32,0,0,100,2026-10-06T14:26:02-05:00,2026-10-06T18:59:45+00:00,https://resultadoelectoral.onpe.gob.pe/main/elecciones-municipales
distrital,210705,SAN MARTÍN,BELLAVISTA,HUALLAGA,5,1452,1528,,,76,8,7,1,0,87.5,2026-10-06T14:26:02-05:00,2026-10-06T18:59:45+00:00,https://resultadoelectoral.onpe.gob.pe/main/elecciones-municipales
distrital,210706,SAN MARTÍN,BELLAVISTA,BAJO BIAVO,5,7122,8062,,,940,42,41,1,0,97.619,2026-10-06T14:26:02-05:00,2026-10-06T18:59:45+00:00,https://resultadoelectoral.onpe.gob.pe/main/elecciones-municipales
distrital,210801,SAN MARTÍN,TOCACHE,TOCACHE,6,16030,18274,,,2244,89,88,1,0,98.876,2026-10-06T14:26:02-05:00,2026-10-06T18:59:45+00:00,https://resultadoelectoral.onpe.gob.pe/main/elecciones-municipales
distrital,210802,SAN MARTÍN,TOCACHE,NUEVO PROGRESO,6,6083,6916,,,833,35,35,0,0,100,2026-10-06T14:26:02-05:00,2026-10-06T18:59:45+00:00,https://resultadoelectoral.onpe.gob.pe/main/elecciones-municipales
distrital,210803,SAN MARTÍN,TOCACHE,PÓLVORA,6,5199,5948,,,749,35,33,2,0,94.286,2026-10-06T14:26:02-05:00,2026-10-06T18:59:45+00:00,https://resultadoelectoral.onpe.gob.pe/main/elecciones-municipales
distrital,210804,SAN MARTÍN,TOCACHE,SHUNTE,6,1804,2031,,,227,10,10,0,0,100,2026-10-06T14:26:02-05:00,2026-10-06T18:59:45+00:00,https://resultadoelectoral.onpe.gob.pe/main/elecciones-municipales
distrital,210805,SAN MARTÍN,TOCACHE,UCHIZA,6,7680,9276,,,1596,50,48,2,0,96,2026-10-06T14:26:02-05:00,2026-10-06T18:59:45+00:00,https://resultadoelectoral.onpe.gob.pe/main/elecciones-municipales
distrital,210806,SAN MARTÍN,TOCACHE,SANTA LUCÍA,6,2443,2942,,,499,13,13,0,0,100,2026-10-06T14:26:02-05:00,2026-10-06T18:59:45+00:00,https://resultadoelectoral.onpe.gob.pe/main/elecciones-municipales
distrital,210901,SAN MARTÍN,PICOTA,PICOTA,5,5238,5780,,,542,27,25,2,0,92.593,2026-10-06T14:26:02-05:00,2026-10-06T18:59:45+00:00,https://resultadoelectoral.onpe.gob.pe/main/elecciones-municipales
distrital,210902,SAN MARTÍN,PICOTA,BUENOS AIRES,5,2475,2700,,,225,12,12,0,0,100,2026-10-06T14:26:02-05:00,2026-10-06T18:59:45+00:00,https://resultadoelectoral.onpe.gob.pe/main/elecciones-municipales
distrital,210903,SAN MARTÍN,PICOTA,CASPISAPA,5,1640,1725,,,85,7,7,0,0,100,2026-10-06T14:26:02-05:00,2026-10-06T18:59:45+00:00,https://resultadoelectoral.onpe.gob.pe/main/elecciones-municipales
distrital,210904,SAN MARTÍN,PICOTA,PILLUANA,5,637,878,,,241,4,4,0,0,100,2026-10-06T14:26:02-05:00,2026-10-06T18:59:45+00:00,https://resultadoelectoral.onpe.gob.pe/main/elecciones-municipales
distrital,210905,SAN MARTÍN,PICOTA,PUCACACA,5,2175,2685,,,510,12,12,0,0,100,2026-10-06T14:26:02-05:00,2026-10-06T18:59:45+00:00,https://resultadoelectoral.onpe.gob.pe/main/elecciones-municipales
distrital,210906,SAN MARTÍN,PICOTA,SAN CRISTÓBAL,5,940,999,,,59,5,5,0,0,100,2026-10-06T14:26:02-05:00,2026-10-06T18:59:45+00:00,https://resultadoelectoral.onpe.gob.pe/main/elecciones-municipales
distrital,210907,SAN MARTÍN,PICOTA,SAN HILARIÓN,5,1978,2680,,,702,12,12,0,0,100,2026-10-06T14:26:02-05:00,2026-10-06T18:59:45+00:00,https://resultadoelectoral.onpe.gob.pe/main/elecciones-municipales
distrital,210908,SAN MARTÍN,PICOTA,TINGO DE PONASA,5,2884,3166,,,282,14,14,0,0,100,2026-10-06T14:26:02-05:00,2026-10-06T18:59:45+00:00,https://resultadoelectoral.onpe.gob.pe/main/elecciones-municipales
distrital,210909,SAN MARTÍN,PICOTA,TRES UNIDOS,5,2445,3021,,,576,14,13,1,0,92.857,2026-10-06T14:26:02-05:00,2026-10-06T18:59:45+00:00,https://resultadoelectoral.onpe.gob.pe/main/elecciones-municipales
distrital,210910,SAN MARTÍN,PICOTA,SHAMBOYACU,5,4234,5012,,,778,24,22,2,0,91.667,2026-10-06T14:26:02-05:00,2026-10-06T18:59:45+00:00,https://resultadoelectoral.onpe.gob.pe/main/elecciones-municipales
distrital,211001,SAN MARTÍN,EL DORADO,SAN JOSÉ DE SISA,5,8548,9804,,,1256,44,44,0,0,100,2026-10-06T14:26:02-05:00,2026-10-06T18:59:45+00:00,https://resultadoelectoral.onpe.gob.pe/main/elecciones-municipales
distrital,211002,SAN MARTÍN,EL DORADO,AGUA BLANCA,5,1804,1975,,,171,8,8,0,0,100,2026-10-06T14:26:02-05:00,2026-10-06T18:59:45+00:00,https://resultadoelectoral.onpe.gob.pe/main/elecciones-municipales
distrital,211003,SAN MARTÍN,EL DORADO,SHATOJA,5,2038,2167,,,129,9,9,0,0,100,2026-10-06T14:26:02-05:00,2026-10-06T18:59:45+00:00,https://resultadoelectoral.onpe.gob.pe/main/elecciones-municipales
distrital,211004,SAN MARTÍN,EL DORADO,SAN MARTÍN,5,5399,6290,,,891,32,30,2,0,93.75,2026-10-06T14:26:02-05:00,2026-10-06T18:59:45+00:00,https://resultadoelectoral.onpe.gob.pe/main/elecciones-municipales
distrital,211005,SAN MARTÍN,EL DORADO,SANTA ROSA,5,3318,4627,,,1309,22,20,2,0,90.909,2026-10-06T14:26:02-05:00,2026-10-06T18:59:45+00:00,https://resultadoelectoral.onpe.gob.pe/main/elecciones-municipales
distrital,220101,TACNA,TACNA,TACNA,9,62260,73147,,,10887,318,315,3,0,99.057,2026-10-06T14:26:02-05:00,2026-10-06T18:59:45+00:00,https://resultadoelectoral.onpe.gob.pe/main/elecciones-municipales
distrital,220102,TACNA,TACNA,CALANA,9,3349,3917,,,568,16,16,0,0,100,2026-10-06T14:26:02-05:00,2026-10-06T18:59:45+00:00,https://resultadoelectoral.onpe.gob.pe/main/elecciones-municipales
distrital,220104,TACNA,TACNA,INCLÁN,9,1546,1929,,,383,9,8,1,0,88.889,2026-10-06T14:26:02-05:00,2026-10-06T18:59:45+00:00,https://resultadoelectoral.onpe.gob.pe/main/elecciones-municipales
distrital,220107,TACNA,TACNA,PACHIA,9,1889,2298,,,409,10,10,0,0,100,2026-10-06T14:26:02-05:00,2026-10-06T18:59:45+00:00,https://resultadoelectoral.onpe.gob.pe/main/elecciones-municipales
distrital,220108,TACNA,TACNA,PALCA,9,1295,1476,,,181,7,7,0,0,100,2026-10-06T14:26:02-05:00,2026-10-06T18:59:45+00:00,https://resultadoelectoral.onpe.gob.pe/main/elecciones-municipales
distrital,220109,TACNA,TACNA,POCOLLAY,9,13069,15117,,,2048,63,62,1,0,98.413,2026-10-06T14:26:02-05:00,2026-10-06T18:59:45+00:00,https://resultadoelectoral.onpe.gob.pe/main/elecciones-municipales
distrital,220110,TACNA,TACNA,SAMA,9,2114,2588,,,474,12,12,0,0,100,2026-10-06T14:26:02-05:00,2026-10-06T18:59:45+00:00,https://resultadoelectoral.onpe.gob.pe/main/elecciones-municipales
distrital,220111,TACNA,TACNA,ALTO DE LA ALIANZA,9,19170,22230,,,3060,94,93,1,0,98.936,2026-10-06T14:26:02-05:00,2026-10-06T18:59:45+00:00,https://resultadoelectoral.onpe.gob.pe/main/elecciones-municipales
distrital,220112,TACNA,TACNA,CIUDAD NUEVA,9,20279,23208,,,2929,95,95,0,0,100,2026-10-06T14:26:02-05:00,2026-10-06T18:59:45+00:00,https://resultadoelectoral.onpe.gob.pe/main/elecciones-municipales
distrital,220113,TACNA,TACNA,CORONEL GREGORIO ALBARRACÍN LANCHIPA,9,60331,70658,,,10327,290,289,1,0,99.655,2026-10-06T14:26:02-05:00,2026-10-06T18:59:45+00:00,https://resultadoelectoral.onpe.gob.pe/main/elecciones-municipales
distrital,220114,TACNA,TACNA,LA YARADA LOS PALOS,9,5446,7078,,,1632,28,27,1,0,96.429,2026-10-06T14:26:02-05:00,2026-10-06T18:59:45+00:00,https://resultadoelectoral.onpe.gob.pe/main/elecciones-municipales
distrital,220201,TACNA,TARATA,TARATA,4,1748,2036,,,288,10,10,0,0,100,2026-10-06T14:26:02-05:00,2026-10-06T18:59:45+00:00,https://resultadoelectoral.onpe.gob.pe/main/elecciones-municipales
distrital,220205,TACNA,TARATA,HÉROES ALBARRACÍN,4,471,576,,,105,3,3,0,0,100,2026-10-06T14:26:02-05:00,2026-10-06T18:59:45+00:00,https://resultadoelectoral.onpe.gob.pe/main/elecciones-municipales
distrital,220206,TACNA,TARATA,ESTIQUE,4,384,471,,,87,2,2,0,0,100,2026-10-06T14:26:02-05:00,2026-10-06T18:59:45+00:00,https://resultadoelectoral.onpe.gob.pe/main/elecciones-municipales
distrital,220207,TACNA,TARATA,ESTIQUE PAMPA,4,407,448,,,41,2,2,0,0,100,2026-10-06T14:26:02-05:00,2026-10-06T18:59:45+00:00,https://resultadoelectoral.onpe.gob.pe/main/elecciones-municipales
distrital,220210,TACNA,TARATA,SITAJARA,4,449,500,,,51,2,2,0,0,100,2026-10-06T14:26:02-05:00,2026-10-06T18:59:45+00:00,https://resultadoelectoral.onpe.gob.pe/main/elecciones-municipales
distrital,220211,TACNA,TARATA,SUSAPAYA,4,441,504,,,63,3,3,0,0,100,2026-10-06T14:26:02-05:00,2026-10-06T18:59:45+00:00,https://resultadoelectoral.onpe.gob.pe/main/elecciones-municipales
distrital,220212,TACNA,TARATA,TARUCACHI,4,692,767,,,75,3,3,0,0,100,2026-10-06T14:26:02-05:00,2026-10-06T18:59:45+00:00,https://resultadoelectoral.onpe.gob.pe/main/elecciones-municipales
distrital,220213,TACNA,TARATA,TICACO,4,581,693,,,112,3,3,0,0,100,2026-10-06T14:26:02-05:00,2026-10-06T18:59:45+00:00,https://resultadoelectoral.onpe.gob.pe/main/elecciones-municipales
distrital,220301,TACNA,JORGE BASADRE,LOCUMBA,9,2091,2215,,,124,10,10,0,0,100,2026-10-06T14:26:02-05:00,2026-10-06T18:59:45+00:00,https://resultadoelectoral.onpe.gob.pe/main/elecciones-municipales
distrital,220302,TACNA,JORGE BASADRE,ITE,9,2667,2889,,,222,12,12,0,0,100,2026-10-06T14:26:02-05:00,2026-10-06T18:59:45+00:00,https://resultadoelectoral.onpe.gob.pe/main/elecciones-municipales
distrital,220303,TACNA,JORGE BASADRE,ILABAYA,9,3658,3971,,,313,18,18,0,0,100,2026-10-06T14:26:02-05:00,2026-10-06T18:59:45+00:00,https://resultadoelectoral.onpe.gob.pe/main/elecciones-municipales
distrital,220401,TACNA,CANDARAVE,CANDARAVE,5,1299,1536,,,237,7,7,0,0,100,2026-10-06T14:26:02-05:00,2026-10-06T18:59:45+00:00,https://resultadoelectoral.onpe.gob.pe/main/elecciones-municipales
distrital,220402,TACNA,CANDARAVE,CAIRANI,5,759,833,,,74,4,4,0,0,100,2026-10-06T14:26:02-05:00,2026-10-06T18:59:45+00:00,https://resultadoelectoral.onpe.gob.pe/main/elecciones-municipales
distrital,220403,TACNA,CANDARAVE,CURIBAYA,5,294,323,,,29,2,2,0,0,100,2026-10-06T14:26:02-05:00,2026-10-06T18:59:45+00:00,https://resultadoelectoral.onpe.gob.pe/main/elecciones-municipales
distrital,220404,TACNA,CANDARAVE,HUANUARA,5,636,670,,,34,3,3,0,0,100,2026-10-06T14:26:02-05:00,2026-10-06T18:59:45+00:00,https://resultadoelectoral.onpe.gob.pe/main/elecciones-municipales
distrital,220405,TACNA,CANDARAVE,QUILAHUANI,5,660,750,,,90,3,3,0,0,100,2026-10-06T14:26:02-05:00,2026-10-06T18:59:45+00:00,https://resultadoelectoral.onpe.gob.pe/main/elecciones-municipales
distrital,220406,TACNA,CANDARAVE,CAMILACA,5,968,1073,,,105,5,5,0,0,100,2026-10-06T14:26:02-05:00,2026-10-06T18:59:45+00:00,https://resultadoelectoral.onpe.gob.pe/main/elecciones-municipales
distrital,230101,TUMBES,TUMBES,TUMBES,15,50193,59355,,,9162,274,269,5,0,98.175,2026-10-06T14:26:02-05:00,2026-10-06T18:59:45+00:00,https://resultadoelectoral.onpe.gob.pe/main/elecciones-municipales
distrital,230102,TUMBES,TUMBES,CORRALES,15,12227,14475,,,2248,63,61,2,0,96.825,2026-10-06T14:26:02-05:00,2026-10-06T18:59:45+00:00,https://resultadoelectoral.onpe.gob.pe/main/elecciones-municipales
distrital,230103,TUMBES,TUMBES,LA CRUZ,15,4954,5798,,,844,25,25,0,0,100,2026-10-06T14:26:02-05:00,2026-10-06T18:59:45+00:00,https://resultadoelectoral.onpe.gob.pe/main/elecciones-municipales
distrital,230104,TUMBES,TUMBES,PAMPAS DE HOSPITAL,15,4458,5105,,,647,21,21,0,0,100,2026-10-06T14:26:02-05:00,2026-10-06T18:59:45+00:00,https://resultadoelectoral.onpe.gob.pe/main/elecciones-municipales
distrital,230105,TUMBES,TUMBES,SAN JACINTO,15,4722,5793,,,1071,27,25,2,0,92.593,2026-10-06T14:26:02-05:00,2026-10-06T18:59:45+00:00,https://resultadoelectoral.onpe.gob.pe/main/elecciones-municipales
distrital,230106,TUMBES,TUMBES,SAN JUAN DE LA VIRGEN,15,3177,3640,,,463,15,15,0,0,100,2026-10-06T14:26:02-05:00,2026-10-06T18:59:45+00:00,https://resultadoelectoral.onpe.gob.pe/main/elecciones-municipales
distrital,230201,TUMBES,CONTRALMIRANTE VILLAR,ZORRITOS,9,6337,7014,,,677,33,32,1,0,96.97,2026-10-06T14:26:02-05:00,2026-10-06T18:59:45+00:00,https://resultadoelectoral.onpe.gob.pe/main/elecciones-municipales
distrital,230202,TUMBES,CONTRALMIRANTE VILLAR,CASITAS,9,2421,2610,,,189,11,11,0,0,100,2026-10-06T14:26:02-05:00,2026-10-06T18:59:45+00:00,https://resultadoelectoral.onpe.gob.pe/main/elecciones-municipales
distrital,230203,TUMBES,CONTRALMIRANTE VILLAR,CANOAS DE PUNTA SAL,9,3515,3969,,,454,17,17,0,0,100,2026-10-06T14:26:02-05:00,2026-10-06T18:59:45+00:00,https://resultadoelectoral.onpe.gob.pe/main/elecciones-municipales
distrital,230301,TUMBES,ZARUMILLA,ZARUMILLA,9,10103,11474,,,1371,56,53,3,0,94.643,2026-10-06T14:26:02-05:00,2026-10-06T18:59:45+00:00,https://resultadoelectoral.onpe.gob.pe/main/elecciones-municipales
distrital,230302,TUMBES,ZARUMILLA,MATAPALO,9,2377,2723,,,346,12,12,0,0,100,2026-10-06T14:26:02-05:00,2026-10-06T18:59:45+00:00,https://resultadoelectoral.onpe.gob.pe/main/elecciones-municipales
distrital,230303,TUMBES,ZARUMILLA,PAPAYAL,9,4110,4524,,,414,19,19,0,0,100,2026-10-06T14:26:02-05:00,2026-10-06T18:59:45+00:00,https://resultadoelectoral.onpe.gob.pe/main/elecciones-municipales
distrital,230304,TUMBES,ZARUMILLA,AGUAS VERDES,9,9101,10528,,,1427,48,47,1,0,97.917,2026-10-06T14:26:02-05:00,2026-10-06T18:59:45+00:00,https://resultadoelectoral.onpe.gob.pe/main/elecciones-municipales
distrital,240101,CALLAO,CALLAO,CALLAO,6,244795,290739,,,45944,1329,1312,17,0,98.721,2026-10-06T14:26:02-05:00,2026-10-06T18:59:45+00:00,https://resultadoelectoral.onpe.gob.pe/main/elecciones-municipales
distrital,240102,CALLAO,CALLAO,BELLAVISTA,6,38060,51240,,,13180,239,231,8,0,96.653,2026-10-06T14:26:02-05:00,2026-10-06T18:59:45+00:00,https://resultadoelectoral.onpe.gob.pe/main/elecciones-municipales
distrital,240103,CALLAO,CALLAO,LA PUNTA,6,3476,3984,,,508,22,20,2,0,90.909,2026-10-06T14:26:02-05:00,2026-10-06T18:59:45+00:00,https://resultadoelectoral.onpe.gob.pe/main/elecciones-municipales
distrital,240104,CALLAO,CALLAO,CARMEN DE LA LEGUA - REYNOSO,6,25209,32608,,,7399,144,140,4,0,97.222,2026-10-06T14:26:02-05:00,2026-10-06T18:59:45+00:00,https://resultadoelectoral.onpe.gob.pe/main/elecciones-municipales
distrital,240105,CALLAO,CALLAO,LA PERLA,6,36242,41277,,,5035,193,188,5,0,97.409,2026-10-06T14:26:02-05:00,2026-10-06T18:59:45+00:00,https://resultadoelectoral.onpe.gob.pe/main/elecciones-municipales
distrital,240106,CALLAO,CALLAO,VENTANILLA,6,158431,184449,,,26018,858,831,27,0,96.853,2026-10-06T14:26:02-05:00,2026-10-06T18:59:45+00:00,https://resultadoelectoral.onpe.gob.pe/main/elecciones-municipales
distrital,240107,CALLAO,CALLAO,MI PERÚ,6,20646,26632,,,5986,115,110,5,0,95.652,2026-10-06T14:26:02-05:00,2026-10-06T18:59:45+00:00,https://resultadoelectoral.onpe.gob.pe/main/elecciones-municipales
distrital,250101,UCAYALI,CORONEL PORTILLO,CALLERIA,14,80510,93064,,,12554,470,457,13,0,97.234,2026-10-06T14:26:02-05:00,2026-10-06T18:59:45+00:00,https://resultadoelectoral.onpe.gob.pe/main/elecciones-municipales
distrital,250102,UCAYALI,CORONEL PORTILLO,YARINACOCHA,14,45766,53174,,,7408,284,270,14,0,95.07,2026-10-06T14:26:02-05:00,2026-10-06T18:59:45+00:00,https://resultadoelectoral.onpe.gob.pe/main/elecciones-municipales
distrital,250103,UCAYALI,CORONEL PORTILLO,MASISEA,14,5872,6472,,,600,46,44,1,1,95.652,2026-10-06T14:26:02-05:00,2026-10-06T18:59:45+00:00,https://resultadoelectoral.onpe.gob.pe/main/elecciones-municipales
distrital,250104,UCAYALI,CORONEL PORTILLO,CAMPOVERDE,14,9304,10903,,,1599,55,53,2,0,96.364,2026-10-06T14:26:02-05:00,2026-10-06T18:59:45+00:00,https://resultadoelectoral.onpe.gob.pe/main/elecciones-municipales
distrital,250105,UCAYALI,CORONEL PORTILLO,IPARÍA,14,5013,5654,,,641,42,40,2,0,95.238,2026-10-06T14:26:02-05:00,2026-10-06T18:59:45+00:00,https://resultadoelectoral.onpe.gob.pe/main/elecciones-municipales
distrital,250106,UCAYALI,CORONEL PORTILLO,NUEVA REQUENA,14,3918,4524,,,606,25,25,0,0,100,2026-10-06T14:26:02-05:00,2026-10-06T18:59:45+00:00,https://resultadoelectoral.onpe.gob.pe/main/elecciones-municipales
distrital,250107,UCAYALI,CORONEL PORTILLO,MANANTAY,14,37232,43849,,,6617,235,226,9,0,96.17,2026-10-06T14:26:02-05:00,2026-10-06T18:59:45+00:00,https://resultadoelectoral.onpe.gob.pe/main/elecciones-municipales
distrital,250201,UCAYALI,PADRE ABAD,PADRE ABAD,7,12238,13989,,,1751,75,75,0,0,100,2026-10-06T14:26:02-05:00,2026-10-06T18:59:45+00:00,https://resultadoelectoral.onpe.gob.pe/main/elecciones-municipales
distrital,250202,UCAYALI,PADRE ABAD,IRAZOLA,7,6100,7393,,,1293,41,38,3,0,92.683,2026-10-06T14:26:02-05:00,2026-10-06T18:59:45+00:00,https://resultadoelectoral.onpe.gob.pe/main/elecciones-municipales
distrital,250203,UCAYALI,PADRE ABAD,CURIMANÁ,7,5956,6557,,,601,34,32,2,0,94.118,2026-10-06T14:26:02-05:00,2026-10-06T18:59:45+00:00,https://resultadoelectoral.onpe.gob.pe/main/elecciones-municipales
distrital,250204,UCAYALI,PADRE ABAD,NESHUYA,7,4405,5734,,,1329,28,26,2,0,92.857,2026-10-06T14:26:02-05:00,2026-10-06T18:59:45+00:00,https://resultadoelectoral.onpe.gob.pe/main/elecciones-municipales
distrital,250205,UCAYALI,PADRE ABAD,ALEXANDER VON HUMBOLDT,7,2285,3146,,,861,17,14,3,0,82.353,2026-10-06T14:26:02-05:00,2026-10-06T18:59:45+00:00,https://resultadoelectoral.onpe.gob.pe/main/elecciones-municipales
distrital,250206,UCAYALI,PADRE ABAD,BOQUERÓN,7,2336,2664,,,328,12,12,0,0,100,2026-10-06T14:26:02-05:00,2026-10-06T18:59:45+00:00,https://resultadoelectoral.onpe.gob.pe/main/elecciones-municipales
distrital,250207,UCAYALI,PADRE ABAD,HUIPOCA,7,2318,2856,,,538,13,13,0,0,100,2026-10-06T14:26:02-05:00,2026-10-06T18:59:45+00:00,https://resultadoelectoral.onpe.gob.pe/main/elecciones-municipales
distrital,250301,UCAYALI,ATALAYA,RAIMONDI,11,12453,15483,,,3030,110,106,4,0,96.364,2026-10-06T14:26:02-05:00,2026-10-06T18:59:45+00:00,https://resultadoelectoral.onpe.gob.pe/main/elecciones-municipales
distrital,250302,UCAYALI,ATALAYA,TAHUANIA,11,4547,5225,,,678,33,33,0,0,100,2026-10-06T14:26:02-05:00,2026-10-06T18:59:45+00:00,https://resultadoelectoral.onpe.gob.pe/main/elecciones-municipales
distrital,250303,UCAYALI,ATALAYA,YURÚA,11,631,731,,,100,7,7,0,0,100,2026-10-06T14:26:02-05:00,2026-10-06T18:59:45+00:00,https://resultadoelectoral.onpe.gob.pe/main/elecciones-municipales
distrital,250304,UCAYALI,ATALAYA,SEPAHUA,11,3252,3679,,,427,23,22,1,0,95.652,2026-10-06T14:26:02-05:00,2026-10-06T18:59:45+00:00,https://resultadoelectoral.onpe.gob.pe/main/elecciones-municipales
distrital,250401,UCAYALI,PURÚS,PURÚS,6,1625,1837,,,212,12,12,0,0,100,2026-10-06T14:26:02-05:00,2026-10-06T18:59:45+00:00,https://resultadoelectoral.onpe.gob.pe/main/elecciones-municipales
