level,ubigeo,department,province,district,status,reason
distrital,010101,AMAZONAS,CHACHAPOYAS,CHACHAPOYAS,not_applicable,No figura como elección municipal distrital en las opciones oficiales de su provincia.
distrital,010102,AMAZONAS,CHACHAPOYAS,ASUNCIÓN,downloaded,
distrital,010103,AMAZONAS,CHACHAPOYAS,BALSAS,downloaded,
distrital,010104,AMAZONAS,CHACHAPOYAS,CHETO,downloaded,
distrital,010105,AMAZONAS,CHACHAPOYAS,CHILIQUIN,downloaded,
distrital,010106,AMAZONAS,CHACHAPOYAS,CHUQUIBAMBA,downloaded,
distrital,010107,AMAZONAS,CHACHAPOYAS,GRANADA,downloaded,
distrital,010108,AMAZONAS,CHACHAPOYAS,HUANCAS,downloaded,
distrital,010109,AMAZONAS,CHACHAPOYAS,LA JALCA,downloaded,
distrital,010110,AMAZONAS,CHACHAPOYAS,LEIMEBAMBA,downloaded,
distrital,010111,AMAZONAS,CHACHAPOYAS,LEVANTO,downloaded,
distrital,010112,AMAZONAS,CHACHAPOYAS,MAGDALENA,downloaded,
distrital,010113,AMAZONAS,CHACHAPOYAS,MARISCAL CASTILLA,downloaded,
distrital,010114,AMAZONAS,CHACHAPOYAS,MOLINOPAMPA,downloaded,
distrital,010115,AMAZONAS,CHACHAPOYAS,MONTEVIDEO,downloaded,
distrital,010116,AMAZONAS,CHACHAPOYAS,OLLEROS,downloaded,
distrital,010117,AMAZONAS,CHACHAPOYAS,QUINJALCA,downloaded,
distrital,010118,AMAZONAS,CHACHAPOYAS,SAN FRANCISCO DE DAGUAS,downloaded,
distrital,010119,AMAZONAS,CHACHAPOYAS,SAN ISIDRO DE MAINO,downloaded,
distrital,010120,AMAZONAS,CHACHAPOYAS,SOLOCO,downloaded,
distrital,010121,AMAZONAS,CHACHAPOYAS,SONCHE,downloaded,
distrital,010201,AMAZONAS,BAGUA,LA PECA,downloaded,
distrital,010202,AMAZONAS,BAGUA,ARAMANGO,downloaded,
distrital,010203,AMAZONAS,BAGUA,COPALLIN,downloaded,
distrital,010204,AMAZONAS,BAGUA,EL PARCO,downloaded,
distrital,010205,AMAZONAS,BAGUA,BAGUA,not_applicable,No figura como elección municipal distrital en las opciones oficiales de su provincia.
distrital,010206,AMAZONAS,BAGUA,IMAZA,downloaded,
distrital,010301,AMAZONAS,BONGARÁ,JUMBILLA,not_applicable,No figura como elección municipal distrital en las opciones oficiales de su provincia.
distrital,010302,AMAZONAS,BONGARÁ,COROSHA,downloaded,
distrital,010303,AMAZONAS,BONGARÁ,CUISPES,downloaded,
distrital,010304,AMAZONAS,BONGARÁ,CHISQUILLA,downloaded,
distrital,010305,AMAZONAS,BONGARÁ,CHURUJA,downloaded,
distrital,010306,AMAZONAS,BONGARÁ,FLORIDA,downloaded,
distrital,010307,AMAZONAS,BONGARÁ,RECTA,downloaded,
distrital,010308,AMAZONAS,BONGARÁ,SAN CARLOS,downloaded,
distrital,010309,AMAZONAS,BONGARÁ,SHIPASBAMBA,downloaded,
distrital,010310,AMAZONAS,BONGARÁ,VALERA,downloaded,
distrital,010311,AMAZONAS,BONGARÁ,YAMBRASBAMBA,downloaded,
distrital,010312,AMAZONAS,BONGARÁ,JAZAN,downloaded,
distrital,010401,AMAZONAS,LUYA,LAMUD,not_applicable,No figura como elección municipal distrital en las opciones oficiales de su provincia.
distrital,010402,AMAZONAS,LUYA,CAMPORREDONDO,downloaded,
distrital,010403,AMAZONAS,LUYA,COCABAMBA,downloaded,
distrital,010404,AMAZONAS,LUYA,COLCAMAR,downloaded,
distrital,010405,AMAZONAS,LUYA,CONILA,downloaded,
distrital,010406,AMAZONAS,LUYA,INGUILPATA,downloaded,
distrital,010407,AMAZONAS,LUYA,LONGUITA,downloaded,
distrital,010408,AMAZONAS,LUYA,LONYA CHICO,downloaded,
distrital,010409,AMAZONAS,LUYA,LUYA,downloaded,
distrital,010410,AMAZONAS,LUYA,LUYA VIEJO,downloaded,
distrital,010411,AMAZONAS,LUYA,MARÍA,downloaded,
distrital,010412,AMAZONAS,LUYA,OCALLI,downloaded,
distrital,010413,AMAZONAS,LUYA,OCUMAL,downloaded,
distrital,010414,AMAZONAS,LUYA,PISUQUIA,downloaded,
distrital,010415,AMAZONAS,LUYA,SAN CRISTÓBAL,downloaded,
distrital,010416,AMAZONAS,LUYA,SAN FRANCISCO DEL YESO,downloaded,
distrital,010417,AMAZONAS,LUYA,SAN JERÓNIMO,downloaded,
distrital,010418,AMAZONAS,LUYA,SAN JUAN DE LOPECANCHA,downloaded,
distrital,010419,AMAZONAS,LUYA,SANTA CATALINA,downloaded,
distrital,010420,AMAZONAS,LUYA,SANTO TOMÁS,downloaded,
distrital,010421,AMAZONAS,LUYA,TINGO,downloaded,
distrital,010422,AMAZONAS,LUYA,TRITA,downloaded,
distrital,010423,AMAZONAS,LUYA,PROVIDENCIA,downloaded,
distrital,010501,AMAZONAS,RODRÍGUEZ DE MENDOZA,SAN NICOLÁS,not_applicable,No figura como elección municipal distrital en las opciones oficiales de su provincia.
distrital,010502,AMAZONAS,RODRÍGUEZ DE MENDOZA,COCHAMAL,downloaded,
distrital,010503,AMAZONAS,RODRÍGUEZ DE MENDOZA,CHIRIMOTO,downloaded,
distrital,010504,AMAZONAS,RODRÍGUEZ DE MENDOZA,HUAMBO,downloaded,
distrital,010505,AMAZONAS,RODRÍGUEZ DE MENDOZA,LIMABAMBA,downloaded,
distrital,010506,AMAZONAS,RODRÍGUEZ DE MENDOZA,LONGAR,downloaded,
distrital,010507,AMAZONAS,RODRÍGUEZ DE MENDOZA,MILPUCC,downloaded,
distrital,010508,AMAZONAS,RODRÍGUEZ DE MENDOZA,MARISCAL BENAVIDES,downloaded,
distrital,010509,AMAZONAS,RODRÍGUEZ DE MENDOZA,OMIA,downloaded,
distrital,010510,AMAZONAS,RODRÍGUEZ DE MENDOZA,SANTA ROSA,downloaded,
distrital,010511,AMAZONAS,RODRÍGUEZ DE MENDOZA,TOTORA,downloaded,
distrital,010512,AMAZONAS,RODRÍGUEZ DE MENDOZA,VISTA ALEGRE,downloaded,
distrital,010601,AMAZONAS,CONDORCANQUI,NIEVA,not_applicable,No figura como elección municipal distrital en las opciones oficiales de su provincia.
distrital,010602,AMAZONAS,CONDORCANQUI,RÍO SANTIAGO,downloaded,
distrital,010603,AMAZONAS,CONDORCANQUI,EL CENEPA,downloaded,
distrital,010701,AMAZONAS,UTCUBAMBA,BAGUA GRANDE,not_applicable,No figura como elección municipal distrital en las opciones oficiales de su provincia.
distrital,010702,AMAZONAS,UTCUBAMBA,CAJARURO,downloaded,
distrital,010703,AMAZONAS,UTCUBAMBA,CUMBA,downloaded,
distrital,010704,AMAZONAS,UTCUBAMBA,EL MILAGRO,downloaded,
distrital,010705,AMAZONAS,UTCUBAMBA,JAMALCA,downloaded,
distrital,010706,AMAZONAS,UTCUBAMBA,LONYA GRANDE,downloaded,
distrital,010707,AMAZONAS,UTCUBAMBA,YAMON,downloaded,
distrital,020101,ÁNCASH,HUARAZ,HUARAZ,not_applicable,No figura como elección municipal distrital en las opciones oficiales de su provincia.
distrital,020102,ÁNCASH,HUARAZ,INDEPENDENCIA,downloaded,
distrital,020103,ÁNCASH,HUARAZ,COCHABAMBA,downloaded,
distrital,020104,ÁNCASH,HUARAZ,COLCABAMBA,downloaded,
distrital,020105,ÁNCASH,HUARAZ,HUANCHAY,downloaded,
distrital,020106,ÁNCASH,HUARAZ,JANGAS,downloaded,
distrital,020107,ÁNCASH,HUARAZ,LA LIBERTAD,downloaded,
distrital,020108,ÁNCASH,HUARAZ,OLLEROS,downloaded,
distrital,020109,ÁNCASH,HUARAZ,PAMPAS GRANDE,downloaded,
distrital,020110,ÁNCASH,HUARAZ,PARIACOTO,downloaded,
distrital,020111,ÁNCASH,HUARAZ,PIRA,downloaded,
distrital,020112,ÁNCASH,HUARAZ,TARICA,downloaded,
distrital,020201,ÁNCASH,AIJA,AIJA,not_applicable,No figura como elección municipal distrital en las opciones oficiales de su provincia.
distrital,020203,ÁNCASH,AIJA,CORIS,downloaded,
distrital,020205,ÁNCASH,AIJA,HUACLLAN,downloaded,
distrital,020206,ÁNCASH,AIJA,LA MERCED,downloaded,
distrital,020208,ÁNCASH,AIJA,SUCCHA,downloaded,
distrital,020301,ÁNCASH,BOLOGNESI,CHIQUIAN,not_applicable,No figura como elección municipal distrital en las opciones oficiales de su provincia.
distrital,020302,ÁNCASH,BOLOGNESI,ABELARDO PARDO LEZAMETA,downloaded,
distrital,020304,ÁNCASH,BOLOGNESI,AQUIA,downloaded,
distrital,020305,ÁNCASH,BOLOGNESI,CAJACAY,downloaded,
distrital,020310,ÁNCASH,BOLOGNESI,HUAYLLACAYAN,downloaded,
distrital,020311,ÁNCASH,BOLOGNESI,HUASTA,downloaded,
distrital,020313,ÁNCASH,BOLOGNESI,MANGAS,downloaded,
distrital,020315,ÁNCASH,BOLOGNESI,PACLLON,downloaded,
distrital,020317,ÁNCASH,BOLOGNESI,SAN MIGUEL DE CORPANQUI,downloaded,
distrital,020320,ÁNCASH,BOLOGNESI,TICLLOS,downloaded,
distrital,020321,ÁNCASH,BOLOGNESI,ANTONIO RAYMONDI,downloaded,
distrital,020322,ÁNCASH,BOLOGNESI,CANIS,downloaded,
distrital,020323,ÁNCASH,BOLOGNESI,COLQUIOC,downloaded,
distrital,020324,ÁNCASH,BOLOGNESI,LA PRIMAVERA,downloaded,
distrital,020325,ÁNCASH,BOLOGNESI,HUALLANCA,downloaded,
distrital,020401,ÁNCASH,CARHUAZ,CARHUAZ,not_applicable,No figura como elección municipal distrital en las opciones oficiales de su provincia.
distrital,020402,ÁNCASH,CARHUAZ,ACOPAMPA,downloaded,
distrital,020403,ÁNCASH,CARHUAZ,AMASHCA,downloaded,
distrital,020404,ÁNCASH,CARHUAZ,ANTA,downloaded,
distrital,020405,ÁNCASH,CARHUAZ,ATAQUERO,downloaded,
distrital,020406,ÁNCASH,CARHUAZ,MARCARA,downloaded,
distrital,020407,ÁNCASH,CARHUAZ,PARIAHUANCA,downloaded,
distrital,020408,ÁNCASH,CARHUAZ,SAN MIGUEL DE ACO,downloaded,
distrital,020409,ÁNCASH,CARHUAZ,SHILLA,downloaded,
distrital,020410,ÁNCASH,CARHUAZ,TINCO,downloaded,
distrital,020411,ÁNCASH,CARHUAZ,YUNGAR,downloaded,
distrital,020501,ÁNCASH,CASMA,CASMA,not_applicable,No figura como elección municipal distrital en las opciones oficiales de su provincia.
distrital,020502,ÁNCASH,CASMA,BUENA VISTA ALTA,downloaded,
distrital,020503,ÁNCASH,CASMA,COMANDANTE NOEL,downloaded,
distrital,020505,ÁNCASH,CASMA,YAUTAN,downloaded,
distrital,020601,ÁNCASH,CORONGO,CORONGO,not_applicable,No figura como elección municipal distrital en las opciones oficiales de su provincia.
distrital,020602,ÁNCASH,CORONGO,ACO,downloaded,
distrital,020603,ÁNCASH,CORONGO,BAMBAS,downloaded,
distrital,020604,ÁNCASH,CORONGO,CUSCA,downloaded,
distrital,020605,ÁNCASH,CORONGO,LA PAMPA,downloaded,
distrital,020606,ÁNCASH,CORONGO,YANAC,downloaded,
distrital,020607,ÁNCASH,CORONGO,YUPAN,downloaded,
distrital,020701,ÁNCASH,HUAYLAS,CARAZ,not_applicable,No figura como elección municipal distrital en las opciones oficiales de su provincia.
distrital,020702,ÁNCASH,HUAYLAS,HUALLANCA,downloaded,
distrital,020703,ÁNCASH,HUAYLAS,HUATA,downloaded,
distrital,020704,ÁNCASH,HUAYLAS,HUAYLAS,downloaded,
distrital,020705,ÁNCASH,HUAYLAS,MATO,downloaded,
distrital,020706,ÁNCASH,HUAYLAS,PAMPAROMAS,downloaded,
distrital,020707,ÁNCASH,HUAYLAS,PUEBLO LIBRE,downloaded,
distrital,020708,ÁNCASH,HUAYLAS,SANTA CRUZ,downloaded,
distrital,020709,ÁNCASH,HUAYLAS,YURACMARCA,downloaded,
distrital,020710,ÁNCASH,HUAYLAS,SANTO TORIBIO,downloaded,
distrital,020801,ÁNCASH,HUARI,HUARI,not_applicable,No figura como elección municipal distrital en las opciones oficiales de su provincia.
distrital,020802,ÁNCASH,HUARI,CAJAY,downloaded,
distrital,020803,ÁNCASH,HUARI,CHAVÍN DE HUÁNTAR,downloaded,
distrital,020804,ÁNCASH,HUARI,HUACACHI,downloaded,
distrital,020805,ÁNCASH,HUARI,HUACHIS,downloaded,
distrital,020806,ÁNCASH,HUARI,HUACCHIS,downloaded,
distrital,020807,ÁNCASH,HUARI,HUANTAR,downloaded,
distrital,020808,ÁNCASH,HUARI,MASIN,downloaded,
distrital,020809,ÁNCASH,HUARI,PAUCAS,downloaded,
distrital,020810,ÁNCASH,HUARI,PONTO,downloaded,
distrital,020811,ÁNCASH,HUARI,RAHUAPAMPA,downloaded,
distrital,020812,ÁNCASH,HUARI,RAPAYAN,downloaded,
distrital,020813,ÁNCASH,HUARI,SAN MARCOS,downloaded,
distrital,020814,ÁNCASH,HUARI,SAN PEDRO DE CHANA,downloaded,
distrital,020815,ÁNCASH,HUARI,UCO,downloaded,
distrital,020816,ÁNCASH,HUARI,ANRA,downloaded,
distrital,020901,ÁNCASH,MARISCAL LUZURIAGA,PISCOBAMBA,not_applicable,No figura como elección municipal distrital en las opciones oficiales de su provincia.
distrital,020902,ÁNCASH,MARISCAL LUZURIAGA,CASCA,downloaded,
distrital,020903,ÁNCASH,MARISCAL LUZURIAGA,LUCMA,downloaded,
distrital,020904,ÁNCASH,MARISCAL LUZURIAGA,FIDEL OLIVAS ESCUDERO,downloaded,
distrital,020905,ÁNCASH,MARISCAL LUZURIAGA,LLAMA,downloaded,
distrital,020906,ÁNCASH,MARISCAL LUZURIAGA,LLUMPA,downloaded,
distrital,020907,ÁNCASH,MARISCAL LUZURIAGA,MUSGA,downloaded,
distrital,020908,ÁNCASH,MARISCAL LUZURIAGA,ELEAZAR GUZMÁN BARRÓN,downloaded,
distrital,021001,ÁNCASH,PALLASCA,CABANA,not_applicable,No figura como elección municipal distrital en las opciones oficiales de su provincia.
distrital,021002,ÁNCASH,PALLASCA,BOLOGNESI,downloaded,
distrital,021003,ÁNCASH,PALLASCA,CONCHUCOS,downloaded,
distrital,021004,ÁNCASH,PALLASCA,HUACASCHUQUE,downloaded,
distrital,021005,ÁNCASH,PALLASCA,HUANDOVAL,downloaded,
distrital,021006,ÁNCASH,PALLASCA,LACABAMBA,downloaded,
distrital,021007,ÁNCASH,PALLASCA,LLAPO,downloaded,
distrital,021008,ÁNCASH,PALLASCA,PALLASCA,downloaded,
distrital,021009,ÁNCASH,PALLASCA,PAMPAS,downloaded,
distrital,021010,ÁNCASH,PALLASCA,SANTA ROSA,downloaded,
distrital,021011,ÁNCASH,PALLASCA,TAUCA,downloaded,
distrital,021101,ÁNCASH,POMABAMBA,POMABAMBA,not_applicable,No figura como elección municipal distrital en las opciones oficiales de su provincia.
distrital,021102,ÁNCASH,POMABAMBA,HUAYLLAN,downloaded,
distrital,021103,ÁNCASH,POMABAMBA,PAROBAMBA,downloaded,
distrital,021104,ÁNCASH,POMABAMBA,QUINUABAMBA,downloaded,
distrital,021201,ÁNCASH,RECUAY,RECUAY,not_applicable,No figura como elección municipal distrital en las opciones oficiales de su provincia.
distrital,021202,ÁNCASH,RECUAY,COTAPARACO,downloaded,
distrital,021203,ÁNCASH,RECUAY,HUAYLLAPAMPA,downloaded,
distrital,021204,ÁNCASH,RECUAY,MARCA,downloaded,
distrital,021205,ÁNCASH,RECUAY,PAMPAS CHICO,downloaded,
distrital,021206,ÁNCASH,RECUAY,PARARIN,downloaded,
distrital,021207,ÁNCASH,RECUAY,TAPACOCHA,downloaded,
distrital,021208,ÁNCASH,RECUAY,TICAPAMPA,downloaded,
distrital,021209,ÁNCASH,RECUAY,LLACLLIN,downloaded,
distrital,021210,ÁNCASH,RECUAY,CATAC,downloaded,
distrital,021301,ÁNCASH,SANTA,CHIMBOTE,not_applicable,No figura como elección municipal distrital en las opciones oficiales de su provincia.
distrital,021302,ÁNCASH,SANTA,CACERES DEL PERÚ,downloaded,
distrital,021303,ÁNCASH,SANTA,MACATE,downloaded,
distrital,021304,ÁNCASH,SANTA,MORO,downloaded,
distrital,021305,ÁNCASH,SANTA,NEPEÑA,downloaded,
distrital,021306,ÁNCASH,SANTA,SAMANCO,downloaded,
distrital,021307,ÁNCASH,SANTA,SANTA,downloaded,
distrital,021308,ÁNCASH,SANTA,COISHCO,downloaded,
distrital,021309,ÁNCASH,SANTA,NUEVO CHIMBOTE,downloaded,
distrital,021401,ÁNCASH,SIHUAS,SIHUAS,not_applicable,No figura como elección municipal distrital en las opciones oficiales de su provincia.
distrital,021402,ÁNCASH,SIHUAS,ALFONSO UGARTE,downloaded,
distrital,021403,ÁNCASH,SIHUAS,CHINGALPO,downloaded,
distrital,021404,ÁNCASH,SIHUAS,HUAYLLABAMBA,downloaded,
distrital,021405,ÁNCASH,SIHUAS,QUICHES,downloaded,
distrital,021406,ÁNCASH,SIHUAS,SICSIBAMBA,downloaded,
distrital,021407,ÁNCASH,SIHUAS,ACOBAMBA,downloaded,
distrital,021408,ÁNCASH,SIHUAS,CASHAPAMPA,downloaded,
distrital,021409,ÁNCASH,SIHUAS,RAGASH,downloaded,
distrital,021410,ÁNCASH,SIHUAS,SAN JUAN,downloaded,
distrital,021501,ÁNCASH,YUNGAY,YUNGAY,not_applicable,No figura como elección municipal distrital en las opciones oficiales de su provincia.
distrital,021502,ÁNCASH,YUNGAY,CASCAPARA,downloaded,
distrital,021503,ÁNCASH,YUNGAY,MANCOS,downloaded,
distrital,021504,ÁNCASH,YUNGAY,MATACOTO,downloaded,
distrital,021505,ÁNCASH,YUNGAY,QUILLO,downloaded,
distrital,021506,ÁNCASH,YUNGAY,RANRAHIRCA,downloaded,
distrital,021507,ÁNCASH,YUNGAY,SHUPLUY,downloaded,
distrital,021508,ÁNCASH,YUNGAY,YANAMA,downloaded,
distrital,021601,ÁNCASH,ANTONIO RAIMONDI,LLAMELLIN,not_applicable,No figura como elección municipal distrital en las opciones oficiales de su provincia.
distrital,021602,ÁNCASH,ANTONIO RAIMONDI,ACZO,downloaded,
distrital,021603,ÁNCASH,ANTONIO RAIMONDI,CHACCHO,downloaded,
distrital,021604,ÁNCASH,ANTONIO RAIMONDI,CHINGAS,downloaded,
distrital,021605,ÁNCASH,ANTONIO RAIMONDI,MIRGAS,downloaded,
distrital,021606,ÁNCASH,ANTONIO RAIMONDI,SAN JUAN DE RONTOY,downloaded,
distrital,021701,ÁNCASH,CARLOS FERMÍN FITZCARRALD,SAN LUIS,not_applicable,No figura como elección municipal distrital en las opciones oficiales de su provincia.
distrital,021702,ÁNCASH,CARLOS FERMÍN FITZCARRALD,YAUYA,downloaded,
distrital,021703,ÁNCASH,CARLOS FERMÍN FITZCARRALD,SAN NICOLÁS,downloaded,
distrital,021801,ÁNCASH,ASUNCIÓN,CHACAS,not_applicable,No figura como elección municipal distrital en las opciones oficiales de su provincia.
distrital,021802,ÁNCASH,ASUNCIÓN,ACOCHACA,downloaded,
distrital,021901,ÁNCASH,HUARMEY,HUARMEY,not_applicable,No figura como elección municipal distrital en las opciones oficiales de su provincia.
distrital,021902,ÁNCASH,HUARMEY,COCHAPETI,downloaded,
distrital,021903,ÁNCASH,HUARMEY,HUAYAN,downloaded,
distrital,021904,ÁNCASH,HUARMEY,MALVAS,downloaded,
distrital,021905,ÁNCASH,HUARMEY,CULEBRAS,downloaded,
distrital,022001,ÁNCASH,OCROS,ACAS,downloaded,
distrital,022002,ÁNCASH,OCROS,CAJAMARQUILLA,downloaded,
distrital,022003,ÁNCASH,OCROS,CARHUAPAMPA,downloaded,
distrital,022004,ÁNCASH,OCROS,COCHAS,downloaded,
distrital,022005,ÁNCASH,OCROS,CONGAS,downloaded,
distrital,022006,ÁNCASH,OCROS,LLIPA,downloaded,
distrital,022007,ÁNCASH,OCROS,OCROS,not_applicable,No figura como elección municipal distrital en las opciones oficiales de su provincia.
distrital,022008,ÁNCASH,OCROS,SAN CRISTÓBAL DE RAJAN,downloaded,
distrital,022009,ÁNCASH,OCROS,SAN PEDRO,downloaded,
distrital,022010,ÁNCASH,OCROS,SANTIAGO DE CHILCAS,downloaded,
distrital,030101,APURÍMAC,ABANCAY,ABANCAY,not_applicable,No figura como elección municipal distrital en las opciones oficiales de su provincia.
distrital,030102,APURÍMAC,ABANCAY,CIRCA,downloaded,
distrital,030103,APURÍMAC,ABANCAY,CURAHUASI,downloaded,
distrital,030104,APURÍMAC,ABANCAY,CHACOCHE,downloaded,
distrital,030105,APURÍMAC,ABANCAY,HUANIPACA,downloaded,
distrital,030106,APURÍMAC,ABANCAY,LAMBRAMA,downloaded,
distrital,030107,APURÍMAC,ABANCAY,PICHIRHUA,downloaded,
distrital,030108,APURÍMAC,ABANCAY,SAN PEDRO DE CACHORA,downloaded,
distrital,030109,APURÍMAC,ABANCAY,TAMBURCO,downloaded,
distrital,030201,APURÍMAC,AYMARAES,CHALHUANCA,not_applicable,No figura como elección municipal distrital en las opciones oficiales de su provincia.
distrital,030202,APURÍMAC,AYMARAES,CAPAYA,downloaded,
distrital,030203,APURÍMAC,AYMARAES,CARAYBAMBA,downloaded,
distrital,030204,APURÍMAC,AYMARAES,COLCABAMBA,downloaded,
distrital,030205,APURÍMAC,AYMARAES,COTARUSE,downloaded,
distrital,030206,APURÍMAC,AYMARAES,CHAPIMARCA,downloaded,
distrital,030207,APURÍMAC,AYMARAES,IHUAYLLO,downloaded,
distrital,030208,APURÍMAC,AYMARAES,LUCRE,downloaded,
distrital,030209,APURÍMAC,AYMARAES,POCOHUANCA,downloaded,
distrital,030210,APURÍMAC,AYMARAES,SAÑAYCA,downloaded,
distrital,030211,APURÍMAC,AYMARAES,SORAYA,downloaded,
distrital,030212,APURÍMAC,AYMARAES,TAPAIRIHUA,downloaded,
distrital,030213,APURÍMAC,AYMARAES,TINTAY,downloaded,
distrital,030214,APURÍMAC,AYMARAES,TORAYA,downloaded,
distrital,030215,APURÍMAC,AYMARAES,YANACA,downloaded,
distrital,030216,APURÍMAC,AYMARAES,SAN JUAN DE CHACÑA,downloaded,
distrital,030217,APURÍMAC,AYMARAES,JUSTO APU SAHUARAURA,downloaded,
distrital,030301,APURÍMAC,ANDAHUAYLAS,ANDAHUAYLAS,not_applicable,No figura como elección municipal distrital en las opciones oficiales de su provincia.
distrital,030302,APURÍMAC,ANDAHUAYLAS,ANDARAPA,downloaded,
distrital,030303,APURÍMAC,ANDAHUAYLAS,CHIARA,downloaded,
distrital,030304,APURÍMAC,ANDAHUAYLAS,HUANCARAMA,downloaded,
distrital,030305,APURÍMAC,ANDAHUAYLAS,HUANCARAY,downloaded,
distrital,030306,APURÍMAC,ANDAHUAYLAS,KISHUARA,downloaded,
distrital,030307,APURÍMAC,ANDAHUAYLAS,PACOBAMBA,downloaded,
distrital,030308,APURÍMAC,ANDAHUAYLAS,PAMPACHIRI,downloaded,
distrital,030309,APURÍMAC,ANDAHUAYLAS,SAN ANTONIO DE CACHI,downloaded,
distrital,030310,APURÍMAC,ANDAHUAYLAS,SAN JERÓNIMO,downloaded,
distrital,030311,APURÍMAC,ANDAHUAYLAS,TALAVERA,downloaded,
distrital,030312,APURÍMAC,ANDAHUAYLAS,TURPO,downloaded,
distrital,030313,APURÍMAC,ANDAHUAYLAS,PACUCHA,downloaded,
distrital,030314,APURÍMAC,ANDAHUAYLAS,POMACOCHA,downloaded,
distrital,030315,APURÍMAC,ANDAHUAYLAS,SANTA MARÍA DE CHICMO,downloaded,
distrital,030316,APURÍMAC,ANDAHUAYLAS,TUMAY HUARACA,downloaded,
distrital,030317,APURÍMAC,ANDAHUAYLAS,HUAYANA,downloaded,
distrital,030318,APURÍMAC,ANDAHUAYLAS,SAN MIGUEL DE CHACCRAMPA,downloaded,
distrital,030319,APURÍMAC,ANDAHUAYLAS,KAQUIABAMBA,downloaded,
distrital,030320,APURÍMAC,ANDAHUAYLAS,JOSÉ MARIA ARGUEDAS,downloaded,
distrital,030401,APURÍMAC,ANTABAMBA,ANTABAMBA,not_applicable,No figura como elección municipal distrital en las opciones oficiales de su provincia.
distrital,030402,APURÍMAC,ANTABAMBA,EL ORO,downloaded,
distrital,030403,APURÍMAC,ANTABAMBA,HUAQUIRCA,downloaded,
distrital,030404,APURÍMAC,ANTABAMBA,JUAN ESPINOZA MEDRANO,downloaded,
distrital,030405,APURÍMAC,ANTABAMBA,OROPESA,downloaded,
distrital,030406,APURÍMAC,ANTABAMBA,PACHACONAS,downloaded,
distrital,030407,APURÍMAC,ANTABAMBA,SABAINO,downloaded,
distrital,030501,APURÍMAC,COTABAMBAS,TAMBOBAMBA,not_applicable,No figura como elección municipal distrital en las opciones oficiales de su provincia.
distrital,030502,APURÍMAC,COTABAMBAS,COYLLURQUI,downloaded,
distrital,030503,APURÍMAC,COTABAMBAS,COTABAMBAS,downloaded,
distrital,030504,APURÍMAC,COTABAMBAS,HAQUIRA,downloaded,
distrital,030505,APURÍMAC,COTABAMBAS,MARA,downloaded,
distrital,030506,APURÍMAC,COTABAMBAS,CHALLHUAHUACHO,downloaded,
distrital,030601,APURÍMAC,GRAU,CHUQUIBAMBILLA,not_applicable,No figura como elección municipal distrital en las opciones oficiales de su provincia.
distrital,030602,APURÍMAC,GRAU,CURPAHUASI,downloaded,
distrital,030603,APURÍMAC,GRAU,HUAYLLATI,downloaded,
distrital,030604,APURÍMAC,GRAU,MAMARA,downloaded,
distrital,030605,APURÍMAC,GRAU,GAMARRA,downloaded,
distrital,030606,APURÍMAC,GRAU,MICAELA BASTIDAS,downloaded,
distrital,030607,APURÍMAC,GRAU,PROGRESO,downloaded,
distrital,030608,APURÍMAC,GRAU,PATAYPAMPA,downloaded,
distrital,030609,APURÍMAC,GRAU,SAN ANTONIO,downloaded,
distrital,030610,APURÍMAC,GRAU,TURPAY,downloaded,
distrital,030611,APURÍMAC,GRAU,VILCABAMBA,downloaded,
distrital,030612,APURÍMAC,GRAU,VIRUNDO,downloaded,
distrital,030613,APURÍMAC,GRAU,SANTA ROSA,downloaded,
distrital,030614,APURÍMAC,GRAU,CURASCO,downloaded,
distrital,030701,APURÍMAC,CHINCHEROS,CHINCHEROS,not_applicable,No figura como elección municipal distrital en las opciones oficiales de su provincia.
distrital,030702,APURÍMAC,CHINCHEROS,ONGOY,downloaded,
distrital,030703,APURÍMAC,CHINCHEROS,OCOBAMBA,downloaded,
distrital,030704,APURÍMAC,CHINCHEROS,COCHARCAS,downloaded,
distrital,030705,APURÍMAC,CHINCHEROS,ANCO HUALLO,downloaded,
distrital,030706,APURÍMAC,CHINCHEROS,HUACCANA,downloaded,
distrital,030707,APURÍMAC,CHINCHEROS,URANMARCA,downloaded,
distrital,030708,APURÍMAC,CHINCHEROS,RANRACANCHA,downloaded,
distrital,030709,APURÍMAC,CHINCHEROS,ROCCHACC,downloaded,
distrital,030710,APURÍMAC,CHINCHEROS,EL PORVENIR,downloaded,
distrital,030711,APURÍMAC,CHINCHEROS,LOS CHANKAS,downloaded,
distrital,030712,APURÍMAC,CHINCHEROS,AHUAYRO,downloaded,
distrital,040101,AREQUIPA,AREQUIPA,AREQUIPA,not_applicable,No figura como elección municipal distrital en las opciones oficiales de su provincia.
distrital,040102,AREQUIPA,AREQUIPA,CAYMA,downloaded,
distrital,040103,AREQUIPA,AREQUIPA,CERRO COLORADO,downloaded,
distrital,040104,AREQUIPA,AREQUIPA,CHARACATO,downloaded,
distrital,040105,AREQUIPA,AREQUIPA,CHIGUATA,downloaded,
distrital,040106,AREQUIPA,AREQUIPA,LA JOYA,downloaded,
distrital,040107,AREQUIPA,AREQUIPA,MIRAFLORES,downloaded,
distrital,040108,AREQUIPA,AREQUIPA,MOLLEBAYA,downloaded,
distrital,040109,AREQUIPA,AREQUIPA,PAUCARPATA,downloaded,
distrital,040110,AREQUIPA,AREQUIPA,POCSI,downloaded,
distrital,040111,AREQUIPA,AREQUIPA,POLOBAYA,downloaded,
distrital,040112,AREQUIPA,AREQUIPA,QUEQUEÑA,downloaded,
distrital,040113,AREQUIPA,AREQUIPA,SABANDIA,downloaded,
distrital,040114,AREQUIPA,AREQUIPA,SACHACA,downloaded,
distrital,040115,AREQUIPA,AREQUIPA,SAN JUAN DE SIGUAS,downloaded,
distrital,040116,AREQUIPA,AREQUIPA,SAN JUAN DE TARUCANI,downloaded,
distrital,040117,AREQUIPA,AREQUIPA,SANTA ISABEL DE SIGUAS,downloaded,
distrital,040118,AREQUIPA,AREQUIPA,SANTA RITA DE SIHUAS,downloaded,
distrital,040119,AREQUIPA,AREQUIPA,SOCABAYA,downloaded,
distrital,040120,AREQUIPA,AREQUIPA,TIABAYA,downloaded,
distrital,040121,AREQUIPA,AREQUIPA,UCHUMAYO,downloaded,
distrital,040122,AREQUIPA,AREQUIPA,VITOR,downloaded,
distrital,040123,AREQUIPA,AREQUIPA,YANAHUARA,downloaded,
distrital,040124,AREQUIPA,AREQUIPA,YARABAMBA,downloaded,
distrital,040125,AREQUIPA,AREQUIPA,YURA,downloaded,
distrital,040126,AREQUIPA,AREQUIPA,MARIANO MELGAR,downloaded,
distrital,040127,AREQUIPA,AREQUIPA,JACOBO HUNTER,downloaded,
distrital,040128,AREQUIPA,AREQUIPA,ALTO SELVA ALEGRE,downloaded,
distrital,040129,AREQUIPA,AREQUIPA,JOSÉ LUIS BUSTAMANTE Y RIVERO,downloaded,
distrital,040201,AREQUIPA,CAYLLOMA,CHIVAY,not_applicable,No figura como elección municipal distrital en las opciones oficiales de su provincia.
distrital,040202,AREQUIPA,CAYLLOMA,ACHOMA,downloaded,
distrital,040203,AREQUIPA,CAYLLOMA,CABANACONDE,downloaded,
distrital,040204,AREQUIPA,CAYLLOMA,CAYLLOMA,downloaded,
distrital,040205,AREQUIPA,CAYLLOMA,CALLALLI,downloaded,
distrital,040206,AREQUIPA,CAYLLOMA,COPORAQUE,downloaded,
distrital,040207,AREQUIPA,CAYLLOMA,HUAMBO,downloaded,
distrital,040208,AREQUIPA,CAYLLOMA,HUANCA,downloaded,
distrital,040209,AREQUIPA,CAYLLOMA,ICHUPAMPA,downloaded,
distrital,040210,AREQUIPA,CAYLLOMA,LARI,downloaded,
distrital,040211,AREQUIPA,CAYLLOMA,LLUTA,downloaded,
distrital,040212,AREQUIPA,CAYLLOMA,MACA,downloaded,
distrital,040213,AREQUIPA,CAYLLOMA,MADRIGAL,downloaded,
distrital,040214,AREQUIPA,CAYLLOMA,SAN ANTONIO DE CHUCA,downloaded,
distrital,040215,AREQUIPA,CAYLLOMA,SIBAYO,downloaded,
distrital,040216,AREQUIPA,CAYLLOMA,TAPAY,downloaded,
distrital,040217,AREQUIPA,CAYLLOMA,TISCO,downloaded,
distrital,040218,AREQUIPA,CAYLLOMA,TUTI,downloaded,
distrital,040219,AREQUIPA,CAYLLOMA,YANQUE,downloaded,
distrital,040220,AREQUIPA,CAYLLOMA,MAJES,downloaded,
distrital,040301,AREQUIPA,CAMANÁ,CAMANÁ,not_applicable,No figura como elección municipal distrital en las opciones oficiales de su provincia.
distrital,040302,AREQUIPA,CAMANÁ,JOSÉ MARIA QUIMPER,downloaded,
distrital,040303,AREQUIPA,CAMANÁ,MARIANO NICOLÁS VALCARCEL,downloaded,
distrital,040304,AREQUIPA,CAMANÁ,MARISCAL CÁCERES,downloaded,
distrital,040305,AREQUIPA,CAMANÁ,NICOLÁS DE PIEROLA,downloaded,
distrital,040306,AREQUIPA,CAMANÁ,OCOÑA,downloaded,
distrital,040307,AREQUIPA,CAMANÁ,QUILCA,downloaded,
distrital,040308,AREQUIPA,CAMANÁ,SAMUEL PASTOR,downloaded,
distrital,040401,AREQUIPA,CARAVELÍ,CARAVELÍ,not_applicable,No figura como elección municipal distrital en las opciones oficiales de su provincia.
distrital,040402,AREQUIPA,CARAVELÍ,ACARI,downloaded,
distrital,040403,AREQUIPA,CARAVELÍ,ATICO,downloaded,
distrital,040404,AREQUIPA,CARAVELÍ,ATIQUIPA,downloaded,
distrital,040405,AREQUIPA,CARAVELÍ,BELLA UNIÓN,downloaded,
distrital,040406,AREQUIPA,CARAVELÍ,CAHUACHO,downloaded,
distrital,040407,AREQUIPA,CARAVELÍ,CHALA,downloaded,
distrital,040408,AREQUIPA,CARAVELÍ,CHAPARRA,downloaded,
distrital,040409,AREQUIPA,CARAVELÍ,HUANUHUANU,downloaded,
distrital,040410,AREQUIPA,CARAVELÍ,JAQUI,downloaded,
distrital,040411,AREQUIPA,CARAVELÍ,LOMAS,downloaded,
distrital,040412,AREQUIPA,CARAVELÍ,QUICACHA,downloaded,
distrital,040413,AREQUIPA,CARAVELÍ,YAUCA,downloaded,
distrital,040501,AREQUIPA,CASTILLA,APLAO,not_applicable,No figura como elección municipal distrital en las opciones oficiales de su provincia.
distrital,040502,AREQUIPA,CASTILLA,ANDAGUA,downloaded,
distrital,040503,AREQUIPA,CASTILLA,AYO,downloaded,
distrital,040504,AREQUIPA,CASTILLA,CHACHAS,downloaded,
distrital,040505,AREQUIPA,CASTILLA,CHILCAYMARCA,downloaded,
distrital,040506,AREQUIPA,CASTILLA,CHOCO,downloaded,
distrital,040507,AREQUIPA,CASTILLA,HUANCARQUI,downloaded,
distrital,040508,AREQUIPA,CASTILLA,MACHAGUAY,downloaded,
distrital,040509,AREQUIPA,CASTILLA,ORCOPAMPA,downloaded,
distrital,040510,AREQUIPA,CASTILLA,PAMPACOLCA,downloaded,
distrital,040511,AREQUIPA,CASTILLA,TIPAN,downloaded,
distrital,040512,AREQUIPA,CASTILLA,URACA,downloaded,
distrital,040513,AREQUIPA,CASTILLA,UÑON,downloaded,
distrital,040514,AREQUIPA,CASTILLA,VIRACO,downloaded,
distrital,040601,AREQUIPA,CONDESUYOS,CHUQUIBAMBA,not_applicable,No figura como elección municipal distrital en las opciones oficiales de su provincia.
distrital,040602,AREQUIPA,CONDESUYOS,ANDARAY,downloaded,
distrital,040603,AREQUIPA,CONDESUYOS,CAYARANI,downloaded,
distrital,040604,AREQUIPA,CONDESUYOS,CHICHAS,downloaded,
distrital,040605,AREQUIPA,CONDESUYOS,IRAY,downloaded,
distrital,040606,AREQUIPA,CONDESUYOS,SALAMANCA,downloaded,
distrital,040607,AREQUIPA,CONDESUYOS,YANAQUIHUA,downloaded,
distrital,040608,AREQUIPA,CONDESUYOS,RÍO GRANDE,downloaded,
distrital,040701,AREQUIPA,ISLAY,MOLLENDO,not_applicable,No figura como elección municipal distrital en las opciones oficiales de su provincia.
distrital,040702,AREQUIPA,ISLAY,COCACHACRA,downloaded,
distrital,040703,AREQUIPA,ISLAY,DEÁN VALDIVIA,downloaded,
distrital,040704,AREQUIPA,ISLAY,ISLAY,downloaded,
distrital,040705,AREQUIPA,ISLAY,MEJÍA,downloaded,
distrital,040706,AREQUIPA,ISLAY,PUNTA DE BOMBÓN,downloaded,
distrital,040801,AREQUIPA,LA UNIÓN,COTAHUASI,not_applicable,No figura como elección municipal distrital en las opciones oficiales de su provincia.
distrital,040802,AREQUIPA,LA UNIÓN,ALCA,downloaded,
distrital,040803,AREQUIPA,LA UNIÓN,CHARCANA,downloaded,
distrital,040804,AREQUIPA,LA UNIÓN,HUAYNACOTAS,downloaded,
distrital,040805,AREQUIPA,LA UNIÓN,PAMPAMARCA,downloaded,
distrital,040806,AREQUIPA,LA UNIÓN,PUYCA,downloaded,
distrital,040807,AREQUIPA,LA UNIÓN,QUECHUALLA,downloaded,
distrital,040808,AREQUIPA,LA UNIÓN,SAYLA,downloaded,
distrital,040809,AREQUIPA,LA UNIÓN,TAURIA,downloaded,
distrital,040810,AREQUIPA,LA UNIÓN,TOMEPAMPA,downloaded,
distrital,040811,AREQUIPA,LA UNIÓN,TORO,downloaded,
distrital,050101,AYACUCHO,HUAMANGA,AYACUCHO,not_applicable,No figura como elección municipal distrital en las opciones oficiales de su provincia.
distrital,050102,AYACUCHO,HUAMANGA,ACOS VINCHOS,downloaded,
distrital,050103,AYACUCHO,HUAMANGA,CARMEN ALTO,downloaded,
distrital,050104,AYACUCHO,HUAMANGA,CHIARA,downloaded,
distrital,050105,AYACUCHO,HUAMANGA,QUINUA,downloaded,
distrital,050106,AYACUCHO,HUAMANGA,SAN JOSÉ DE TICLLAS,downloaded,
distrital,050107,AYACUCHO,HUAMANGA,SAN JUAN BAUTISTA,downloaded,
distrital,050108,AYACUCHO,HUAMANGA,SANTIAGO DE PISCHA,downloaded,
distrital,050109,AYACUCHO,HUAMANGA,VINCHOS,downloaded,
distrital,050110,AYACUCHO,HUAMANGA,TAMBILLO,downloaded,
distrital,050111,AYACUCHO,HUAMANGA,ACOCRO,downloaded,
distrital,050112,AYACUCHO,HUAMANGA,SOCOS,downloaded,
distrital,050113,AYACUCHO,HUAMANGA,OCROS,downloaded,
distrital,050114,AYACUCHO,HUAMANGA,PACAYCASA,downloaded,
distrital,050115,AYACUCHO,HUAMANGA,JESÚS NAZARENO,downloaded,
distrital,050116,AYACUCHO,HUAMANGA,ANDRÉS AVELINO CÁCERES DORREGARAY,downloaded,
distrital,050201,AYACUCHO,CANGALLO,CANGALLO,not_applicable,No figura como elección municipal distrital en las opciones oficiales de su provincia.
distrital,050204,AYACUCHO,CANGALLO,CHUSCHI,downloaded,
distrital,050206,AYACUCHO,CANGALLO,LOS MOROCHUCOS,downloaded,
distrital,050207,AYACUCHO,CANGALLO,PARAS,downloaded,
distrital,050208,AYACUCHO,CANGALLO,TOTOS,downloaded,
distrital,050211,AYACUCHO,CANGALLO,MARÍA PARADO DE BELLIDO,downloaded,
distrital,050301,AYACUCHO,HUANTA,HUANTA,not_applicable,No figura como elección municipal distrital en las opciones oficiales de su provincia.
distrital,050302,AYACUCHO,HUANTA,AYAHUANCO,downloaded,
distrital,050303,AYACUCHO,HUANTA,HUAMANGUILLA,downloaded,
distrital,050304,AYACUCHO,HUANTA,IGUAIN,downloaded,
distrital,050305,AYACUCHO,HUANTA,LURICOCHA,downloaded,
distrital,050307,AYACUCHO,HUANTA,SANTILLANA,downloaded,
distrital,050308,AYACUCHO,HUANTA,SIVIA,downloaded,
distrital,050309,AYACUCHO,HUANTA,LLOCHEGUA,downloaded,
distrital,050310,AYACUCHO,HUANTA,CANAYRE,downloaded,
distrital,050311,AYACUCHO,HUANTA,UCHURACCAY,downloaded,
distrital,050312,AYACUCHO,HUANTA,PUCACOLPA,downloaded,
distrital,050313,AYACUCHO,HUANTA,CHACA,downloaded,
distrital,050314,AYACUCHO,HUANTA,PUTIS,downloaded,
distrital,050401,AYACUCHO,LA MAR,SAN MIGUEL,not_applicable,No figura como elección municipal distrital en las opciones oficiales de su provincia.
distrital,050402,AYACUCHO,LA MAR,ANCO,downloaded,
distrital,050403,AYACUCHO,LA MAR,AYNA,downloaded,
distrital,050404,AYACUCHO,LA MAR,CHILCAS,downloaded,
distrital,050405,AYACUCHO,LA MAR,CHUNGUI,downloaded,
distrital,050406,AYACUCHO,LA MAR,TAMBO,downloaded,
distrital,050407,AYACUCHO,LA MAR,LUIS CARRANZA,downloaded,
distrital,050408,AYACUCHO,LA MAR,SANTA ROSA,downloaded,
distrital,050409,AYACUCHO,LA MAR,SAMUGARI,downloaded,
distrital,050410,AYACUCHO,LA MAR,ANCHIHUAY,downloaded,
distrital,050411,AYACUCHO,LA MAR,ORONCCOY,downloaded,
distrital,050412,AYACUCHO,LA MAR,UNIÓN PROGRESO,downloaded,
distrital,050413,AYACUCHO,LA MAR,PATIBAMBA,downloaded,
distrital,050414,AYACUCHO,LA MAR,NINABAMBA,downloaded,
distrital,050415,AYACUCHO,LA MAR,RÍO MAGDALENA,downloaded,
distrital,050501,AYACUCHO,LUCANAS,PUQUIO,not_applicable,No figura como elección municipal distrital en las opciones oficiales de su provincia.
distrital,050502,AYACUCHO,LUCANAS,AUCARA,downloaded,
distrital,050503,AYACUCHO,LUCANAS,CABANA,downloaded,
distrital,050504,AYACUCHO,LUCANAS,CARMEN SALCEDO,downloaded,
distrital,050506,AYACUCHO,LUCANAS,CHAVIÑA,downloaded,
distrital,050508,AYACUCHO,LUCANAS,CHIPAO,downloaded,
distrital,050510,AYACUCHO,LUCANAS,HUAC-HUAS,downloaded,
distrital,050511,AYACUCHO,LUCANAS,LARAMATE,downloaded,
distrital,050512,AYACUCHO,LUCANAS,LEONCIO PRADO,downloaded,
distrital,050513,AYACUCHO,LUCANAS,LUCANAS,downloaded,
distrital,050514,AYACUCHO,LUCANAS,LLAUTA,downloaded,
distrital,050516,AYACUCHO,LUCANAS,OCAÑA,downloaded,
distrital,050517,AYACUCHO,LUCANAS,OTOCA,downloaded,
distrital,050520,AYACUCHO,LUCANAS,SANCOS,downloaded,
distrital,050521,AYACUCHO,LUCANAS,SAN JUAN,downloaded,
distrital,050522,AYACUCHO,LUCANAS,SAN PEDRO,downloaded,
distrital,050524,AYACUCHO,LUCANAS,SANTA ANA DE HUAYCAHUACHO,downloaded,
distrital,050525,AYACUCHO,LUCANAS,SANTA LUCÍA,downloaded,
distrital,050529,AYACUCHO,LUCANAS,SAISA,downloaded,
distrital,050531,AYACUCHO,LUCANAS,SAN PEDRO DE PALCO,downloaded,
distrital,050532,AYACUCHO,LUCANAS,SAN CRISTÓBAL,downloaded,
distrital,050601,AYACUCHO,PARINACOCHAS,CORACORA,not_applicable,No figura como elección municipal distrital en las opciones oficiales de su provincia.
distrital,050604,AYACUCHO,PARINACOCHAS,CORONEL CASTAÑEDA,downloaded,
distrital,050605,AYACUCHO,PARINACOCHAS,CHUMPI,downloaded,
distrital,050608,AYACUCHO,PARINACOCHAS,PACAPAUSA,downloaded,
distrital,050611,AYACUCHO,PARINACOCHAS,PULLO,downloaded,
distrital,050612,AYACUCHO,PARINACOCHAS,PUYUSCA,downloaded,
distrital,050615,AYACUCHO,PARINACOCHAS,SAN FRANCISCO DE RIVACAYCO,downloaded,
distrital,050616,AYACUCHO,PARINACOCHAS,UPAHUACHO,downloaded,
distrital,050701,AYACUCHO,VÍCTOR FAJARDO,HUANCAPI,not_applicable,No figura como elección municipal distrital en las opciones oficiales de su provincia.
distrital,050702,AYACUCHO,VÍCTOR FAJARDO,ALCAMENCA,downloaded,
distrital,050703,AYACUCHO,VÍCTOR FAJARDO,APONGO,downloaded,
distrital,050704,AYACUCHO,VÍCTOR FAJARDO,CANARIA,downloaded,
distrital,050706,AYACUCHO,VÍCTOR FAJARDO,CAYARA,downloaded,
distrital,050707,AYACUCHO,VÍCTOR FAJARDO,COLCA,downloaded,
distrital,050708,AYACUCHO,VÍCTOR FAJARDO,HUALLA,downloaded,
distrital,050709,AYACUCHO,VÍCTOR FAJARDO,HUAMANQUIQUIA,downloaded,
distrital,050710,AYACUCHO,VÍCTOR FAJARDO,HUANCARAYLLA,downloaded,
distrital,050713,AYACUCHO,VÍCTOR FAJARDO,SARHUA,downloaded,
distrital,050714,AYACUCHO,VÍCTOR FAJARDO,VILCANCHOS,downloaded,
distrital,050715,AYACUCHO,VÍCTOR FAJARDO,ASQUIPATA,downloaded,
distrital,050801,AYACUCHO,HUANCA SANCOS,SANCOS,not_applicable,No figura como elección municipal distrital en las opciones oficiales de su provincia.
distrital,050802,AYACUCHO,HUANCA SANCOS,SACSAMARCA,downloaded,
distrital,050803,AYACUCHO,HUANCA SANCOS,SANTIAGO DE LUCANAMARCA,downloaded,
distrital,050804,AYACUCHO,HUANCA SANCOS,CARAPO,downloaded,
distrital,050901,AYACUCHO,VILCAS HUAMÁN,VILCAS HUAMÁN,not_applicable,No figura como elección municipal distrital en las opciones oficiales de su provincia.
distrital,050902,AYACUCHO,VILCAS HUAMÁN,VISCHONGO,downloaded,
distrital,050903,AYACUCHO,VILCAS HUAMÁN,ACCOMARCA,downloaded,
distrital,050904,AYACUCHO,VILCAS HUAMÁN,CARHUANCA,downloaded,
distrital,050905,AYACUCHO,VILCAS HUAMÁN,CONCEPCIÓN,downloaded,
distrital,050906,AYACUCHO,VILCAS HUAMÁN,HUAMBALPA,downloaded,
distrital,050907,AYACUCHO,VILCAS HUAMÁN,SAURAMA,downloaded,
distrital,050908,AYACUCHO,VILCAS HUAMÁN,INDEPENDENCIA,downloaded,
distrital,051001,AYACUCHO,PÁUCAR DEL SARA SARA,PAUSA,not_applicable,No figura como elección municipal distrital en las opciones oficiales de su provincia.
distrital,051002,AYACUCHO,PÁUCAR DEL SARA SARA,COLTA,downloaded,
distrital,051003,AYACUCHO,PÁUCAR DEL SARA SARA,CORCULLA,downloaded,
distrital,051004,AYACUCHO,PÁUCAR DEL SARA SARA,LAMPA,downloaded,
distrital,051005,AYACUCHO,PÁUCAR DEL SARA SARA,MARCABAMBA,downloaded,
distrital,051006,AYACUCHO,PÁUCAR DEL SARA SARA,OYOLO,downloaded,
distrital,051007,AYACUCHO,PÁUCAR DEL SARA SARA,PARARCA,downloaded,
distrital,051008,AYACUCHO,PÁUCAR DEL SARA SARA,SAN JAVIER DE ALPABAMBA,downloaded,
distrital,051009,AYACUCHO,PÁUCAR DEL SARA SARA,SAN JOSÉ DE USHUA,downloaded,
distrital,051010,AYACUCHO,PÁUCAR DEL SARA SARA,SARA SARA,downloaded,
distrital,051101,AYACUCHO,SUCRE,QUEROBAMBA,not_applicable,No figura como elección municipal distrital en las opciones oficiales de su provincia.
distrital,051102,AYACUCHO,SUCRE,BELÉN,downloaded,
distrital,051103,AYACUCHO,SUCRE,CHALCOS,downloaded,
distrital,051104,AYACUCHO,SUCRE,SAN SALVADOR DE QUIJE,downloaded,
distrital,051105,AYACUCHO,SUCRE,PAICO,downloaded,
distrital,051106,AYACUCHO,SUCRE,SANTIAGO DE PAUCARAY,downloaded,
distrital,051107,AYACUCHO,SUCRE,SAN PEDRO DE LARCAY,downloaded,
distrital,051108,AYACUCHO,SUCRE,SORAS,downloaded,
distrital,051109,AYACUCHO,SUCRE,HUACAÑA,downloaded,
distrital,051110,AYACUCHO,SUCRE,CHILCAYOC,downloaded,
distrital,051111,AYACUCHO,SUCRE,MORCOLLA,downloaded,
distrital,060101,CAJAMARCA,CAJAMARCA,CAJAMARCA,not_applicable,No figura como elección municipal distrital en las opciones oficiales de su provincia.
distrital,060102,CAJAMARCA,CAJAMARCA,ASUNCIÓN,downloaded,
distrital,060103,CAJAMARCA,CAJAMARCA,COSPAN,downloaded,
distrital,060104,CAJAMARCA,CAJAMARCA,CHETILLA,downloaded,
distrital,060105,CAJAMARCA,CAJAMARCA,ENCAÑADA,downloaded,
distrital,060106,CAJAMARCA,CAJAMARCA,JESÚS,downloaded,
distrital,060107,CAJAMARCA,CAJAMARCA,LOS BAÑOS DEL INCA,downloaded,
distrital,060108,CAJAMARCA,CAJAMARCA,LLACANORA,downloaded,
distrital,060109,CAJAMARCA,CAJAMARCA,MAGDALENA,downloaded,
distrital,060110,CAJAMARCA,CAJAMARCA,MATARA,downloaded,
distrital,060111,CAJAMARCA,CAJAMARCA,NAMORA,downloaded,
distrital,060112,CAJAMARCA,CAJAMARCA,SAN JUAN,downloaded,
distrital,060201,CAJAMARCA,CAJABAMBA,CAJABAMBA,not_applicable,No figura como elección municipal distrital en las opciones oficiales de su provincia.
distrital,060202,CAJAMARCA,CAJABAMBA,CACHACHI,downloaded,
distrital,060203,CAJAMARCA,CAJABAMBA,CONDEBAMBA,downloaded,
distrital,060205,CAJAMARCA,CAJABAMBA,SITACOCHA,downloaded,
distrital,060301,CAJAMARCA,CELENDÍN,CELENDÍN,not_applicable,No figura como elección municipal distrital en las opciones oficiales de su provincia.
distrital,060302,CAJAMARCA,CELENDÍN,CORTEGANA,downloaded,
distrital,060303,CAJAMARCA,CELENDÍN,CHUMUCH,downloaded,
distrital,060304,CAJAMARCA,CELENDÍN,HUASMÍN,downloaded,
distrital,060305,CAJAMARCA,CELENDÍN,JORGE CHÁVEZ,downloaded,
distrital,060306,CAJAMARCA,CELENDÍN,JOSÉ GÁLVEZ,downloaded,
distrital,060307,CAJAMARCA,CELENDÍN,MIGUEL IGLESIAS,downloaded,
distrital,060308,CAJAMARCA,CELENDÍN,OXAMARCA,downloaded,
distrital,060309,CAJAMARCA,CELENDÍN,SOROCHUCO,downloaded,
distrital,060310,CAJAMARCA,CELENDÍN,SUCRE,downloaded,
distrital,060311,CAJAMARCA,CELENDÍN,UTCO,downloaded,
distrital,060312,CAJAMARCA,CELENDÍN,LA LIBERTAD DE PALLÁN,downloaded,
distrital,060401,CAJAMARCA,CONTUMAZA,CONTUMAZA,not_applicable,No figura como elección municipal distrital en las opciones oficiales de su provincia.
distrital,060403,CAJAMARCA,CONTUMAZA,CHILETE,downloaded,
distrital,060404,CAJAMARCA,CONTUMAZA,GUZMANGO,downloaded,
distrital,060405,CAJAMARCA,CONTUMAZA,SAN BENITO,downloaded,
distrital,060406,CAJAMARCA,CONTUMAZA,CUPISNIQUE,downloaded,
distrital,060407,CAJAMARCA,CONTUMAZA,TANTARICA,downloaded,
distrital,060408,CAJAMARCA,CONTUMAZA,YONÁN,downloaded,
distrital,060409,CAJAMARCA,CONTUMAZA,SANTA CRUZ DE TOLED,downloaded,
distrital,060501,CAJAMARCA,CUTERVO,CUTERVO,not_applicable,No figura como elección municipal distrital en las opciones oficiales de su provincia.
distrital,060502,CAJAMARCA,CUTERVO,CALLAYUC,downloaded,
distrital,060503,CAJAMARCA,CUTERVO,CUJILLO,downloaded,
distrital,060504,CAJAMARCA,CUTERVO,CHOROS,downloaded,
distrital,060505,CAJAMARCA,CUTERVO,LA RAMADA,downloaded,
distrital,060506,CAJAMARCA,CUTERVO,PIMPINGOS,downloaded,
distrital,060507,CAJAMARCA,CUTERVO,QUEROCOTILLO,downloaded,
distrital,060508,CAJAMARCA,CUTERVO,SAN ANDRÉS DE CUTERVO,downloaded,
distrital,060509,CAJAMARCA,CUTERVO,SAN JUAN DE CUTERVO,downloaded,
distrital,060510,CAJAMARCA,CUTERVO,SAN LUIS DE LUCMA,downloaded,
distrital,060511,CAJAMARCA,CUTERVO,SANTA CRUZ,downloaded,
distrital,060512,CAJAMARCA,CUTERVO,SANTO DOMINGO DE LA CAPILLA,downloaded,
distrital,060513,CAJAMARCA,CUTERVO,SANTO TOMÁS,downloaded,
distrital,060514,CAJAMARCA,CUTERVO,SOCOTA,downloaded,
distrital,060515,CAJAMARCA,CUTERVO,TORIBIO CASANOVA,downloaded,
distrital,060601,CAJAMARCA,CHOTA,CHOTA,not_applicable,No figura como elección municipal distrital en las opciones oficiales de su provincia.
distrital,060602,CAJAMARCA,CHOTA,ANGUÍA,downloaded,
distrital,060603,CAJAMARCA,CHOTA,COCHABAMBA,downloaded,
distrital,060604,CAJAMARCA,CHOTA,CONCHÁN,downloaded,
distrital,060605,CAJAMARCA,CHOTA,CHADÍN,downloaded,
distrital,060606,CAJAMARCA,CHOTA,CHIGUIRIP,downloaded,
distrital,060607,CAJAMARCA,CHOTA,CHIMBÁN,downloaded,
distrital,060608,CAJAMARCA,CHOTA,HUAMBOS,downloaded,
distrital,060609,CAJAMARCA,CHOTA,LAJAS,downloaded,
distrital,060610,CAJAMARCA,CHOTA,LLAMA,downloaded,
distrital,060611,CAJAMARCA,CHOTA,MIRACOSTA,downloaded,
distrital,060612,CAJAMARCA,CHOTA,PACCHA,downloaded,
distrital,060613,CAJAMARCA,CHOTA,PIÓN,downloaded,
distrital,060614,CAJAMARCA,CHOTA,QUEROCOTO,downloaded,
distrital,060615,CAJAMARCA,CHOTA,TACABAMBA,downloaded,
distrital,060616,CAJAMARCA,CHOTA,TOCMOCHE,downloaded,
distrital,060617,CAJAMARCA,CHOTA,SAN JUAN DE LICUPIS,downloaded,
distrital,060618,CAJAMARCA,CHOTA,CHOROPAMPA,downloaded,
distrital,060619,CAJAMARCA,CHOTA,CHALAMARCA,downloaded,
distrital,060701,CAJAMARCA,HUALGAYOC,BAMBAMARCA,not_applicable,No figura como elección municipal distrital en las opciones oficiales de su provincia.
distrital,060702,CAJAMARCA,HUALGAYOC,CHUGUR,downloaded,
distrital,060703,CAJAMARCA,HUALGAYOC,HUALGAYOC,downloaded,
distrital,060801,CAJAMARCA,JAÉN,JAÉN,not_applicable,No figura como elección municipal distrital en las opciones oficiales de su provincia.
distrital,060802,CAJAMARCA,JAÉN,BELLAVISTA,downloaded,
distrital,060803,CAJAMARCA,JAÉN,COLASAY,downloaded,
distrital,060804,CAJAMARCA,JAÉN,CHONTALÍ,downloaded,
distrital,060805,CAJAMARCA,JAÉN,POMAHUACA,downloaded,
distrital,060806,CAJAMARCA,JAÉN,PUCARA,downloaded,
distrital,060807,CAJAMARCA,JAÉN,SALLIQUE,downloaded,
distrital,060808,CAJAMARCA,JAÉN,SAN FELIPE,downloaded,
distrital,060809,CAJAMARCA,JAÉN,SAN JOSÉ DEL ALTO,downloaded,
distrital,060810,CAJAMARCA,JAÉN,SANTA ROSA,downloaded,
distrital,060811,CAJAMARCA,JAÉN,LAS PIRIAS,downloaded,
distrital,060812,CAJAMARCA,JAÉN,HUABAL,downloaded,
distrital,060901,CAJAMARCA,SANTA CRUZ,SANTA CRUZ,not_applicable,No figura como elección municipal distrital en las opciones oficiales de su provincia.
distrital,060902,CAJAMARCA,SANTA CRUZ,CATACHE,downloaded,
distrital,060903,CAJAMARCA,SANTA CRUZ,CHANCAYBAÑOS,downloaded,
distrital,060904,CAJAMARCA,SANTA CRUZ,LA ESPERANZA,downloaded,
distrital,060905,CAJAMARCA,SANTA CRUZ,NINABAMBA,downloaded,
distrital,060906,CAJAMARCA,SANTA CRUZ,PULÁN,downloaded,
distrital,060907,CAJAMARCA,SANTA CRUZ,SEXI,downloaded,
distrital,060908,CAJAMARCA,SANTA CRUZ,UTICYACU,downloaded,
distrital,060909,CAJAMARCA,SANTA CRUZ,YAUYUCAN,downloaded,
distrital,060910,CAJAMARCA,SANTA CRUZ,ANDABAMBA,downloaded,
distrital,060911,CAJAMARCA,SANTA CRUZ,SAUCEPAMPA,downloaded,
distrital,061001,CAJAMARCA,SAN MIGUEL,SAN MIGUEL,not_applicable,No figura como elección municipal distrital en las opciones oficiales de su provincia.
distrital,061002,CAJAMARCA,SAN MIGUEL,CALQUIS,downloaded,
distrital,061003,CAJAMARCA,SAN MIGUEL,LA FLORIDA,downloaded,
distrital,061004,CAJAMARCA,SAN MIGUEL,LLAPA,downloaded,
distrital,061005,CAJAMARCA,SAN MIGUEL,NANCHOC,downloaded,
distrital,061006,CAJAMARCA,SAN MIGUEL,NIEPOS,downloaded,
distrital,061007,CAJAMARCA,SAN MIGUEL,SAN GREGORIO,downloaded,
distrital,061008,CAJAMARCA,SAN MIGUEL,SAN SILVESTRE DE COCHAN,downloaded,
distrital,061009,CAJAMARCA,SAN MIGUEL,EL PRADO,downloaded,
distrital,061010,CAJAMARCA,SAN MIGUEL,UNIÓN AGUA BLANCA,downloaded,
distrital,061011,CAJAMARCA,SAN MIGUEL,TONGOD,downloaded,
distrital,061012,CAJAMARCA,SAN MIGUEL,CATILLUC,downloaded,
distrital,061013,CAJAMARCA,SAN MIGUEL,BOLÍVAR,downloaded,
distrital,061101,CAJAMARCA,SAN IGNACIO,SAN IGNACIO,not_applicable,No figura como elección municipal distrital en las opciones oficiales de su provincia.
distrital,061102,CAJAMARCA,SAN IGNACIO,CHIRINOS,downloaded,
distrital,061103,CAJAMARCA,SAN IGNACIO,HUARANGO,downloaded,
distrital,061104,CAJAMARCA,SAN IGNACIO,NAMBALLE,downloaded,
distrital,061105,CAJAMARCA,SAN IGNACIO,LA COIPA,downloaded,
distrital,061106,CAJAMARCA,SAN IGNACIO,SAN JOSÉ DE LOURDES,downloaded,
distrital,061107,CAJAMARCA,SAN IGNACIO,TABACONAS,downloaded,
distrital,061201,CAJAMARCA,SAN MARCOS,PEDRO GÁLVEZ,not_applicable,No figura como elección municipal distrital en las opciones oficiales de su provincia.
distrital,061202,CAJAMARCA,SAN MARCOS,ICHOCÁN,downloaded,
distrital,061203,CAJAMARCA,SAN MARCOS,GREGORIO PITA,downloaded,
distrital,061204,CAJAMARCA,SAN MARCOS,JOSÉ MANUEL QUIRÓZ,downloaded,
distrital,061205,CAJAMARCA,SAN MARCOS,EDUARDO VILLANUEVA,downloaded,
distrital,061206,CAJAMARCA,SAN MARCOS,JOSÉ SABOGAL,downloaded,
distrital,061207,CAJAMARCA,SAN MARCOS,CHANCAY,downloaded,
distrital,061301,CAJAMARCA,SAN PABLO,SAN PABLO,not_applicable,No figura como elección municipal distrital en las opciones oficiales de su provincia.
distrital,061302,CAJAMARCA,SAN PABLO,SAN BERNARDINO,downloaded,
distrital,061303,CAJAMARCA,SAN PABLO,SAN LUIS,downloaded,
distrital,061304,CAJAMARCA,SAN PABLO,TUMBADÉN,downloaded,
distrital,070101,CUSCO,CUSCO,CUSCO,not_applicable,No figura como elección municipal distrital en las opciones oficiales de su provincia.
distrital,070102,CUSCO,CUSCO,CCORCA,downloaded,
distrital,070103,CUSCO,CUSCO,POROY,downloaded,
distrital,070104,CUSCO,CUSCO,SAN JERÓNIMO,downloaded,
distrital,070105,CUSCO,CUSCO,SAN SEBASTIÁN,downloaded,
distrital,070106,CUSCO,CUSCO,SANTIAGO,downloaded,
distrital,070107,CUSCO,CUSCO,SAYLLA,downloaded,
distrital,070108,CUSCO,CUSCO,WANCHAQ,downloaded,
distrital,070201,CUSCO,ACOMAYO,ACOMAYO,not_applicable,No figura como elección municipal distrital en las opciones oficiales de su provincia.
distrital,070202,CUSCO,ACOMAYO,ACOPIA,downloaded,
distrital,070203,CUSCO,ACOMAYO,ACOS,downloaded,
distrital,070204,CUSCO,ACOMAYO,POMACANCHI,downloaded,
distrital,070205,CUSCO,ACOMAYO,RONDOCAN,downloaded,
distrital,070206,CUSCO,ACOMAYO,SANGARARA,downloaded,
distrital,070207,CUSCO,ACOMAYO,MOSOC LLACTA,downloaded,
distrital,070301,CUSCO,ANTA,ANTA,not_applicable,No figura como elección municipal distrital en las opciones oficiales de su provincia.
distrital,070302,CUSCO,ANTA,CHINCHAYPUJIO,downloaded,
distrital,070303,CUSCO,ANTA,HUAROCONDO,downloaded,
distrital,070304,CUSCO,ANTA,LIMATAMBO,downloaded,
distrital,070305,CUSCO,ANTA,MOLLEPATA,downloaded,
distrital,070306,CUSCO,ANTA,PUCYURA,downloaded,
distrital,070307,CUSCO,ANTA,ZURITE,downloaded,
distrital,070308,CUSCO,ANTA,CACHIMAYO,downloaded,
distrital,070309,CUSCO,ANTA,ANCAHUASI,downloaded,
distrital,070401,CUSCO,CALCA,CALCA,not_applicable,No figura como elección municipal distrital en las opciones oficiales de su provincia.
distrital,070402,CUSCO,CALCA,COYA,downloaded,
distrital,070403,CUSCO,CALCA,LAMAY,downloaded,
distrital,070404,CUSCO,CALCA,LARES,downloaded,
distrital,070405,CUSCO,CALCA,PISAC,downloaded,
distrital,070406,CUSCO,CALCA,SAN SALVADOR,downloaded,
distrital,070407,CUSCO,CALCA,TARAY,downloaded,
distrital,070408,CUSCO,CALCA,YANATILE,downloaded,
distrital,070501,CUSCO,CANAS,YANAOCA,not_applicable,No figura como elección municipal distrital en las opciones oficiales de su provincia.
distrital,070502,CUSCO,CANAS,CHECCA,downloaded,
distrital,070503,CUSCO,CANAS,KUNTURKANKI,downloaded,
distrital,070504,CUSCO,CANAS,LANGUI,downloaded,
distrital,070505,CUSCO,CANAS,LAYO,downloaded,
distrital,070506,CUSCO,CANAS,PAMPAMARCA,downloaded,
distrital,070507,CUSCO,CANAS,QUEHUE,downloaded,
distrital,070508,CUSCO,CANAS,TÚPAC AMARU,downloaded,
distrital,070601,CUSCO,CANCHIS,SICUANI,not_applicable,No figura como elección municipal distrital en las opciones oficiales de su provincia.
distrital,070602,CUSCO,CANCHIS,COMBAPATA,downloaded,
distrital,070603,CUSCO,CANCHIS,CHECACUPE,downloaded,
distrital,070604,CUSCO,CANCHIS,MARANGANI,downloaded,
distrital,070605,CUSCO,CANCHIS,PITUMARCA,downloaded,
distrital,070606,CUSCO,CANCHIS,SAN PABLO,downloaded,
distrital,070607,CUSCO,CANCHIS,SAN PEDRO,downloaded,
distrital,070608,CUSCO,CANCHIS,TINTA,downloaded,
distrital,070701,CUSCO,CHUMBIVILCAS,SANTO TOMÁS,not_applicable,No figura como elección municipal distrital en las opciones oficiales de su provincia.
distrital,070702,CUSCO,CHUMBIVILCAS,CAPACMARCA,downloaded,
distrital,070703,CUSCO,CHUMBIVILCAS,COLQUEMARCA,downloaded,
distrital,070704,CUSCO,CHUMBIVILCAS,CHAMACA,downloaded,
distrital,070705,CUSCO,CHUMBIVILCAS,LIVITACA,downloaded,
distrital,070706,CUSCO,CHUMBIVILCAS,LLUSCO,downloaded,
distrital,070707,CUSCO,CHUMBIVILCAS,QUIÑOTA,downloaded,
distrital,070708,CUSCO,CHUMBIVILCAS,VELILLE,downloaded,
distrital,070801,CUSCO,ESPINAR,ESPINAR,not_applicable,No figura como elección municipal distrital en las opciones oficiales de su provincia.
distrital,070802,CUSCO,ESPINAR,CONDOROMA,downloaded,
distrital,070803,CUSCO,ESPINAR,COPORAQUE,downloaded,
distrital,070804,CUSCO,ESPINAR,OCORURO,downloaded,
distrital,070805,CUSCO,ESPINAR,PALLPATA,downloaded,
distrital,070806,CUSCO,ESPINAR,PICHIGUA,downloaded,
distrital,070807,CUSCO,ESPINAR,SUYCKUTAMBO,downloaded,
distrital,070808,CUSCO,ESPINAR,ALTO PICHIGUA,downloaded,
distrital,070901,CUSCO,LA CONVENCIÓN,SANTA ANA,not_applicable,No figura como elección municipal distrital en las opciones oficiales de su provincia.
distrital,070902,CUSCO,LA CONVENCIÓN,ECHARATE,downloaded,
distrital,070903,CUSCO,LA CONVENCIÓN,HUAYOPATA,downloaded,
distrital,070904,CUSCO,LA CONVENCIÓN,MARANURA,downloaded,
distrital,070905,CUSCO,LA CONVENCIÓN,OCOBAMBA,downloaded,
distrital,070906,CUSCO,LA CONVENCIÓN,SANTA TERESA,pending,
distrital,070907,CUSCO,LA CONVENCIÓN,VILCABAMBA,pending,
distrital,070908,CUSCO,LA CONVENCIÓN,QUELLOUNO,pending,
distrital,070909,CUSCO,LA CONVENCIÓN,KIMBIRI,downloaded,
distrital,070910,CUSCO,LA CONVENCIÓN,PICHARI,pending,
distrital,070911,CUSCO,LA CONVENCIÓN,INKAWASI,downloaded,
distrital,070912,CUSCO,LA CONVENCIÓN,VILLA VIRGEN,pending,
distrital,070913,CUSCO,LA CONVENCIÓN,VILLA KINTIARINA,pending,
distrital,070915,CUSCO,LA CONVENCIÓN,MEGANTONI,pending,
distrital,070916,CUSCO,LA CONVENCIÓN,KUMPIRUSHIATO,downloaded,
distrital,070917,CUSCO,LA CONVENCIÓN,CIELO PUNCO,downloaded,
distrital,070918,CUSCO,LA CONVENCIÓN,MANITEA,downloaded,
distrital,070919,CUSCO,LA CONVENCIÓN,UNIÓN ASHÁNINKA,pending,
distrital,071001,CUSCO,PARURO,PARURO,pending,
distrital,071002,CUSCO,PARURO,ACCHA,pending,
distrital,071003,CUSCO,PARURO,CCAPI,pending,
distrital,071004,CUSCO,PARURO,COLCHA,pending,
distrital,071005,CUSCO,PARURO,HUANOQUITE,pending,
distrital,071006,CUSCO,PARURO,OMACHA,pending,
distrital,071007,CUSCO,PARURO,YAURISQUE,pending,
distrital,071008,CUSCO,PARURO,PACCARITAMBO,pending,
distrital,071009,CUSCO,PARURO,PILLPINTO,pending,
distrital,071101,CUSCO,PAUCARTAMBO,PAUCARTAMBO,pending,
distrital,071102,CUSCO,PAUCARTAMBO,CAICAY,pending,
distrital,071103,CUSCO,PAUCARTAMBO,COLQUEPATA,pending,
distrital,071104,CUSCO,PAUCARTAMBO,CHALLABAMBA,pending,
distrital,071105,CUSCO,PAUCARTAMBO,KOSÑIPATA,pending,
distrital,071106,CUSCO,PAUCARTAMBO,HUANCARANI,pending,
distrital,071201,CUSCO,QUISPICANCHI,URCOS,pending,
distrital,071202,CUSCO,QUISPICANCHI,ANDAHUAYLILLAS,pending,
distrital,071203,CUSCO,QUISPICANCHI,CAMANTI,pending,
distrital,071204,CUSCO,QUISPICANCHI,CCARHUAYO,pending,
distrital,071205,CUSCO,QUISPICANCHI,CCATCA,pending,
distrital,071206,CUSCO,QUISPICANCHI,CUSIPATA,pending,
distrital,071207,CUSCO,QUISPICANCHI,HUARO,pending,
distrital,071208,CUSCO,QUISPICANCHI,LUCRE,pending,
distrital,071209,CUSCO,QUISPICANCHI,MARCAPATA,pending,
distrital,071210,CUSCO,QUISPICANCHI,OCONGATE,pending,
distrital,071211,CUSCO,QUISPICANCHI,OROPESA,pending,
distrital,071212,CUSCO,QUISPICANCHI,QUIQUIJANA,pending,
distrital,071301,CUSCO,URUBAMBA,URUBAMBA,pending,
distrital,071302,CUSCO,URUBAMBA,CHINCHERO,pending,
distrital,071303,CUSCO,URUBAMBA,HUAYLLABAMBA,pending,
distrital,071304,CUSCO,URUBAMBA,MACHUPICCHU,pending,
distrital,071305,CUSCO,URUBAMBA,MARAS,pending,
distrital,071306,CUSCO,URUBAMBA,OLLANTAYTAMBO,pending,
distrital,071307,CUSCO,URUBAMBA,YUCAY,pending,
distrital,080101,HUANCAVELICA,HUANCAVELICA,HUANCAVELICA,pending,
distrital,080102,HUANCAVELICA,HUANCAVELICA,ACOBAMBILLA,pending,
distrital,080103,HUANCAVELICA,HUANCAVELICA,ACORIA,pending,
distrital,080104,HUANCAVELICA,HUANCAVELICA,CONAYCA,pending,
distrital,080105,HUANCAVELICA,HUANCAVELICA,CUENCA,pending,
distrital,080106,HUANCAVELICA,HUANCAVELICA,HUACHOCOLPA,pending,
distrital,080108,HUANCAVELICA,HUANCAVELICA,HUAYLLAHUARA,pending,
distrital,080109,HUANCAVELICA,HUANCAVELICA,IZCUCHACA,pending,
distrital,080110,HUANCAVELICA,HUANCAVELICA,LARIA,pending,
distrital,080111,HUANCAVELICA,HUANCAVELICA,MANTA,pending,
distrital,080112,HUANCAVELICA,HUANCAVELICA,MARISCAL CÁCERES,pending,
distrital,080113,HUANCAVELICA,HUANCAVELICA,MOYA,pending,
distrital,080114,HUANCAVELICA,HUANCAVELICA,NUEVO OCCORO,pending,
distrital,080115,HUANCAVELICA,HUANCAVELICA,PALCA,pending,
distrital,080116,HUANCAVELICA,HUANCAVELICA,PILCHACA,pending,
distrital,080117,HUANCAVELICA,HUANCAVELICA,VILCA,pending,
distrital,080118,HUANCAVELICA,HUANCAVELICA,YAULI,pending,
distrital,080119,HUANCAVELICA,HUANCAVELICA,ASCENSIÓN,pending,
distrital,080120,HUANCAVELICA,HUANCAVELICA,HUANDO,pending,
distrital,080201,HUANCAVELICA,ACOBAMBA,ACOBAMBA,pending,
distrital,080202,HUANCAVELICA,ACOBAMBA,ANTA,pending,
distrital,080203,HUANCAVELICA,ACOBAMBA,ANDABAMBA,pending,
distrital,080204,HUANCAVELICA,ACOBAMBA,CAJA,pending,
distrital,080205,HUANCAVELICA,ACOBAMBA,MARCAS,pending,
distrital,080206,HUANCAVELICA,ACOBAMBA,PAUCARA,pending,
distrital,080207,HUANCAVELICA,ACOBAMBA,POMACOCHA,pending,
distrital,080208,HUANCAVELICA,ACOBAMBA,ROSARIO,pending,
distrital,080301,HUANCAVELICA,ANGARAES,LIRCAY,pending,
distrital,080302,HUANCAVELICA,ANGARAES,ANCHONGA,pending,
distrital,080303,HUANCAVELICA,ANGARAES,CALLANMARCA,pending,
distrital,080304,HUANCAVELICA,ANGARAES,CONGALLA,pending,
distrital,080305,HUANCAVELICA,ANGARAES,CHINCHO,pending,
distrital,080306,HUANCAVELICA,ANGARAES,HUALLAY - GRANDE,pending,
distrital,080307,HUANCAVELICA,ANGARAES,HUANCA-HUANCA,pending,
distrital,080308,HUANCAVELICA,ANGARAES,JULCAMARCA,pending,
distrital,080309,HUANCAVELICA,ANGARAES,SAN ANTONIO DE ANTAPARCO,pending,
distrital,080310,HUANCAVELICA,ANGARAES,SANTO TOMÁS DE PATA,pending,
distrital,080311,HUANCAVELICA,ANGARAES,SECCLLA,pending,
distrital,080312,HUANCAVELICA,ANGARAES,CCOCHACCASA,pending,
distrital,080401,HUANCAVELICA,CASTROVIRREYNA,CASTROVIRREYNA,pending,
distrital,080402,HUANCAVELICA,CASTROVIRREYNA,ARMA,pending,
distrital,080403,HUANCAVELICA,CASTROVIRREYNA,AURAHUA,pending,
distrital,080405,HUANCAVELICA,CASTROVIRREYNA,CAPILLAS,pending,
distrital,080406,HUANCAVELICA,CASTROVIRREYNA,COCAS,pending,
distrital,080408,HUANCAVELICA,CASTROVIRREYNA,CHUPAMARCA,pending,
distrital,080409,HUANCAVELICA,CASTROVIRREYNA,HUACHOS,pending,
distrital,080410,HUANCAVELICA,CASTROVIRREYNA,HUAMATAMBO,pending,
distrital,080414,HUANCAVELICA,CASTROVIRREYNA,MOLLEPAMPA,pending,
distrital,080422,HUANCAVELICA,CASTROVIRREYNA,SAN JUAN,pending,
distrital,080427,HUANCAVELICA,CASTROVIRREYNA,TANTARA,pending,
distrital,080428,HUANCAVELICA,CASTROVIRREYNA,TICRAPO,pending,
distrital,080429,HUANCAVELICA,CASTROVIRREYNA,SANTA ANA,pending,
distrital,080501,HUANCAVELICA,TAYACAJA,PAMPAS,pending,
distrital,080502,HUANCAVELICA,TAYACAJA,ACOSTAMBO,pending,
distrital,080503,HUANCAVELICA,TAYACAJA,ACRAQUIA,pending,
distrital,080504,HUANCAVELICA,TAYACAJA,AHUAYCHA,pending,
distrital,080506,HUANCAVELICA,TAYACAJA,COLCABAMBA,pending,
distrital,080509,HUANCAVELICA,TAYACAJA,DANIEL HERNANDEZ,pending,
distrital,080511,HUANCAVELICA,TAYACAJA,HUACHOCOLPA,pending,
distrital,080512,HUANCAVELICA,TAYACAJA,HUARIBAMBA,pending,
distrital,080515,HUANCAVELICA,TAYACAJA,ÑAHUIMPUQUIO,pending,
distrital,080517,HUANCAVELICA,TAYACAJA,PAZOS,pending,
distrital,080518,HUANCAVELICA,TAYACAJA,QUISHUAR,pending,
distrital,080519,HUANCAVELICA,TAYACAJA,SALCABAMBA,pending,
distrital,080520,HUANCAVELICA,TAYACAJA,SAN MARCOS DE ROCCHAC,pending,
distrital,080523,HUANCAVELICA,TAYACAJA,SURCUBAMBA,pending,
distrital,080525,HUANCAVELICA,TAYACAJA,TINTAY PUNCU,pending,
distrital,080526,HUANCAVELICA,TAYACAJA,SALCAHUASI,pending,
distrital,080528,HUANCAVELICA,TAYACAJA,QUICHUAS,pending,
distrital,080529,HUANCAVELICA,TAYACAJA,ANDAYMARCA,pending,
distrital,080530,HUANCAVELICA,TAYACAJA,ROBLE,pending,
distrital,080531,HUANCAVELICA,TAYACAJA,PICHOS,pending,
distrital,080532,HUANCAVELICA,TAYACAJA,SANTIAGO DE TUCUMA,pending,
distrital,080533,HUANCAVELICA,TAYACAJA,LAMBRAS,pending,
distrital,080534,HUANCAVELICA,TAYACAJA,COCHABAMBA,pending,
distrital,080601,HUANCAVELICA,HUAYTARA,AYAVI,pending,
distrital,080602,HUANCAVELICA,HUAYTARA,CÓRDOVA,pending,
distrital,080603,HUANCAVELICA,HUAYTARA,HUAYACUNDO ARMA,pending,
distrital,080604,HUANCAVELICA,HUAYTARA,HUAYTARA,pending,
distrital,080605,HUANCAVELICA,HUAYTARA,LARAMARCA,pending,
distrital,080606,HUANCAVELICA,HUAYTARA,OCOYO,pending,
distrital,080607,HUANCAVELICA,HUAYTARA,PILPICHACA,pending,
distrital,080608,HUANCAVELICA,HUAYTARA,QUERCO,pending,
distrital,080609,HUANCAVELICA,HUAYTARA,QUITO-ARMA,pending,
distrital,080610,HUANCAVELICA,HUAYTARA,SAN ANTONIO DE CUSICANCHA,pending,
distrital,080611,HUANCAVELICA,HUAYTARA,SAN FRANCISCO DE SANGAYAICO,pending,
distrital,080612,HUANCAVELICA,HUAYTARA,SAN ISIDRO,pending,
distrital,080613,HUANCAVELICA,HUAYTARA,SANTIAGO DE CHOCORVOS,pending,
distrital,080614,HUANCAVELICA,HUAYTARA,SANTIAGO DE QUIRAHUARA,pending,
distrital,080615,HUANCAVELICA,HUAYTARA,SANTO DOMINGO DE CAPILLAS,pending,
distrital,080616,HUANCAVELICA,HUAYTARA,TAMBO,pending,
distrital,080701,HUANCAVELICA,CHURCAMPA,CHURCAMPA,pending,
distrital,080702,HUANCAVELICA,CHURCAMPA,ANCO,pending,
distrital,080703,HUANCAVELICA,CHURCAMPA,CHINCHIHUASI,pending,
distrital,080704,HUANCAVELICA,CHURCAMPA,EL CARMEN,pending,
distrital,080705,HUANCAVELICA,CHURCAMPA,LA MERCED,pending,
distrital,080706,HUANCAVELICA,CHURCAMPA,LOCROJA,pending,
distrital,080707,HUANCAVELICA,CHURCAMPA,PAUCARBAMBA,pending,
distrital,080708,HUANCAVELICA,CHURCAMPA,SAN MIGUEL DE MAYOCC,pending,
distrital,080709,HUANCAVELICA,CHURCAMPA,SAN PEDRO DE CORIS,pending,
distrital,080710,HUANCAVELICA,CHURCAMPA,PACHAMARCA,pending,
distrital,080711,HUANCAVELICA,CHURCAMPA,COSME,pending,
distrital,090101,HUÁNUCO,HUÁNUCO,HUÁNUCO,pending,
distrital,090102,HUÁNUCO,HUÁNUCO,CHINCHAO,pending,
distrital,090103,HUÁNUCO,HUÁNUCO,CHURUBAMBA,pending,
distrital,090104,HUÁNUCO,HUÁNUCO,MARGOS,pending,
distrital,090105,HUÁNUCO,HUÁNUCO,QUISQUI (KICHKI),pending,
distrital,090106,HUÁNUCO,HUÁNUCO,SAN FRANCISCO DE CAYRÁN,pending,
distrital,090107,HUÁNUCO,HUÁNUCO,SAN PEDRO DE CHAULÁN,pending,
distrital,090108,HUÁNUCO,HUÁNUCO,SANTA MARÍA DEL VALLE,pending,
distrital,090109,HUÁNUCO,HUÁNUCO,YARUMAYO,pending,
distrital,090110,HUÁNUCO,HUÁNUCO,AMARILIS,pending,
distrital,090111,HUÁNUCO,HUÁNUCO,PILLCO MARCA,pending,
distrital,090112,HUÁNUCO,HUÁNUCO,YACUS,pending,
distrital,090113,HUÁNUCO,HUÁNUCO,SAN PABLO DE PILLAO,pending,
distrital,090201,HUÁNUCO,AMBO,AMBO,pending,
distrital,090202,HUÁNUCO,AMBO,CAYNA,pending,
distrital,090203,HUÁNUCO,AMBO,COLPAS,pending,
distrital,090204,HUÁNUCO,AMBO,CONCHAMARCA,pending,
distrital,090205,HUÁNUCO,AMBO,HUACAR,pending,
distrital,090206,HUÁNUCO,AMBO,SAN FRANCISCO,pending,
distrital,090207,HUÁNUCO,AMBO,SAN RAFAEL,pending,
distrital,090208,HUÁNUCO,AMBO,TOMAY - KICHWA,pending,
distrital,090301,HUÁNUCO,DOS DE MAYO,LA UNIÓN,pending,
distrital,090307,HUÁNUCO,DOS DE MAYO,CHUQUIS,pending,
distrital,090312,HUÁNUCO,DOS DE MAYO,MARÍAS,pending,
distrital,090314,HUÁNUCO,DOS DE MAYO,PACHAS,pending,
distrital,090316,HUÁNUCO,DOS DE MAYO,QUIVILLA,pending,
distrital,090317,HUÁNUCO,DOS DE MAYO,RIPÁN,pending,
distrital,090321,HUÁNUCO,DOS DE MAYO,SHUNQUI,pending,
distrital,090322,HUÁNUCO,DOS DE MAYO,SILLAPATA,pending,
distrital,090323,HUÁNUCO,DOS DE MAYO,YANAS,pending,
distrital,090401,HUÁNUCO,HUAMALIES,LLATA,pending,
distrital,090402,HUÁNUCO,HUAMALIES,ARANCAY,pending,
distrital,090403,HUÁNUCO,HUAMALIES,CHAVÍN DE PARIARCA,pending,
distrital,090404,HUÁNUCO,HUAMALIES,JACAS GRANDE,pending,
distrital,090405,HUÁNUCO,HUAMALIES,JIRCÁN,pending,
distrital,090406,HUÁNUCO,HUAMALIES,MIRAFLORES,pending,
distrital,090407,HUÁNUCO,HUAMALIES,MONZÓN,pending,
distrital,090408,HUÁNUCO,HUAMALIES,PUNCHAO,pending,
distrital,090409,HUÁNUCO,HUAMALIES,PUÑOS,pending,
distrital,090410,HUÁNUCO,HUAMALIES,SINGA,pending,
distrital,090411,HUÁNUCO,HUAMALIES,TANTAMAYO,pending,
distrital,090501,HUÁNUCO,MARAÑÓN,HUACRACHUCO,pending,
distrital,090502,HUÁNUCO,MARAÑÓN,CHOLÓN,pending,
distrital,090505,HUÁNUCO,MARAÑÓN,SAN BUENAVENTURA,pending,
distrital,090506,HUÁNUCO,MARAÑÓN,LA MORADA,pending,
distrital,090507,HUÁNUCO,MARAÑÓN,SANTA ROSA DE ALTO YANAJANCA,pending,
distrital,090601,HUÁNUCO,LEONCIO PRADO,RUPA-RUPA,pending,
distrital,090602,HUÁNUCO,LEONCIO PRADO,DANIEL ALOMÍA ROBLES,pending,
distrital,090603,HUÁNUCO,LEONCIO PRADO,HERMILIO VALDIZÁN,pending,
distrital,090604,HUÁNUCO,LEONCIO PRADO,LUYANDO,pending,
distrital,090605,HUÁNUCO,LEONCIO PRADO,MARIANO DÁMASO BERAÚN,pending,
distrital,090606,HUÁNUCO,LEONCIO PRADO,JOSÉ CRESPO Y CASTILLO,pending,
distrital,090607,HUÁNUCO,LEONCIO PRADO,PUCAYACU,pending,
distrital,090608,HUÁNUCO,LEONCIO PRADO,CASTILLO GRANDE,pending,
distrital,090609,HUÁNUCO,LEONCIO PRADO,PUEBLO NUEVO,pending,
distrital,090610,HUÁNUCO,LEONCIO PRADO,SANTO DOMINGO DE ANDA,pending,
distrital,090701,HUÁNUCO,PACHITEA,PANAO,pending,
distrital,090702,HUÁNUCO,PACHITEA,CHAGLLA,pending,
distrital,090704,HUÁNUCO,PACHITEA,MOLINO,pending,
distrital,090706,HUÁNUCO,PACHITEA,UMARI,pending,
distrital,090801,HUÁNUCO,PUERTO INCA,HONORIA,pending,
distrital,090802,HUÁNUCO,PUERTO INCA,PUERTO INCA,pending,
distrital,090803,HUÁNUCO,PUERTO INCA,CODO DEL POZUZO,pending,
distrital,090804,HUÁNUCO,PUERTO INCA,TOURNAVISTA,pending,
distrital,090805,HUÁNUCO,PUERTO INCA,YUYAPICHIS,pending,
distrital,090901,HUÁNUCO,HUACAYBAMBA,HUACAYBAMBA,pending,
distrital,090902,HUÁNUCO,HUACAYBAMBA,PINRA,pending,
distrital,090903,HUÁNUCO,HUACAYBAMBA,CANCHABAMBA,pending,
distrital,090904,HUÁNUCO,HUACAYBAMBA,COCHABAMBA,pending,
distrital,091001,HUÁNUCO,LAURICOCHA,JESÚS,pending,
distrital,091002,HUÁNUCO,LAURICOCHA,BAÑOS,pending,
distrital,091003,HUÁNUCO,LAURICOCHA,SAN FRANCISCO DE ASÍS,pending,
distrital,091004,HUÁNUCO,LAURICOCHA,QUEROPALCA,pending,
distrital,091005,HUÁNUCO,LAURICOCHA,SAN MIGUEL DE CAURI,pending,
distrital,091006,HUÁNUCO,LAURICOCHA,RONDOS,pending,
distrital,091007,HUÁNUCO,LAURICOCHA,JIVIA,pending,
distrital,091101,HUÁNUCO,YAROWILCA,CHAVINILLO,pending,
distrital,091102,HUÁNUCO,YAROWILCA,APARICIO POMARES,pending,
distrital,091103,HUÁNUCO,YAROWILCA,CAHUAC,pending,
distrital,091104,HUÁNUCO,YAROWILCA,CHACABAMBA,pending,
distrital,091105,HUÁNUCO,YAROWILCA,JACAS CHICO,pending,
distrital,091106,HUÁNUCO,YAROWILCA,OBAS,pending,
distrital,091107,HUÁNUCO,YAROWILCA,PAMPAMARCA,pending,
distrital,091108,HUÁNUCO,YAROWILCA,CHORAS,pending,
distrital,100101,ICA,ICA,ICA,pending,
distrital,100102,ICA,ICA,LA TINGUIÑA,pending,
distrital,100103,ICA,ICA,LOS AQUIJES,pending,
distrital,100104,ICA,ICA,PARCONA,pending,
distrital,100105,ICA,ICA,PUEBLO NUEVO,pending,
distrital,100106,ICA,ICA,SALAS,pending,
distrital,100107,ICA,ICA,SAN JOSÉ DE LOS MOLINOS,pending,
distrital,100108,ICA,ICA,SAN JUAN BAUTISTA,pending,
distrital,100109,ICA,ICA,SANTIAGO,pending,
distrital,100110,ICA,ICA,SUBTANJALLA,pending,
distrital,100111,ICA,ICA,YAUCA DEL ROSARIO,pending,
distrital,100112,ICA,ICA,TATE,pending,
distrital,100113,ICA,ICA,PACHACUTEC,pending,
distrital,100114,ICA,ICA,OCUCAJE,pending,
distrital,100201,ICA,CHINCHA,CHINCHA ALTA,pending,
distrital,100202,ICA,CHINCHA,CHAVÍN,pending,
distrital,100203,ICA,CHINCHA,CHINCHA BAJA,pending,
distrital,100204,ICA,CHINCHA,EL CARMEN,pending,
distrital,100205,ICA,CHINCHA,GROCIO PRADO,pending,
distrital,100206,ICA,CHINCHA,SAN PEDRO DE HUACARPANA,pending,
distrital,100207,ICA,CHINCHA,SUNAMPE,pending,
distrital,100208,ICA,CHINCHA,TAMBO DE MORA,pending,
distrital,100209,ICA,CHINCHA,ALTO LARAN,pending,
distrital,100210,ICA,CHINCHA,PUEBLO NUEVO,pending,
distrital,100211,ICA,CHINCHA,SAN JUAN DE YANAC,pending,
distrital,100301,ICA,NASCA,NASCA,pending,
distrital,100302,ICA,NASCA,CHANGUILLO,pending,
distrital,100303,ICA,NASCA,EL INGENIO,pending,
distrital,100304,ICA,NASCA,MARCONA,pending,
distrital,100305,ICA,NASCA,VISTA ALEGRE,pending,
distrital,100401,ICA,PISCO,PISCO,pending,
distrital,100402,ICA,PISCO,HUANCANO,pending,
distrital,100403,ICA,PISCO,HUMAY,pending,
distrital,100404,ICA,PISCO,INDEPENDENCIA,pending,
distrital,100405,ICA,PISCO,PARACAS,pending,
distrital,100406,ICA,PISCO,SAN ANDRÉS,pending,
distrital,100407,ICA,PISCO,SAN CLEMENTE,pending,
distrital,100408,ICA,PISCO,TUPAC AMARU INCA,pending,
distrital,100501,ICA,PALPA,PALPA,pending,
distrital,100502,ICA,PALPA,LLIPATA,pending,
distrital,100503,ICA,PALPA,RÍO GRANDE,pending,
distrital,100504,ICA,PALPA,SANTA CRUZ,pending,
distrital,100505,ICA,PALPA,TIBILLO,pending,
distrital,110101,JUNÍN,HUANCAYO,HUANCAYO,pending,
distrital,110103,JUNÍN,HUANCAYO,CARHUACALLANGA,pending,
distrital,110104,JUNÍN,HUANCAYO,COLCA,pending,
distrital,110105,JUNÍN,HUANCAYO,CULLHUAS,pending,
distrital,110106,JUNÍN,HUANCAYO,CHACAPAMPA,pending,
distrital,110107,JUNÍN,HUANCAYO,CHICCHE,pending,
distrital,110108,JUNÍN,HUANCAYO,CHILCA,pending,
distrital,110109,JUNÍN,HUANCAYO,CHONGOS ALTO,pending,
distrital,110112,JUNÍN,HUANCAYO,CHUPURO,pending,
distrital,110113,JUNÍN,HUANCAYO,EL TAMBO,pending,
distrital,110114,JUNÍN,HUANCAYO,HUACRAPUQUIO,pending,
distrital,110116,JUNÍN,HUANCAYO,HUALHUAS,pending,
distrital,110118,JUNÍN,HUANCAYO,HUANCAN,pending,
distrital,110119,JUNÍN,HUANCAYO,HUASICANCHA,pending,
distrital,110120,JUNÍN,HUANCAYO,HUAYUCACHI,pending,
distrital,110121,JUNÍN,HUANCAYO,INGENIO,pending,
distrital,110122,JUNÍN,HUANCAYO,PARIAHUANCA,pending,
distrital,110123,JUNÍN,HUANCAYO,PILCOMAYO,pending,
distrital,110124,JUNÍN,HUANCAYO,PUCARA,pending,
distrital,110125,JUNÍN,HUANCAYO,QUICHUAY,pending,
distrital,110126,JUNÍN,HUANCAYO,QUILCAS,pending,
distrital,110127,JUNÍN,HUANCAYO,SAN AGUSTÍN,pending,
distrital,110128,JUNÍN,HUANCAYO,SAN JERÓNIMO DE TUNÁN,pending,
distrital,110131,JUNÍN,HUANCAYO,SANTO DOMINGO DE ACOBAMBA,pending,
distrital,110132,JUNÍN,HUANCAYO,SAÑO,pending,
distrital,110133,JUNÍN,HUANCAYO,SAPALLANGA,pending,
distrital,110134,JUNÍN,HUANCAYO,SICAYA,pending,
distrital,110136,JUNÍN,HUANCAYO,VIQUES,pending,
distrital,110201,JUNÍN,CONCEPCIÓN,CONCEPCIÓN,pending,
distrital,110202,JUNÍN,CONCEPCIÓN,ACO,pending,
distrital,110203,JUNÍN,CONCEPCIÓN,ANDAMARCA,pending,
distrital,110204,JUNÍN,CONCEPCIÓN,COMAS,pending,
distrital,110205,JUNÍN,CONCEPCIÓN,COCHAS,pending,
distrital,110206,JUNÍN,CONCEPCIÓN,CHAMBARA,pending,
distrital,110207,JUNÍN,CONCEPCIÓN,HEROÍNAS TOLEDO,pending,
distrital,110208,JUNÍN,CONCEPCIÓN,MANZANARES,pending,
distrital,110209,JUNÍN,CONCEPCIÓN,MARISCAL CASTILLA,pending,
distrital,110210,JUNÍN,CONCEPCIÓN,MATAHUASI,pending,
distrital,110211,JUNÍN,CONCEPCIÓN,MITO,pending,
distrital,110212,JUNÍN,CONCEPCIÓN,NUEVE DE JULIO,pending,
distrital,110213,JUNÍN,CONCEPCIÓN,ORCOTUNA,pending,
distrital,110214,JUNÍN,CONCEPCIÓN,SANTA ROSA DE OCOPA,pending,
distrital,110215,JUNÍN,CONCEPCIÓN,SAN JOSÉ DE QUERO,pending,
distrital,110301,JUNÍN,JAUJA,JAUJA,pending,
distrital,110302,JUNÍN,JAUJA,ACOLLA,pending,
distrital,110303,JUNÍN,JAUJA,APATA,pending,
distrital,110304,JUNÍN,JAUJA,ATAURA,pending,
distrital,110305,JUNÍN,JAUJA,CANCHAYLLO,pending,
distrital,110306,JUNÍN,JAUJA,EL MANTARO,pending,
distrital,110307,JUNÍN,JAUJA,HUAMALÍ,pending,
distrital,110308,JUNÍN,JAUJA,HUARIPAMPA,pending,
distrital,110309,JUNÍN,JAUJA,HUERTAS,pending,
distrital,110310,JUNÍN,JAUJA,JANJAILLO,pending,
distrital,110311,JUNÍN,JAUJA,JULCÁN,pending,
distrital,110312,JUNÍN,JAUJA,LEONOR ORDOÑEZ,pending,
distrital,110313,JUNÍN,JAUJA,LLOCLLAPAMPA,pending,
distrital,110314,JUNÍN,JAUJA,MARCO,pending,
distrital,110315,JUNÍN,JAUJA,MASMA,pending,
distrital,110316,JUNÍN,JAUJA,MOLINOS,pending,
distrital,110317,JUNÍN,JAUJA,MONOBAMBA,pending,
distrital,110318,JUNÍN,JAUJA,MUQUI,pending,
distrital,110319,JUNÍN,JAUJA,MUQUIYAUYO,pending,
distrital,110320,JUNÍN,JAUJA,PACA,pending,
distrital,110321,JUNÍN,JAUJA,PACCHA,pending,
distrital,110322,JUNÍN,JAUJA,PANCAN,pending,
distrital,110323,JUNÍN,JAUJA,PARCO,pending,
distrital,110324,JUNÍN,JAUJA,POMACANCHA,pending,
distrital,110325,JUNÍN,JAUJA,RICRAN,pending,
distrital,110326,JUNÍN,JAUJA,SAN LORENZO,pending,
distrital,110327,JUNÍN,JAUJA,SAN PEDRO DE CHUNAN,pending,
distrital,110328,JUNÍN,JAUJA,SINCOS,pending,
distrital,110329,JUNÍN,JAUJA,TUNAN MARCA,pending,
distrital,110330,JUNÍN,JAUJA,YAULI,pending,
distrital,110331,JUNÍN,JAUJA,CURICACA,pending,
distrital,110332,JUNÍN,JAUJA,MASMA CHICCHE,pending,
distrital,110333,JUNÍN,JAUJA,SAUSA,pending,
distrital,110334,JUNÍN,JAUJA,YAUYOS,pending,
distrital,110401,JUNÍN,JUNÍN,JUNÍN,pending,
distrital,110402,JUNÍN,JUNÍN,CARHUAMAYO,pending,
distrital,110403,JUNÍN,JUNÍN,ONDORES,pending,
distrital,110404,JUNÍN,JUNÍN,ULCUMAYO,pending,
distrital,110501,JUNÍN,TARMA,TARMA,pending,
distrital,110502,JUNÍN,TARMA,ACOBAMBA,pending,
distrital,110503,JUNÍN,TARMA,HUARICOLCA,pending,
distrital,110504,JUNÍN,TARMA,HUASAHUASI,pending,
distrital,110505,JUNÍN,TARMA,LA UNIÓN,pending,
distrital,110506,JUNÍN,TARMA,PALCA,pending,
distrital,110507,JUNÍN,TARMA,PALCAMAYO,pending,
distrital,110508,JUNÍN,TARMA,SAN PEDRO DE CAJAS,pending,
distrital,110509,JUNÍN,TARMA,TAPO,pending,
distrital,110601,JUNÍN,YAULI,LA OROYA,pending,
distrital,110602,JUNÍN,YAULI,CHACAPALPA,pending,
distrital,110603,JUNÍN,YAULI,HUAY-HUAY,pending,
distrital,110604,JUNÍN,YAULI,MARCAPOMACOCHA,pending,
distrital,110605,JUNÍN,YAULI,MOROCOCHA,pending,
distrital,110606,JUNÍN,YAULI,PACCHA,pending,
distrital,110607,JUNÍN,YAULI,SANTA BÁRBARA DE CARHUACAYÁN,pending,
distrital,110608,JUNÍN,YAULI,SUITUCANCHA,pending,
distrital,110609,JUNÍN,YAULI,YAULI,pending,
distrital,110610,JUNÍN,YAULI,SANTA ROSA DE SACCO,pending,
distrital,110701,JUNÍN,SATIPO,SATIPO,pending,
distrital,110702,JUNÍN,SATIPO,COVIRIALI,pending,
distrital,110703,JUNÍN,SATIPO,LLAYLLA,pending,
distrital,110704,JUNÍN,SATIPO,MAZAMARI,pending,
distrital,110705,JUNÍN,SATIPO,PAMPA HERMOSA,pending,
distrital,110706,JUNÍN,SATIPO,PANGOA,pending,
distrital,110707,JUNÍN,SATIPO,RÍO NEGRO,pending,
distrital,110708,JUNÍN,SATIPO,RÍO TAMBO,pending,
distrital,110709,JUNÍN,SATIPO,VIZCATÁN DEL ENE,pending,
distrital,110801,JUNÍN,CHANCHAMAYO,CHANCHAMAYO,pending,
distrital,110802,JUNÍN,CHANCHAMAYO,SAN RAMÓN,pending,
distrital,110803,JUNÍN,CHANCHAMAYO,VITOC,pending,
distrital,110804,JUNÍN,CHANCHAMAYO,SAN LUIS DE SHUARO,pending,
distrital,110805,JUNÍN,CHANCHAMAYO,PICHANAQUI,pending,
distrital,110806,JUNÍN,CHANCHAMAYO,PERENÉ,pending,
distrital,110901,JUNÍN,CHUPACA,CHUPACA,pending,
distrital,110902,JUNÍN,CHUPACA,AHUAC,pending,
distrital,110903,JUNÍN,CHUPACA,CHONGOS BAJO,pending,
distrital,110904,JUNÍN,CHUPACA,HUACHAC,pending,
distrital,110905,JUNÍN,CHUPACA,HUAMANCACA CHICO,pending,
distrital,110906,JUNÍN,CHUPACA,SAN JUAN DE ISCOS,pending,
distrital,110907,JUNÍN,CHUPACA,SAN JUAN DE JARPA,pending,
distrital,110908,JUNÍN,CHUPACA,TRES DE DICIEMBRE,pending,
distrital,110909,JUNÍN,CHUPACA,YANACANCHA,pending,
distrital,120101,LA LIBERTAD,TRUJILLO,TRUJILLO,pending,
distrital,120102,LA LIBERTAD,TRUJILLO,HUANCHACO,pending,
distrital,120103,LA LIBERTAD,TRUJILLO,LAREDO,pending,
distrital,120104,LA LIBERTAD,TRUJILLO,MOCHE,pending,
distrital,120105,LA LIBERTAD,TRUJILLO,SALAVERRY,pending,
distrital,120106,LA LIBERTAD,TRUJILLO,SIMBAL,pending,
distrital,120107,LA LIBERTAD,TRUJILLO,VÍCTOR LARCO HERRERA,pending,
distrital,120109,LA LIBERTAD,TRUJILLO,POROTO,pending,
distrital,120110,LA LIBERTAD,TRUJILLO,EL PORVENIR,pending,
distrital,120111,LA LIBERTAD,TRUJILLO,LA ESPERANZA,pending,
distrital,120112,LA LIBERTAD,TRUJILLO,FLORENCIA DE MORA,pending,
distrital,120113,LA LIBERTAD,TRUJILLO,ALTO TRUJILLO,pending,
distrital,120201,LA LIBERTAD,BOLÍVAR,BOLÍVAR,pending,
distrital,120202,LA LIBERTAD,BOLÍVAR,BAMBAMARCA,pending,
distrital,120203,LA LIBERTAD,BOLÍVAR,CONDORMARCA,pending,
distrital,120204,LA LIBERTAD,BOLÍVAR,LONGOTEA,pending,
distrital,120205,LA LIBERTAD,BOLÍVAR,UCUNCHA,pending,
distrital,120206,LA LIBERTAD,BOLÍVAR,UCHUMARCA,pending,
distrital,120301,LA LIBERTAD,SÁNCHEZ CARRIÓN,HUAMACHUCO,pending,
distrital,120302,LA LIBERTAD,SÁNCHEZ CARRIÓN,COCHORCO,pending,
distrital,120303,LA LIBERTAD,SÁNCHEZ CARRIÓN,CURGOS,pending,
distrital,120304,LA LIBERTAD,SÁNCHEZ CARRIÓN,CHUGAY,pending,
distrital,120305,LA LIBERTAD,SÁNCHEZ CARRIÓN,MARCABAL,pending,
distrital,120306,LA LIBERTAD,SÁNCHEZ CARRIÓN,SANAGORÁN,pending,
distrital,120307,LA LIBERTAD,SÁNCHEZ CARRIÓN,SARÍN,pending,
distrital,120308,LA LIBERTAD,SÁNCHEZ CARRIÓN,SARTIMBAMBA,pending,
distrital,120401,LA LIBERTAD,OTUZCO,OTUZCO,pending,
distrital,120402,LA LIBERTAD,OTUZCO,AGALLPAMPA,pending,
distrital,120403,LA LIBERTAD,OTUZCO,CHARAT,pending,
distrital,120404,LA LIBERTAD,OTUZCO,HUARANCHAL,pending,
distrital,120405,LA LIBERTAD,OTUZCO,LA CUESTA,pending,
distrital,120408,LA LIBERTAD,OTUZCO,PARANDAY,pending,
distrital,120409,LA LIBERTAD,OTUZCO,SALPO,pending,
distrital,120410,LA LIBERTAD,OTUZCO,SINSICAP,pending,
distrital,120411,LA LIBERTAD,OTUZCO,USQUIL,pending,
distrital,120413,LA LIBERTAD,OTUZCO,MACHE,pending,
distrital,120501,LA LIBERTAD,PACASMAYO,SAN PEDRO DE LLOC,pending,
distrital,120503,LA LIBERTAD,PACASMAYO,GUADALUPE,pending,
distrital,120504,LA LIBERTAD,PACASMAYO,JEQUETEPEQUE,pending,
distrital,120506,LA LIBERTAD,PACASMAYO,PACASMAYO,pending,
distrital,120508,LA LIBERTAD,PACASMAYO,SAN JOSÉ,pending,
distrital,120601,LA LIBERTAD,PATAZ,TAYABAMBA,pending,
distrital,120602,LA LIBERTAD,PATAZ,BULDIBUYO,pending,
distrital,120603,LA LIBERTAD,PATAZ,CHILLIA,pending,
distrital,120604,LA LIBERTAD,PATAZ,HUAYLILLAS,pending,
distrital,120605,LA LIBERTAD,PATAZ,HUANCASPATA,pending,
distrital,120606,LA LIBERTAD,PATAZ,HUAYO,pending,
distrital,120607,LA LIBERTAD,PATAZ,ONGON,pending,
distrital,120608,LA LIBERTAD,PATAZ,PARCOY,pending,
distrital,120609,LA LIBERTAD,PATAZ,PATAZ,pending,
distrital,120610,LA LIBERTAD,PATAZ,PIÁS,pending,
distrital,120611,LA LIBERTAD,PATAZ,TAURIJA,pending,
distrital,120612,LA LIBERTAD,PATAZ,URPAY,pending,
distrital,120613,LA LIBERTAD,PATAZ,SANTIAGO DE CHALLAS,pending,
distrital,120701,LA LIBERTAD,SANTIAGO DE CHUCO,SANTIAGO DE CHUCO,pending,
distrital,120702,LA LIBERTAD,SANTIAGO DE CHUCO,CACHICADAN,pending,
distrital,120703,LA LIBERTAD,SANTIAGO DE CHUCO,MOLLEBAMBA,pending,
distrital,120704,LA LIBERTAD,SANTIAGO DE CHUCO,MOLLEPATA,pending,
distrital,120705,LA LIBERTAD,SANTIAGO DE CHUCO,QUIRUVILCA,pending,
distrital,120706,LA LIBERTAD,SANTIAGO DE CHUCO,SANTA CRUZ DE CHUCA,pending,
distrital,120707,LA LIBERTAD,SANTIAGO DE CHUCO,SITABAMBA,pending,
distrital,120708,LA LIBERTAD,SANTIAGO DE CHUCO,ANGASMARCA,pending,
distrital,120801,LA LIBERTAD,ASCOPE,ASCOPE,pending,
distrital,120802,LA LIBERTAD,ASCOPE,CHICAMA,pending,
distrital,120803,LA LIBERTAD,ASCOPE,CHOCOPE,pending,
distrital,120804,LA LIBERTAD,ASCOPE,SANTIAGO DE CAO,pending,
distrital,120805,LA LIBERTAD,ASCOPE,MAGDALENA DE CAO,pending,
distrital,120806,LA LIBERTAD,ASCOPE,PAIJÁN,pending,
distrital,120807,LA LIBERTAD,ASCOPE,RÁZURI,pending,
distrital,120808,LA LIBERTAD,ASCOPE,CASA GRANDE,pending,
distrital,120901,LA LIBERTAD,CHEPÉN,CHEPÉN,pending,
distrital,120902,LA LIBERTAD,CHEPÉN,PACANGA,pending,
distrital,120903,LA LIBERTAD,CHEPÉN,PUEBLO NUEVO,pending,
distrital,121001,LA LIBERTAD,JULCÁN,JULCÁN,pending,
distrital,121002,LA LIBERTAD,JULCÁN,CARABAMBA,pending,
distrital,121003,LA LIBERTAD,JULCÁN,CALAMARCA,pending,
distrital,121004,LA LIBERTAD,JULCÁN,HUASO,pending,
distrital,121101,LA LIBERTAD,GRAN CHIMÚ,CASCAS,pending,
distrital,121102,LA LIBERTAD,GRAN CHIMÚ,LUCMA,pending,
distrital,121103,LA LIBERTAD,GRAN CHIMÚ,MARMOT,pending,
distrital,121104,LA LIBERTAD,GRAN CHIMÚ,SAYAPULLO,pending,
distrital,121201,LA LIBERTAD,VIRÚ,VIRÚ,pending,
distrital,121202,LA LIBERTAD,VIRÚ,CHAO,pending,
distrital,121203,LA LIBERTAD,VIRÚ,GUADALUPITO,pending,
distrital,130101,LAMBAYEQUE,CHICLAYO,CHICLAYO,pending,
distrital,130102,LAMBAYEQUE,CHICLAYO,CHONGOYAPE,pending,
distrital,130103,LAMBAYEQUE,CHICLAYO,ETEN,pending,
distrital,130104,LAMBAYEQUE,CHICLAYO,ETEN PUERTO,pending,
distrital,130105,LAMBAYEQUE,CHICLAYO,LAGUNAS,pending,
distrital,130106,LAMBAYEQUE,CHICLAYO,MONSEFÚ,pending,
distrital,130107,LAMBAYEQUE,CHICLAYO,NUEVA ARICA,pending,
distrital,130108,LAMBAYEQUE,CHICLAYO,OYOTÚN,pending,
distrital,130109,LAMBAYEQUE,CHICLAYO,PICSÍ,pending,
distrital,130110,LAMBAYEQUE,CHICLAYO,PIMENTEL,pending,
distrital,130111,LAMBAYEQUE,CHICLAYO,REQUE,pending,
distrital,130112,LAMBAYEQUE,CHICLAYO,JOSÉ LEONARDO ORTIZ,pending,
distrital,130113,LAMBAYEQUE,CHICLAYO,SANTA ROSA,pending,
distrital,130114,LAMBAYEQUE,CHICLAYO,SAÑA,pending,
distrital,130115,LAMBAYEQUE,CHICLAYO,LA VICTORIA,pending,
distrital,130116,LAMBAYEQUE,CHICLAYO,CAYALTÍ,pending,
distrital,130117,LAMBAYEQUE,CHICLAYO,PÁTAPO,pending,
distrital,130118,LAMBAYEQUE,CHICLAYO,POMALCA,pending,
distrital,130119,LAMBAYEQUE,CHICLAYO,PUCALÁ,pending,
distrital,130120,LAMBAYEQUE,CHICLAYO,TUMÁN,pending,
distrital,130201,LAMBAYEQUE,FERREÑAFE,FERREÑAFE,pending,
distrital,130202,LAMBAYEQUE,FERREÑAFE,INCAHUASI,pending,
distrital,130203,LAMBAYEQUE,FERREÑAFE,CAÑARIS,pending,
distrital,130204,LAMBAYEQUE,FERREÑAFE,PITIPO,pending,
distrital,130205,LAMBAYEQUE,FERREÑAFE,PUEBLO NUEVO,pending,
distrital,130206,LAMBAYEQUE,FERREÑAFE,MANUEL ANTONIO MESONES MURO,pending,
distrital,130301,LAMBAYEQUE,LAMBAYEQUE,LAMBAYEQUE,pending,
distrital,130302,LAMBAYEQUE,LAMBAYEQUE,CHOCHOPE,pending,
distrital,130303,LAMBAYEQUE,LAMBAYEQUE,ÍLLIMO,pending,
distrital,130304,LAMBAYEQUE,LAMBAYEQUE,JAYANCA,pending,
distrital,130305,LAMBAYEQUE,LAMBAYEQUE,MOCHUMÍ,pending,
distrital,130306,LAMBAYEQUE,LAMBAYEQUE,MÓRROPE,pending,
distrital,130307,LAMBAYEQUE,LAMBAYEQUE,MOTUPE,pending,
distrital,130308,LAMBAYEQUE,LAMBAYEQUE,OLMOS,pending,
distrital,130309,LAMBAYEQUE,LAMBAYEQUE,PACORA,pending,
distrital,130310,LAMBAYEQUE,LAMBAYEQUE,SALAS,pending,
distrital,130311,LAMBAYEQUE,LAMBAYEQUE,SAN JOSÉ,pending,
distrital,130312,LAMBAYEQUE,LAMBAYEQUE,TÚCUME,pending,
distrital,140101,LIMA,LIMA,LIMA,not_applicable,No figura como elección municipal distrital en las opciones oficiales de su provincia.
distrital,140102,LIMA,LIMA,ANCÓN,downloaded,
distrital,140103,LIMA,LIMA,ATE,downloaded,
distrital,140104,LIMA,LIMA,BREÑA,downloaded,
distrital,140105,LIMA,LIMA,CARABAYLLO,downloaded,
distrital,140106,LIMA,LIMA,COMAS,downloaded,
distrital,140107,LIMA,LIMA,CHACLACAYO,downloaded,
distrital,140108,LIMA,LIMA,CHORRILLOS,downloaded,
distrital,140109,LIMA,LIMA,LA VICTORIA,downloaded,
distrital,140110,LIMA,LIMA,LA MOLINA,downloaded,
distrital,140111,LIMA,LIMA,LINCE,downloaded,
distrital,140112,LIMA,LIMA,LURIGANCHO,downloaded,
distrital,140113,LIMA,LIMA,LURÍN,downloaded,
distrital,140114,LIMA,LIMA,MAGDALENA DEL MAR,downloaded,
distrital,140115,LIMA,LIMA,MIRAFLORES,downloaded,
distrital,140116,LIMA,LIMA,PACHACÁMAC,downloaded,
distrital,140117,LIMA,LIMA,PUEBLO LIBRE,downloaded,
distrital,140118,LIMA,LIMA,PUCUSANA,downloaded,
distrital,140119,LIMA,LIMA,PUENTE PIEDRA,downloaded,
distrital,140120,LIMA,LIMA,PUNTA HERMOSA,downloaded,
distrital,140121,LIMA,LIMA,PUNTA NEGRA,downloaded,
distrital,140122,LIMA,LIMA,RÍMAC,downloaded,
distrital,140123,LIMA,LIMA,SAN BARTOLO,downloaded,
distrital,140124,LIMA,LIMA,SAN ISIDRO,downloaded,
distrital,140125,LIMA,LIMA,BARRANCO,downloaded,
distrital,140126,LIMA,LIMA,SAN MARTÍN DE PORRES,downloaded,
distrital,140127,LIMA,LIMA,SAN MIGUEL,downloaded,
distrital,140128,LIMA,LIMA,SANTA MARÍA DEL MAR,downloaded,
distrital,140129,LIMA,LIMA,SANTA ROSA,downloaded,
distrital,140130,LIMA,LIMA,SANTIAGO DE SURCO,downloaded,
distrital,140131,LIMA,LIMA,SURQUILLO,downloaded,
distrital,140132,LIMA,LIMA,VILLA MARÍA DEL TRIUNFO,downloaded,
distrital,140133,LIMA,LIMA,JESÚS MARÍA,downloaded,
distrital,140134,LIMA,LIMA,INDEPENDENCIA,downloaded,
distrital,140135,LIMA,LIMA,EL AGUSTINO,downloaded,
distrital,140136,LIMA,LIMA,SAN JUAN DE MIRAFLORES,downloaded,
distrital,140137,LIMA,LIMA,SAN JUAN DE LURIGANCHO,downloaded,
distrital,140138,LIMA,LIMA,SAN LUIS,downloaded,
distrital,140139,LIMA,LIMA,CIENEGUILLA,downloaded,
distrital,140140,LIMA,LIMA,SAN BORJA,downloaded,
distrital,140141,LIMA,LIMA,VILLA EL SALVADOR,downloaded,
distrital,140142,LIMA,LIMA,LOS OLIVOS,downloaded,
distrital,140143,LIMA,LIMA,SANTA ANITA,downloaded,
distrital,140201,LIMA,CAJATAMBO,CAJATAMBO,pending,
distrital,140205,LIMA,CAJATAMBO,COPA,pending,
distrital,140206,LIMA,CAJATAMBO,GORGOR,pending,
distrital,140207,LIMA,CAJATAMBO,HUANCAPON,pending,
distrital,140208,LIMA,CAJATAMBO,MANAS,pending,
distrital,140301,LIMA,CANTA,CANTA,pending,
distrital,140302,LIMA,CANTA,ARAHUAY,pending,
distrital,140303,LIMA,CANTA,HUAMANTANGA,pending,
distrital,140304,LIMA,CANTA,HUAROS,pending,
distrital,140305,LIMA,CANTA,LACHAQUI,pending,
distrital,140306,LIMA,CANTA,SAN BUENAVENTURA,pending,
distrital,140307,LIMA,CANTA,SANTA ROSA DE QUIVES,pending,
distrital,140401,LIMA,CAÑETE,SAN VICENTE DE CAÑETE,pending,
distrital,140402,LIMA,CAÑETE,CALANGO,pending,
distrital,140403,LIMA,CAÑETE,CERRO AZUL,pending,
distrital,140404,LIMA,CAÑETE,COAYLLO,pending,
distrital,140405,LIMA,CAÑETE,CHILCA,pending,
distrital,140406,LIMA,CAÑETE,IMPERIAL,pending,
distrital,140407,LIMA,CAÑETE,LUNAHUANA,pending,
distrital,140408,LIMA,CAÑETE,MALA,pending,
distrital,140409,LIMA,CAÑETE,NUEVO IMPERIAL,pending,
distrital,140410,LIMA,CAÑETE,PACARAN,pending,
distrital,140411,LIMA,CAÑETE,QUILMANA,pending,
distrital,140412,LIMA,CAÑETE,SAN ANTONIO,pending,
distrital,140413,LIMA,CAÑETE,SAN LUIS,pending,
distrital,140414,LIMA,CAÑETE,SANTA CRUZ DE FLORES,pending,
distrital,140415,LIMA,CAÑETE,ZUÑIGA,pending,
distrital,140416,LIMA,CAÑETE,ASIA,pending,
distrital,140501,LIMA,HUAURA,HUACHO,pending,
distrital,140502,LIMA,HUAURA,AMBAR,pending,
distrital,140504,LIMA,HUAURA,CALETA DE CARQUIN,pending,
distrital,140505,LIMA,HUAURA,CHECRAS,pending,
distrital,140506,LIMA,HUAURA,HUALMAY,pending,
distrital,140507,LIMA,HUAURA,HUAURA,pending,
distrital,140508,LIMA,HUAURA,LEONCIO PRADO,pending,
distrital,140509,LIMA,HUAURA,PACCHO,pending,
distrital,140511,LIMA,HUAURA,SANTA LEONOR,pending,
distrital,140512,LIMA,HUAURA,SANTA MARÍA,pending,
distrital,140513,LIMA,HUAURA,SAYAN,pending,
distrital,140516,LIMA,HUAURA,VEGUETA,pending,
distrital,140601,LIMA,HUAROCHIRÍ,MATUCANA,pending,
distrital,140602,LIMA,HUAROCHIRÍ,ANTIOQUIA,pending,
distrital,140603,LIMA,HUAROCHIRÍ,CALLAHUANCA,pending,
distrital,140604,LIMA,HUAROCHIRÍ,CARAMPOMA,pending,
distrital,140605,LIMA,HUAROCHIRÍ,SAN PEDRO DE CASTA,pending,
distrital,140606,LIMA,HUAROCHIRÍ,CUENCA,pending,
distrital,140607,LIMA,HUAROCHIRÍ,CHICLA,pending,
distrital,140608,LIMA,HUAROCHIRÍ,HUANZA,pending,
distrital,140609,LIMA,HUAROCHIRÍ,HUAROCHIRÍ,pending,
distrital,140610,LIMA,HUAROCHIRÍ,LAHUAYTAMBO,pending,
distrital,140611,LIMA,HUAROCHIRÍ,LANGA,pending,
distrital,140612,LIMA,HUAROCHIRÍ,MARIATANA,pending,
distrital,140613,LIMA,HUAROCHIRÍ,RICARDO PALMA,pending,
distrital,140614,LIMA,HUAROCHIRÍ,SAN ANDRÉS DE TUPICOCHA,pending,
distrital,140615,LIMA,HUAROCHIRÍ,SAN ANTONIO,pending,
distrital,140616,LIMA,HUAROCHIRÍ,SAN BARTOLOMÉ,pending,
distrital,140617,LIMA,HUAROCHIRÍ,SAN DAMIÁN,pending,
distrital,140618,LIMA,HUAROCHIRÍ,SANGALLAYA,pending,
distrital,140619,LIMA,HUAROCHIRÍ,SAN JUAN DE TANTARANCHE,pending,
distrital,140620,LIMA,HUAROCHIRÍ,SAN LORENZO DE QUINTI,pending,
distrital,140621,LIMA,HUAROCHIRÍ,SAN MATEO,pending,
distrital,140622,LIMA,HUAROCHIRÍ,SAN MATEO DE OTAO,pending,
distrital,140623,LIMA,HUAROCHIRÍ,SAN PEDRO DE HUANCAYRE,pending,
distrital,140624,LIMA,HUAROCHIRÍ,SANTA CRUZ DE COCACHACRA,pending,
distrital,140625,LIMA,HUAROCHIRÍ,SANTA EULALIA,pending,
distrital,140626,LIMA,HUAROCHIRÍ,SANTIAGO DE ANCHUCAYA,pending,
distrital,140627,LIMA,HUAROCHIRÍ,SANTIAGO DE TUNA,pending,
distrital,140628,LIMA,HUAROCHIRÍ,SANTO DOMINGO DE LOS OLLEROS,pending,
distrital,140629,LIMA,HUAROCHIRÍ,SURCO,pending,
distrital,140630,LIMA,HUAROCHIRÍ,HUACHUPAMPA,pending,
distrital,140631,LIMA,HUAROCHIRÍ,SAN PEDRO DE LARAOS,pending,
distrital,140632,LIMA,HUAROCHIRÍ,SAN JUAN DE IRIS,pending,
distrital,140701,LIMA,YAUYOS,YAUYOS,pending,
distrital,140702,LIMA,YAUYOS,ALIS,pending,
distrital,140703,LIMA,YAUYOS,ALLAUCA,pending,
distrital,140704,LIMA,YAUYOS,AYAVIRI,pending,
distrital,140705,LIMA,YAUYOS,AZÁNGARO,pending,
distrital,140706,LIMA,YAUYOS,CACRA,pending,
distrital,140707,LIMA,YAUYOS,CARANIA,pending,
distrital,140708,LIMA,YAUYOS,COCHAS,pending,
distrital,140709,LIMA,YAUYOS,COLONIA,pending,
distrital,140710,LIMA,YAUYOS,CHOCOS,pending,
distrital,140711,LIMA,YAUYOS,HUAMPARA,pending,
distrital,140712,LIMA,YAUYOS,HUANCAYA,pending,
distrital,140713,LIMA,YAUYOS,HUANGASCAR,pending,
distrital,140714,LIMA,YAUYOS,HUANTAN,pending,
distrital,140715,LIMA,YAUYOS,HUAÑEC,pending,
distrital,140716,LIMA,YAUYOS,LARAOS,pending,
distrital,140717,LIMA,YAUYOS,LINCHA,pending,
distrital,140718,LIMA,YAUYOS,MIRAFLORES,pending,
distrital,140719,LIMA,YAUYOS,OMAS,pending,
distrital,140720,LIMA,YAUYOS,QUINCHES,pending,
distrital,140721,LIMA,YAUYOS,QUINOCAY,pending,
distrital,140722,LIMA,YAUYOS,SAN JOAQUÍN,pending,
distrital,140723,LIMA,YAUYOS,SAN PEDRO DE PILAS,pending,
distrital,140724,LIMA,YAUYOS,TANTA,pending,
distrital,140725,LIMA,YAUYOS,TAURIPAMPA,pending,
distrital,140726,LIMA,YAUYOS,TUPE,pending,
distrital,140727,LIMA,YAUYOS,TOMÁS,pending,
distrital,140728,LIMA,YAUYOS,VIÑAC,pending,
distrital,140729,LIMA,YAUYOS,VITIS,pending,
distrital,140730,LIMA,YAUYOS,HONGOS,pending,
distrital,140731,LIMA,YAUYOS,MADEAN,pending,
distrital,140732,LIMA,YAUYOS,PUTINZA,pending,
distrital,140733,LIMA,YAUYOS,CATAHUASI,pending,
distrital,140801,LIMA,HUARAL,HUARAL,pending,
distrital,140802,LIMA,HUARAL,ATAVILLOS ALTO,pending,
distrital,140803,LIMA,HUARAL,ATAVILLOS BAJO,pending,
distrital,140804,LIMA,HUARAL,AUCALLAMA,pending,
distrital,140805,LIMA,HUARAL,CHANCAY,pending,
distrital,140806,LIMA,HUARAL,IHUARI,pending,
distrital,140807,LIMA,HUARAL,LAMPIAN,pending,
distrital,140808,LIMA,HUARAL,PACARAOS,pending,
distrital,140809,LIMA,HUARAL,SAN MIGUEL DE ACOS,pending,
distrital,140810,LIMA,HUARAL,VEINTISIETE DE NOVIEMBRE,pending,
distrital,140811,LIMA,HUARAL,SANTA CRUZ DE ANDAMARCA,pending,
distrital,140812,LIMA,HUARAL,SUMBILCA,pending,
distrital,140901,LIMA,BARRANCA,BARRANCA,pending,
distrital,140902,LIMA,BARRANCA,PARAMONGA,pending,
distrital,140903,LIMA,BARRANCA,PATIVILCA,pending,
distrital,140904,LIMA,BARRANCA,SUPE,pending,
distrital,140905,LIMA,BARRANCA,SUPE PUERTO,pending,
distrital,141001,LIMA,OYÓN,OYÓN,pending,
distrital,141002,LIMA,OYÓN,NAVAN,pending,
distrital,141003,LIMA,OYÓN,CAUJUL,pending,
distrital,141004,LIMA,OYÓN,ANDAJES,pending,
distrital,141005,LIMA,OYÓN,PACHANGARA,pending,
distrital,141006,LIMA,OYÓN,COCHAMARCA,pending,
distrital,150101,LORETO,MAYNAS,IQUITOS,pending,
distrital,150102,LORETO,MAYNAS,ALTO NANAY,pending,
distrital,150103,LORETO,MAYNAS,FERNANDO LORES,pending,
distrital,150104,LORETO,MAYNAS,LAS AMAZONAS,pending,
distrital,150105,LORETO,MAYNAS,MAZAN,pending,
distrital,150106,LORETO,MAYNAS,NAPO,pending,
distrital,150108,LORETO,MAYNAS,TORRES CAUSANA,pending,
distrital,150110,LORETO,MAYNAS,INDIANA,pending,
distrital,150111,LORETO,MAYNAS,PUNCHANA,pending,
distrital,150112,LORETO,MAYNAS,BELÉN,pending,
distrital,150113,LORETO,MAYNAS,SAN JUAN BAUTISTA,pending,
distrital,150201,LORETO,ALTO AMAZONAS,YURIMAGUAS,pending,
distrital,150202,LORETO,ALTO AMAZONAS,BALSAPUERTO,pending,
distrital,150205,LORETO,ALTO AMAZONAS,JEBEROS,pending,
distrital,150206,LORETO,ALTO AMAZONAS,LAGUNAS,pending,
distrital,150210,LORETO,ALTO AMAZONAS,SANTA CRUZ,pending,
distrital,150211,LORETO,ALTO AMAZONAS,TENIENTE CÉSAR LÓPEZ ROJAS,pending,
distrital,150301,LORETO,LORETO,NAUTA,pending,
distrital,150302,LORETO,LORETO,PARINARI,pending,
distrital,150303,LORETO,LORETO,TIGRE,pending,
distrital,150304,LORETO,LORETO,URARINAS,pending,
distrital,150305,LORETO,LORETO,TROMPETEROS,pending,
distrital,150401,LORETO,REQUENA,REQUENA,pending,
distrital,150402,LORETO,REQUENA,ALTO TAPICHE,pending,
distrital,150403,LORETO,REQUENA,CAPELO,pending,
distrital,150404,LORETO,REQUENA,EMILIO SAN MARTÍN,pending,
distrital,150405,LORETO,REQUENA,MAQUIA,pending,
distrital,150406,LORETO,REQUENA,PUINAHUA,pending,
distrital,150407,LORETO,REQUENA,SAQUENA,pending,
distrital,150408,LORETO,REQUENA,SOPLIN,pending,
distrital,150409,LORETO,REQUENA,TAPICHE,pending,
distrital,150410,LORETO,REQUENA,JENARO HERRERA,pending,
distrital,150411,LORETO,REQUENA,YAQUERANA,pending,
distrital,150501,LORETO,UCAYALI,CONTAMANA,pending,
distrital,150502,LORETO,UCAYALI,VARGAS GUERRA,pending,
distrital,150503,LORETO,UCAYALI,PADRE MÁRQUEZ,pending,
distrital,150504,LORETO,UCAYALI,PAMPA HERMOSA,pending,
distrital,150505,LORETO,UCAYALI,SARAYACU,pending,
distrital,150506,LORETO,UCAYALI,INAHUAYA,pending,
distrital,150601,LORETO,MARISCAL RAMÓN CASTILLA,RAMÓN CASTILLA,pending,
distrital,150602,LORETO,MARISCAL RAMÓN CASTILLA,PEBAS,pending,
distrital,150603,LORETO,MARISCAL RAMÓN CASTILLA,YAVARI,pending,
distrital,150604,LORETO,MARISCAL RAMÓN CASTILLA,SAN PABLO,pending,
distrital,150605,LORETO,MARISCAL RAMÓN CASTILLA,SANTA ROSA DE LORETO,pending,
distrital,150701,LORETO,DATEM DEL MARAÑÓN,BARRANCA,pending,
distrital,150702,LORETO,DATEM DEL MARAÑÓN,ANDOAS,pending,
distrital,150703,LORETO,DATEM DEL MARAÑÓN,CAHUAPANAS,pending,
distrital,150704,LORETO,DATEM DEL MARAÑÓN,MANSERICHE,pending,
distrital,150705,LORETO,DATEM DEL MARAÑÓN,MORONA,pending,
distrital,150706,LORETO,DATEM DEL MARAÑÓN,PASTAZA,pending,
distrital,150901,LORETO,PUTUMAYO,PUTUMAYO,pending,
distrital,150902,LORETO,PUTUMAYO,ROSA PANDURO,pending,
distrital,150903,LORETO,PUTUMAYO,TENIENTE MANUEL CLAVERO,pending,
distrital,150904,LORETO,PUTUMAYO,YAGUAS,pending,
distrital,160101,MADRE DE DIOS,TAMBOPATA,TAMBOPATA,pending,
distrital,160102,MADRE DE DIOS,TAMBOPATA,INAMBARI,pending,
distrital,160103,MADRE DE DIOS,TAMBOPATA,LAS PIEDRAS,pending,
distrital,160104,MADRE DE DIOS,TAMBOPATA,LABERINTO,pending,
distrital,160201,MADRE DE DIOS,MANÚ,MANÚ,pending,
distrital,160202,MADRE DE DIOS,MANÚ,FITZCARRALD,pending,
distrital,160203,MADRE DE DIOS,MANÚ,MADRE DE DIOS,pending,
distrital,160204,MADRE DE DIOS,MANÚ,HUEPETUHE,pending,
distrital,160301,MADRE DE DIOS,TAHUAMANÚ,IÑAPARÍ,pending,
distrital,160302,MADRE DE DIOS,TAHUAMANÚ,IBERIA,pending,
distrital,160303,MADRE DE DIOS,TAHUAMANÚ,TAHUAMANÚ,pending,
distrital,170101,MOQUEGUA,MARISCAL NIETO,MOQUEGUA,pending,
distrital,170102,MOQUEGUA,MARISCAL NIETO,CARUMAS,pending,
distrital,170103,MOQUEGUA,MARISCAL NIETO,CUCHUMBAYA,pending,
distrital,170104,MOQUEGUA,MARISCAL NIETO,SAN CRISTÓBAL,pending,
distrital,170105,MOQUEGUA,MARISCAL NIETO,TORATA,pending,
distrital,170106,MOQUEGUA,MARISCAL NIETO,SAMEGUA,pending,
distrital,170107,MOQUEGUA,MARISCAL NIETO,SAN ANTONIO,pending,
distrital,170201,MOQUEGUA,GENERAL SÁNCHEZ CERRO,OMATE,pending,
distrital,170202,MOQUEGUA,GENERAL SÁNCHEZ CERRO,COALAQUE,pending,
distrital,170203,MOQUEGUA,GENERAL SÁNCHEZ CERRO,CHOJATA,pending,
distrital,170204,MOQUEGUA,GENERAL SÁNCHEZ CERRO,ICHUÑA,pending,
distrital,170205,MOQUEGUA,GENERAL SÁNCHEZ CERRO,LA CAPILLA,pending,
distrital,170206,MOQUEGUA,GENERAL SÁNCHEZ CERRO,LLOQUE,pending,
distrital,170207,MOQUEGUA,GENERAL SÁNCHEZ CERRO,MATALAQUE,pending,
distrital,170208,MOQUEGUA,GENERAL SÁNCHEZ CERRO,PUQUINA,pending,
distrital,170209,MOQUEGUA,GENERAL SÁNCHEZ CERRO,QUINISTAQUILLAS,pending,
distrital,170210,MOQUEGUA,GENERAL SÁNCHEZ CERRO,UBINAS,pending,
distrital,170211,MOQUEGUA,GENERAL SÁNCHEZ CERRO,YUNGA,pending,
distrital,170301,MOQUEGUA,ILO,ILO,pending,
distrital,170302,MOQUEGUA,ILO,EL ALGARROBAL,pending,
distrital,170303,MOQUEGUA,ILO,PACOCHA,pending,
distrital,180101,PASCO,PASCO,CHAUPIMARCA,pending,
distrital,180103,PASCO,PASCO,HUACHÓN,pending,
distrital,180104,PASCO,PASCO,HUARIACA,pending,
distrital,180105,PASCO,PASCO,HUAYLLAY,pending,
distrital,180106,PASCO,PASCO,NINACACA,pending,
distrital,180107,PASCO,PASCO,PALLANCHACRA,pending,
distrital,180108,PASCO,PASCO,PAUCARTAMBO,pending,
distrital,180109,PASCO,PASCO,SAN FRANCISCO DE ASÍS DE YARUSYACÁN,pending,
distrital,180110,PASCO,PASCO,SIMÓN BOLÍVAR,pending,
distrital,180111,PASCO,PASCO,TICLACAYÁN,pending,
distrital,180112,PASCO,PASCO,TINYAHUARCO,pending,
distrital,180113,PASCO,PASCO,VICCO,pending,
distrital,180114,PASCO,PASCO,YANACANCHA,pending,
distrital,180201,PASCO,DANIEL ALCIDES CARRIÓN,YANAHUANCA,pending,
distrital,180202,PASCO,DANIEL ALCIDES CARRIÓN,CHACAYÁN,pending,
distrital,180203,PASCO,DANIEL ALCIDES CARRIÓN,GOYLLARISQUIZGA,pending,
distrital,180204,PASCO,DANIEL ALCIDES CARRIÓN,PAUCAR,pending,
distrital,180205,PASCO,DANIEL ALCIDES CARRIÓN,SAN PEDRO DE PILLAO,pending,
distrital,180206,PASCO,DANIEL ALCIDES CARRIÓN,SANTA ANA DE TUSI,pending,
distrital,180207,PASCO,DANIEL ALCIDES CARRIÓN,TAPUC,pending,
distrital,180208,PASCO,DANIEL ALCIDES CARRIÓN,VILCABAMBA,pending,
distrital,180301,PASCO,OXAPAMPA,OXAPAMPA,pending,
distrital,180302,PASCO,OXAPAMPA,CHONTABAMBA,pending,
distrital,180303,PASCO,OXAPAMPA,HUANCABAMBA,pending,
distrital,180304,PASCO,OXAPAMPA,PUERTO BERMÚDEZ,pending,
distrital,180305,PASCO,OXAPAMPA,VILLA RICA,pending,
distrital,180306,PASCO,OXAPAMPA,POZUZO,pending,
distrital,180307,PASCO,OXAPAMPA,PALCAZU,pending,
distrital,180308,PASCO,OXAPAMPA,CONSTITUCIÓN,pending,
distrital,190101,PIURA,PIURA,PIURA,pending,
distrital,190103,PIURA,PIURA,CASTILLA,pending,
distrital,190104,PIURA,PIURA,CATACAOS,pending,
distrital,190105,PIURA,PIURA,LA ARENA,pending,
distrital,190106,PIURA,PIURA,LA UNIÓN,pending,
distrital,190107,PIURA,PIURA,LAS LOMAS,pending,
distrital,190109,PIURA,PIURA,TAMBO GRANDE,pending,
distrital,190113,PIURA,PIURA,CURA MORI,pending,
distrital,190114,PIURA,PIURA,EL TALLÁN,pending,
distrital,190115,PIURA,PIURA,VEINTISÉIS DE OCTUBRE,pending,
distrital,190201,PIURA,AYABACA,AYABACA,pending,
distrital,190202,PIURA,AYABACA,FRÍAS,pending,
distrital,190203,PIURA,AYABACA,LAGUNAS,pending,
distrital,190204,PIURA,AYABACA,MONTERO,pending,
distrital,190205,PIURA,AYABACA,PACAIPAMPA,pending,
distrital,190206,PIURA,AYABACA,SAPILLICA,pending,
distrital,190207,PIURA,AYABACA,SICCHEZ,pending,
distrital,190208,PIURA,AYABACA,SUYO,pending,
distrital,190209,PIURA,AYABACA,JILILÍ,pending,
distrital,190210,PIURA,AYABACA,PAIMAS,pending,
distrital,190301,PIURA,HUANCABAMBA,HUANCABAMBA,pending,
distrital,190302,PIURA,HUANCABAMBA,CANCHAQUE,pending,
distrital,190303,PIURA,HUANCABAMBA,HUARMACA,pending,
distrital,190304,PIURA,HUANCABAMBA,SONDOR,pending,
distrital,190305,PIURA,HUANCABAMBA,SONDORILLO,pending,
distrital,190306,PIURA,HUANCABAMBA,EL CARMEN DE LA FRONTERA,pending,
distrital,190307,PIURA,HUANCABAMBA,SAN MIGUEL DE EL FAIQUE,pending,
distrital,190308,PIURA,HUANCABAMBA,LALAQUIZ,pending,
distrital,190401,PIURA,MORROPÓN,CHULUCANAS,pending,
distrital,190402,PIURA,MORROPÓN,BUENOS AIRES,pending,
distrital,190403,PIURA,MORROPÓN,CHALACO,pending,
distrital,190404,PIURA,MORROPÓN,MORROPÓN,pending,
distrital,190405,PIURA,MORROPÓN,SALITRAL,pending,
distrital,190406,PIURA,MORROPÓN,SANTA CATALINA DE MOSSA,pending,
distrital,190407,PIURA,MORROPÓN,SANTO DOMINGO,pending,
distrital,190408,PIURA,MORROPÓN,LA MATANZA,pending,
distrital,190409,PIURA,MORROPÓN,YAMANGO,pending,
distrital,190410,PIURA,MORROPÓN,SAN JUAN DE BIGOTE,pending,
distrital,190501,PIURA,PAITA,PAITA,pending,
distrital,190502,PIURA,PAITA,AMOTAPE,pending,
distrital,190503,PIURA,PAITA,ARENAL,pending,
distrital,190504,PIURA,PAITA,LA HUACA,pending,
distrital,190505,PIURA,PAITA,COLÁN,pending,
distrital,190506,PIURA,PAITA,TAMARINDO,pending,
distrital,190507,PIURA,PAITA,VICHAYAL,pending,
distrital,190601,PIURA,SULLANA,SULLANA,pending,
distrital,190602,PIURA,SULLANA,BELLAVISTA,pending,
distrital,190603,PIURA,SULLANA,LANCONES,pending,
distrital,190604,PIURA,SULLANA,MARCAVELICA,pending,
distrital,190605,PIURA,SULLANA,MIGUEL CHECA,pending,
distrital,190606,PIURA,SULLANA,QUERECOTILLO,pending,
distrital,190607,PIURA,SULLANA,SALITRAL,pending,
distrital,190608,PIURA,SULLANA,IGNACIO ESCUDERO,pending,
distrital,190701,PIURA,TALARA,PARIÑAS,pending,
distrital,190702,PIURA,TALARA,EL ALTO,pending,
distrital,190703,PIURA,TALARA,LA BREA,pending,
distrital,190704,PIURA,TALARA,LOBITOS,pending,
distrital,190705,PIURA,TALARA,MÁNCORA,pending,
distrital,190706,PIURA,TALARA,LOS ÓRGANOS,pending,
distrital,190801,PIURA,SECHURA,SECHURA,pending,
distrital,190802,PIURA,SECHURA,VICE,pending,
distrital,190803,PIURA,SECHURA,BERNAL,pending,
distrital,190804,PIURA,SECHURA,BELLAVISTA DE LA UNIÓN,pending,
distrital,190805,PIURA,SECHURA,CRISTO NOS VALGA,pending,
distrital,190806,PIURA,SECHURA,RINCONADA LLICUAR,pending,
distrital,200101,PUNO,PUNO,PUNO,pending,
distrital,200102,PUNO,PUNO,ACORA,pending,
distrital,200103,PUNO,PUNO,ATUNCOLLA,pending,
distrital,200104,PUNO,PUNO,CAPACHICA,pending,
distrital,200105,PUNO,PUNO,COATA,pending,
distrital,200106,PUNO,PUNO,CHUCUITO,pending,
distrital,200107,PUNO,PUNO,HUATA,pending,
distrital,200108,PUNO,PUNO,MAÑAZO,pending,
distrital,200109,PUNO,PUNO,PAUCARCOLLA,pending,
distrital,200110,PUNO,PUNO,PICHACANI,pending,
distrital,200111,PUNO,PUNO,SAN ANTONIO,pending,
distrital,200112,PUNO,PUNO,TIQUILLACA,pending,
distrital,200113,PUNO,PUNO,VILQUE,pending,
distrital,200114,PUNO,PUNO,PLATERIA,pending,
distrital,200115,PUNO,PUNO,AMANTANI,pending,
distrital,200201,PUNO,AZÁNGARO,AZÁNGARO,pending,
distrital,200202,PUNO,AZÁNGARO,ACHAYA,pending,
distrital,200203,PUNO,AZÁNGARO,ARAPA,pending,
distrital,200204,PUNO,AZÁNGARO,ASILLO,pending,
distrital,200205,PUNO,AZÁNGARO,CAMINACA,pending,
distrital,200206,PUNO,AZÁNGARO,CHUPA,pending,
distrital,200207,PUNO,AZÁNGARO,JOSÉ DOMINGO CHOQUEHUANCA,pending,
distrital,200208,PUNO,AZÁNGARO,MUÑANI,pending,
distrital,200210,PUNO,AZÁNGARO,POTONI,pending,
distrital,200212,PUNO,AZÁNGARO,SAMAN,pending,
distrital,200213,PUNO,AZÁNGARO,SAN ANTON,pending,
distrital,200214,PUNO,AZÁNGARO,SAN JOSÉ,pending,
distrital,200215,PUNO,AZÁNGARO,SAN JUAN DE SALINAS,pending,
distrital,200216,PUNO,AZÁNGARO,SANTIAGO DE PUPUJA,pending,
distrital,200217,PUNO,AZÁNGARO,TIRAPATA,pending,
distrital,200301,PUNO,CARABAYA,MACUSANI,pending,
distrital,200302,PUNO,CARABAYA,AJOYANI,pending,
distrital,200303,PUNO,CARABAYA,AYAPATA,pending,
distrital,200304,PUNO,CARABAYA,COASA,pending,
distrital,200305,PUNO,CARABAYA,CORANI,pending,
distrital,200306,PUNO,CARABAYA,CRUCERO,pending,
distrital,200307,PUNO,CARABAYA,ITUATA,pending,
distrital,200308,PUNO,CARABAYA,OLLACHEA,pending,
distrital,200309,PUNO,CARABAYA,SAN GABÁN,pending,
distrital,200310,PUNO,CARABAYA,USICAYOS,pending,
distrital,200401,PUNO,CHUCUITO,JULI,pending,
distrital,200402,PUNO,CHUCUITO,DESAGUADERO,pending,
distrital,200403,PUNO,CHUCUITO,HUACULLANI,pending,
distrital,200406,PUNO,CHUCUITO,PISACOMA,pending,
distrital,200407,PUNO,CHUCUITO,POMATA,pending,
distrital,200410,PUNO,CHUCUITO,ZEPITA,pending,
distrital,200412,PUNO,CHUCUITO,KELLUYO,pending,
distrital,200501,PUNO,HUANCANÉ,HUANCANÉ,pending,
distrital,200502,PUNO,HUANCANÉ,COJATA,pending,
distrital,200504,PUNO,HUANCANÉ,INCHUPALLA,pending,
distrital,200506,PUNO,HUANCANÉ,PUSI,pending,
distrital,200507,PUNO,HUANCANÉ,ROSASPATA,pending,
distrital,200508,PUNO,HUANCANÉ,TARACO,pending,
distrital,200509,PUNO,HUANCANÉ,VILQUE CHICO,pending,
distrital,200511,PUNO,HUANCANÉ,HUATASANI,pending,
distrital,200601,PUNO,LAMPA,LAMPA,pending,
distrital,200602,PUNO,LAMPA,CABANILLA,pending,
distrital,200603,PUNO,LAMPA,CALAPUJA,pending,
distrital,200604,PUNO,LAMPA,NICASIO,pending,
distrital,200605,PUNO,LAMPA,OCUVIRI,pending,
distrital,200606,PUNO,LAMPA,PALCA,pending,
distrital,200607,PUNO,LAMPA,PARATIA,pending,
distrital,200608,PUNO,LAMPA,PUCARA,pending,
distrital,200609,PUNO,LAMPA,SANTA LUCÍA,pending,
distrital,200610,PUNO,LAMPA,VILAVILA,pending,
distrital,200701,PUNO,MELGAR,AYAVIRI,pending,
distrital,200702,PUNO,MELGAR,ANTAUTA,pending,
distrital,200703,PUNO,MELGAR,CUPI,pending,
distrital,200704,PUNO,MELGAR,LLALLI,pending,
distrital,200705,PUNO,MELGAR,MACARI,pending,
distrital,200706,PUNO,MELGAR,NUÑOA,pending,
distrital,200707,PUNO,MELGAR,ORURILLO,pending,
distrital,200708,PUNO,MELGAR,SANTA ROSA,pending,
distrital,200709,PUNO,MELGAR,UMACHIRI,pending,
distrital,200801,PUNO,SANDIA,SANDIA,pending,
distrital,200803,PUNO,SANDIA,CUYOCUYO,pending,
distrital,200804,PUNO,SANDIA,LIMBANI,pending,
distrital,200805,PUNO,SANDIA,PHARA,pending,
distrital,200806,PUNO,SANDIA,PATAMBUCO,pending,
distrital,200807,PUNO,SANDIA,QUIACA,pending,
distrital,200808,PUNO,SANDIA,SAN JUAN DEL ORO,pending,
distrital,200810,PUNO,SANDIA,YANAHUAYA,pending,
distrital,200811,PUNO,SANDIA,ALTO INAMBARI,pending,
distrital,200812,PUNO,SANDIA,SAN PEDRO DE PUTINA PUNCO,pending,
distrital,200901,PUNO,SAN ROMÁN,JULIACA,pending,
distrital,200902,PUNO,SAN ROMÁN,CABANA,pending,
distrital,200903,PUNO,SAN ROMÁN,CABANILLAS,pending,
distrital,200904,PUNO,SAN ROMÁN,CARACOTO,pending,
distrital,200905,PUNO,SAN ROMÁN,SAN MIGUEL,pending,
distrital,201001,PUNO,YUNGUYO,YUNGUYO,pending,
distrital,201002,PUNO,YUNGUYO,UNICACHI,pending,
distrital,201003,PUNO,YUNGUYO,ANAPIA,pending,
distrital,201004,PUNO,YUNGUYO,COPANI,pending,
distrital,201005,PUNO,YUNGUYO,CUTURAPI,pending,
distrital,201006,PUNO,YUNGUYO,OLLARAYA,pending,
distrital,201007,PUNO,YUNGUYO,TINICACHI,pending,
distrital,201101,PUNO,SAN ANTONIO DE PUTINA,PUTINA,pending,
distrital,201102,PUNO,SAN ANTONIO DE PUTINA,PEDRO VILCA APAZA,pending,
distrital,201103,PUNO,SAN ANTONIO DE PUTINA,QUILCAPUNCU,pending,
distrital,201104,PUNO,SAN ANTONIO DE PUTINA,ANANEA,pending,
distrital,201105,PUNO,SAN ANTONIO DE PUTINA,SINA,pending,
distrital,201201,PUNO,EL COLLAO,ILAVE,pending,
distrital,201202,PUNO,EL COLLAO,PILCUYO,pending,
distrital,201203,PUNO,EL COLLAO,SANTA ROSA,pending,
distrital,201204,PUNO,EL COLLAO,CAPASO,pending,
distrital,201205,PUNO,EL COLLAO,CONDURIRI,pending,
distrital,201301,PUNO,MOHO,MOHO,pending,
distrital,201302,PUNO,MOHO,CONIMA,pending,
distrital,201303,PUNO,MOHO,TILALI,pending,
distrital,201304,PUNO,MOHO,HUAYRAPATA,pending,
distrital,210101,SAN MARTÍN,MOYOBAMBA,MOYOBAMBA,pending,
distrital,210102,SAN MARTÍN,MOYOBAMBA,CALZADA,pending,
distrital,210103,SAN MARTÍN,MOYOBAMBA,HABANA,pending,
distrital,210104,SAN MARTÍN,MOYOBAMBA,JEPELACIO,pending,
distrital,210105,SAN MARTÍN,MOYOBAMBA,SORITOR,pending,
distrital,210106,SAN MARTÍN,MOYOBAMBA,YANTALÓ,pending,
distrital,210201,SAN MARTÍN,HUALLAGA,SAPOSOA,pending,
distrital,210202,SAN MARTÍN,HUALLAGA,PISCOYACU,pending,
distrital,210203,SAN MARTÍN,HUALLAGA,SACANCHE,pending,
distrital,210204,SAN MARTÍN,HUALLAGA,TINGO DE SAPOSOA,pending,
distrital,210205,SAN MARTÍN,HUALLAGA,ALTO SAPOSOA,pending,
distrital,210206,SAN MARTÍN,HUALLAGA,EL ESLABÓN,pending,
distrital,210301,SAN MARTÍN,LAMAS,LAMAS,pending,
distrital,210303,SAN MARTÍN,LAMAS,BARRANQUITA,pending,
distrital,210304,SAN MARTÍN,LAMAS,CAYNARACHI,pending,
distrital,210305,SAN MARTÍN,LAMAS,CUÑUMBUQUI,pending,
distrital,210306,SAN MARTÍN,LAMAS,PINTO RECODO,pending,
distrital,210307,SAN MARTÍN,LAMAS,RUMISAPA,pending,
distrital,210311,SAN MARTÍN,LAMAS,SHANAO,pending,
distrital,210313,SAN MARTÍN,LAMAS,TABALOSOS,pending,
distrital,210314,SAN MARTÍN,LAMAS,ZAPATERO,pending,
distrital,210315,SAN MARTÍN,LAMAS,ALONSO DE ALVARADO,pending,
distrital,210316,SAN MARTÍN,LAMAS,SAN ROQUE DE CUMBAZA,pending,
distrital,210401,SAN MARTÍN,MARISCAL CÁCERES,JUANJUI,pending,
distrital,210402,SAN MARTÍN,MARISCAL CÁCERES,CAMPANILLA,pending,
distrital,210403,SAN MARTÍN,MARISCAL CÁCERES,HUICUNGO,pending,
distrital,210404,SAN MARTÍN,MARISCAL CÁCERES,PACHIZA,pending,
distrital,210405,SAN MARTÍN,MARISCAL CÁCERES,PAJARILLO,pending,
distrital,210501,SAN MARTÍN,RIOJA,RIOJA,pending,
distrital,210502,SAN MARTÍN,RIOJA,POSIC,pending,
distrital,210503,SAN MARTÍN,RIOJA,YORONGOS,pending,
distrital,210504,SAN MARTÍN,RIOJA,YURACYACU,pending,
distrital,210505,SAN MARTÍN,RIOJA,NUEVA CAJAMARCA,pending,
distrital,210506,SAN MARTÍN,RIOJA,ELÍAS SOPLÍN VARGAS,pending,
distrital,210507,SAN MARTÍN,RIOJA,SAN FERNANDO,pending,
distrital,210508,SAN MARTÍN,RIOJA,PARDO MIGUEL,pending,
distrital,210509,SAN MARTÍN,RIOJA,AWAJUN,pending,
distrital,210601,SAN MARTÍN,SAN MARTÍN,TARAPOTO,pending,
distrital,210602,SAN MARTÍN,SAN MARTÍN,ALBERTO LEVEAU,pending,
distrital,210604,SAN MARTÍN,SAN MARTÍN,CACATACHI,pending,
distrital,210606,SAN MARTÍN,SAN MARTÍN,CHAZUTA,pending,
distrital,210607,SAN MARTÍN,SAN MARTÍN,CHIPURANA,pending,
distrital,210608,SAN MARTÍN,SAN MARTÍN,EL PORVENIR,pending,
distrital,210609,SAN MARTÍN,SAN MARTÍN,HUIMBAYOC,pending,
distrital,210610,SAN MARTÍN,SAN MARTÍN,JUAN GUERRA,pending,
distrital,210611,SAN MARTÍN,SAN MARTÍN,MORALES,pending,
distrital,210612,SAN MARTÍN,SAN MARTÍN,PAPAPLAYA,pending,
distrital,210616,SAN MARTÍN,SAN MARTÍN,SAN ANTONIO,pending,
distrital,210619,SAN MARTÍN,SAN MARTÍN,SAUCE,pending,
distrital,210620,SAN MARTÍN,SAN MARTÍN,SHAPAJA,pending,
distrital,210621,SAN MARTÍN,SAN MARTÍN,LA BANDA DE SHILCAYO,pending,
distrital,210701,SAN MARTÍN,BELLAVISTA,BELLAVISTA,pending,
distrital,210702,SAN MARTÍN,BELLAVISTA,SAN RAFAEL,pending,
distrital,210703,SAN MARTÍN,BELLAVISTA,SAN PABLO,pending,
distrital,210704,SAN MARTÍN,BELLAVISTA,ALTO BIAVO,pending,
distrital,210705,SAN MARTÍN,BELLAVISTA,HUALLAGA,pending,
distrital,210706,SAN MARTÍN,BELLAVISTA,BAJO BIAVO,pending,
distrital,210801,SAN MARTÍN,TOCACHE,TOCACHE,pending,
distrital,210802,SAN MARTÍN,TOCACHE,NUEVO PROGRESO,pending,
distrital,210803,SAN MARTÍN,TOCACHE,PÓLVORA,pending,
distrital,210804,SAN MARTÍN,TOCACHE,SHUNTE,pending,
distrital,210805,SAN MARTÍN,TOCACHE,UCHIZA,pending,
distrital,210806,SAN MARTÍN,TOCACHE,SANTA LUCÍA,pending,
distrital,210901,SAN MARTÍN,PICOTA,PICOTA,pending,
distrital,210902,SAN MARTÍN,PICOTA,BUENOS AIRES,pending,
distrital,210903,SAN MARTÍN,PICOTA,CASPISAPA,pending,
distrital,210904,SAN MARTÍN,PICOTA,PILLUANA,pending,
distrital,210905,SAN MARTÍN,PICOTA,PUCACACA,pending,
distrital,210906,SAN MARTÍN,PICOTA,SAN CRISTÓBAL,pending,
distrital,210907,SAN MARTÍN,PICOTA,SAN HILARIÓN,pending,
distrital,210908,SAN MARTÍN,PICOTA,TINGO DE PONASA,pending,
distrital,210909,SAN MARTÍN,PICOTA,TRES UNIDOS,pending,
distrital,210910,SAN MARTÍN,PICOTA,SHAMBOYACU,pending,
distrital,211001,SAN MARTÍN,EL DORADO,SAN JOSÉ DE SISA,pending,
distrital,211002,SAN MARTÍN,EL DORADO,AGUA BLANCA,pending,
distrital,211003,SAN MARTÍN,EL DORADO,SHATOJA,pending,
distrital,211004,SAN MARTÍN,EL DORADO,SAN MARTÍN,pending,
distrital,211005,SAN MARTÍN,EL DORADO,SANTA ROSA,pending,
distrital,220101,TACNA,TACNA,TACNA,pending,
distrital,220102,TACNA,TACNA,CALANA,pending,
distrital,220104,TACNA,TACNA,INCLÁN,pending,
distrital,220107,TACNA,TACNA,PACHIA,pending,
distrital,220108,TACNA,TACNA,PALCA,pending,
distrital,220109,TACNA,TACNA,POCOLLAY,pending,
distrital,220110,TACNA,TACNA,SAMA,pending,
distrital,220111,TACNA,TACNA,ALTO DE LA ALIANZA,pending,
distrital,220112,TACNA,TACNA,CIUDAD NUEVA,pending,
distrital,220113,TACNA,TACNA,CORONEL GREGORIO ALBARRACÍN LANCHIPA,pending,
distrital,220114,TACNA,TACNA,LA YARADA LOS PALOS,pending,
distrital,220201,TACNA,TARATA,TARATA,pending,
distrital,220205,TACNA,TARATA,HÉROES ALBARRACÍN,pending,
distrital,220206,TACNA,TARATA,ESTIQUE,pending,
distrital,220207,TACNA,TARATA,ESTIQUE PAMPA,pending,
distrital,220210,TACNA,TARATA,SITAJARA,pending,
distrital,220211,TACNA,TARATA,SUSAPAYA,pending,
distrital,220212,TACNA,TARATA,TARUCACHI,pending,
distrital,220213,TACNA,TARATA,TICACO,pending,
distrital,220301,TACNA,JORGE BASADRE,LOCUMBA,pending,
distrital,220302,TACNA,JORGE BASADRE,ITE,pending,
distrital,220303,TACNA,JORGE BASADRE,ILABAYA,pending,
distrital,220401,TACNA,CANDARAVE,CANDARAVE,pending,
distrital,220402,TACNA,CANDARAVE,CAIRANI,pending,
distrital,220403,TACNA,CANDARAVE,CURIBAYA,pending,
distrital,220404,TACNA,CANDARAVE,HUANUARA,pending,
distrital,220405,TACNA,CANDARAVE,QUILAHUANI,pending,
distrital,220406,TACNA,CANDARAVE,CAMILACA,pending,
distrital,230101,TUMBES,TUMBES,TUMBES,pending,
distrital,230102,TUMBES,TUMBES,CORRALES,pending,
distrital,230103,TUMBES,TUMBES,LA CRUZ,pending,
distrital,230104,TUMBES,TUMBES,PAMPAS DE HOSPITAL,pending,
distrital,230105,TUMBES,TUMBES,SAN JACINTO,pending,
distrital,230106,TUMBES,TUMBES,SAN JUAN DE LA VIRGEN,pending,
distrital,230201,TUMBES,CONTRALMIRANTE VILLAR,ZORRITOS,pending,
distrital,230202,TUMBES,CONTRALMIRANTE VILLAR,CASITAS,pending,
distrital,230203,TUMBES,CONTRALMIRANTE VILLAR,CANOAS DE PUNTA SAL,pending,
distrital,230301,TUMBES,ZARUMILLA,ZARUMILLA,pending,
distrital,230302,TUMBES,ZARUMILLA,MATAPALO,pending,
distrital,230303,TUMBES,ZARUMILLA,PAPAYAL,pending,
distrital,230304,TUMBES,ZARUMILLA,AGUAS VERDES,pending,
distrital,240101,CALLAO,CALLAO,CALLAO,pending,
distrital,240102,CALLAO,CALLAO,BELLAVISTA,pending,
distrital,240103,CALLAO,CALLAO,LA PUNTA,pending,
distrital,240104,CALLAO,CALLAO,CARMEN DE LA LEGUA - REYNOSO,pending,
distrital,240105,CALLAO,CALLAO,LA PERLA,pending,
distrital,240106,CALLAO,CALLAO,VENTANILLA,pending,
distrital,240107,CALLAO,CALLAO,MI PERÚ,pending,
distrital,250101,UCAYALI,CORONEL PORTILLO,CALLERIA,pending,
distrital,250102,UCAYALI,CORONEL PORTILLO,YARINACOCHA,pending,
distrital,250103,UCAYALI,CORONEL PORTILLO,MASISEA,pending,
distrital,250104,UCAYALI,CORONEL PORTILLO,CAMPOVERDE,pending,
distrital,250105,UCAYALI,CORONEL PORTILLO,IPARÍA,pending,
distrital,250106,UCAYALI,CORONEL PORTILLO,NUEVA REQUENA,pending,
distrital,250107,UCAYALI,CORONEL PORTILLO,MANANTAY,pending,
distrital,250201,UCAYALI,PADRE ABAD,PADRE ABAD,pending,
distrital,250202,UCAYALI,PADRE ABAD,IRAZOLA,pending,
distrital,250203,UCAYALI,PADRE ABAD,CURIMANÁ,pending,
distrital,250204,UCAYALI,PADRE ABAD,NESHUYA,pending,
distrital,250205,UCAYALI,PADRE ABAD,ALEXANDER VON HUMBOLDT,pending,
distrital,250206,UCAYALI,PADRE ABAD,BOQUERÓN,pending,
distrital,250207,UCAYALI,PADRE ABAD,HUIPOCA,pending,
distrital,250301,UCAYALI,ATALAYA,RAIMONDI,pending,
distrital,250302,UCAYALI,ATALAYA,TAHUANIA,pending,
distrital,250303,UCAYALI,ATALAYA,YURÚA,pending,
distrital,250304,UCAYALI,ATALAYA,SEPAHUA,pending,
distrital,250401,UCAYALI,PURÚS,PURÚS,pending,
provincial,010100,AMAZONAS,CHACHAPOYAS,,downloaded,
provincial,010200,AMAZONAS,BAGUA,,downloaded,
provincial,010300,AMAZONAS,BONGARÁ,,downloaded,
provincial,010400,AMAZONAS,LUYA,,downloaded,
provincial,010500,AMAZONAS,RODRÍGUEZ DE MENDOZA,,downloaded,
provincial,010600,AMAZONAS,CONDORCANQUI,,downloaded,
provincial,010700,AMAZONAS,UTCUBAMBA,,downloaded,
provincial,020100,ÁNCASH,HUARAZ,,downloaded,
provincial,020200,ÁNCASH,AIJA,,downloaded,
provincial,020300,ÁNCASH,BOLOGNESI,,downloaded,
provincial,020400,ÁNCASH,CARHUAZ,,downloaded,
provincial,020500,ÁNCASH,CASMA,,downloaded,
provincial,020600,ÁNCASH,CORONGO,,downloaded,
provincial,020700,ÁNCASH,HUAYLAS,,downloaded,
provincial,020800,ÁNCASH,HUARI,,downloaded,
provincial,020900,ÁNCASH,MARISCAL LUZURIAGA,,downloaded,
provincial,021000,ÁNCASH,PALLASCA,,downloaded,
provincial,021100,ÁNCASH,POMABAMBA,,downloaded,
provincial,021200,ÁNCASH,RECUAY,,downloaded,
provincial,021300,ÁNCASH,SANTA,,downloaded,
provincial,021400,ÁNCASH,SIHUAS,,downloaded,
provincial,021500,ÁNCASH,YUNGAY,,downloaded,
provincial,021600,ÁNCASH,ANTONIO RAIMONDI,,downloaded,
provincial,021700,ÁNCASH,CARLOS FERMÍN FITZCARRALD,,downloaded,
provincial,021800,ÁNCASH,ASUNCIÓN,,downloaded,
provincial,021900,ÁNCASH,HUARMEY,,downloaded,
provincial,022000,ÁNCASH,OCROS,,downloaded,
provincial,030100,APURÍMAC,ABANCAY,,downloaded,
provincial,030200,APURÍMAC,AYMARAES,,downloaded,
provincial,030300,APURÍMAC,ANDAHUAYLAS,,downloaded,
provincial,030400,APURÍMAC,ANTABAMBA,,downloaded,
provincial,030500,APURÍMAC,COTABAMBAS,,downloaded,
provincial,030600,APURÍMAC,GRAU,,downloaded,
provincial,030700,APURÍMAC,CHINCHEROS,,downloaded,
provincial,040100,AREQUIPA,AREQUIPA,,downloaded,
provincial,040200,AREQUIPA,CAYLLOMA,,downloaded,
provincial,040300,AREQUIPA,CAMANÁ,,downloaded,
provincial,040400,AREQUIPA,CARAVELÍ,,downloaded,
provincial,040500,AREQUIPA,CASTILLA,,downloaded,
provincial,040600,AREQUIPA,CONDESUYOS,,downloaded,
provincial,040700,AREQUIPA,ISLAY,,downloaded,
provincial,040800,AREQUIPA,LA UNIÓN,,downloaded,
provincial,050100,AYACUCHO,HUAMANGA,,downloaded,
provincial,050200,AYACUCHO,CANGALLO,,downloaded,
provincial,050300,AYACUCHO,HUANTA,,downloaded,
provincial,050400,AYACUCHO,LA MAR,,downloaded,
provincial,050500,AYACUCHO,LUCANAS,,downloaded,
provincial,050600,AYACUCHO,PARINACOCHAS,,downloaded,
provincial,050700,AYACUCHO,VÍCTOR FAJARDO,,downloaded,
provincial,050800,AYACUCHO,HUANCA SANCOS,,downloaded,
provincial,050900,AYACUCHO,VILCAS HUAMÁN,,downloaded,
provincial,051000,AYACUCHO,PÁUCAR DEL SARA SARA,,downloaded,
provincial,051100,AYACUCHO,SUCRE,,downloaded,
provincial,060100,CAJAMARCA,CAJAMARCA,,downloaded,
provincial,060200,CAJAMARCA,CAJABAMBA,,downloaded,
provincial,060300,CAJAMARCA,CELENDÍN,,downloaded,
provincial,060400,CAJAMARCA,CONTUMAZA,,downloaded,
provincial,060500,CAJAMARCA,CUTERVO,,downloaded,
provincial,060600,CAJAMARCA,CHOTA,,downloaded,
provincial,060700,CAJAMARCA,HUALGAYOC,,downloaded,
provincial,060800,CAJAMARCA,JAÉN,,downloaded,
provincial,060900,CAJAMARCA,SANTA CRUZ,,downloaded,
provincial,061000,CAJAMARCA,SAN MIGUEL,,downloaded,
provincial,061100,CAJAMARCA,SAN IGNACIO,,downloaded,
provincial,061200,CAJAMARCA,SAN MARCOS,,downloaded,
provincial,061300,CAJAMARCA,SAN PABLO,,downloaded,
provincial,070100,CUSCO,CUSCO,,downloaded,
provincial,070200,CUSCO,ACOMAYO,,downloaded,
provincial,070300,CUSCO,ANTA,,downloaded,
provincial,070400,CUSCO,CALCA,,downloaded,
provincial,070500,CUSCO,CANAS,,downloaded,
provincial,070600,CUSCO,CANCHIS,,downloaded,
provincial,070700,CUSCO,CHUMBIVILCAS,,downloaded,
provincial,070800,CUSCO,ESPINAR,,downloaded,
provincial,070900,CUSCO,LA CONVENCIÓN,,downloaded,
provincial,071000,CUSCO,PARURO,,downloaded,
provincial,071100,CUSCO,PAUCARTAMBO,,downloaded,
provincial,071200,CUSCO,QUISPICANCHI,,downloaded,
provincial,071300,CUSCO,URUBAMBA,,downloaded,
provincial,080100,HUANCAVELICA,HUANCAVELICA,,downloaded,
provincial,080200,HUANCAVELICA,ACOBAMBA,,downloaded,
provincial,080300,HUANCAVELICA,ANGARAES,,downloaded,
provincial,080400,HUANCAVELICA,CASTROVIRREYNA,,downloaded,
provincial,080500,HUANCAVELICA,TAYACAJA,,downloaded,
provincial,080600,HUANCAVELICA,HUAYTARA,,downloaded,
provincial,080700,HUANCAVELICA,CHURCAMPA,,downloaded,
provincial,090100,HUÁNUCO,HUÁNUCO,,downloaded,
provincial,090200,HUÁNUCO,AMBO,,downloaded,
provincial,090300,HUÁNUCO,DOS DE MAYO,,downloaded,
provincial,090400,HUÁNUCO,HUAMALIES,,downloaded,
provincial,090500,HUÁNUCO,MARAÑÓN,,downloaded,
provincial,090600,HUÁNUCO,LEONCIO PRADO,,downloaded,
provincial,090700,HUÁNUCO,PACHITEA,,downloaded,
provincial,090800,HUÁNUCO,PUERTO INCA,,downloaded,
provincial,090900,HUÁNUCO,HUACAYBAMBA,,downloaded,
provincial,091000,HUÁNUCO,LAURICOCHA,,downloaded,
provincial,091100,HUÁNUCO,YAROWILCA,,downloaded,
provincial,100100,ICA,ICA,,downloaded,
provincial,100200,ICA,CHINCHA,,downloaded,
provincial,100300,ICA,NASCA,,downloaded,
provincial,100400,ICA,PISCO,,downloaded,
provincial,100500,ICA,PALPA,,downloaded,
provincial,110100,JUNÍN,HUANCAYO,,downloaded,
provincial,110200,JUNÍN,CONCEPCIÓN,,downloaded,
provincial,110300,JUNÍN,JAUJA,,downloaded,
provincial,110400,JUNÍN,JUNÍN,,downloaded,
provincial,110500,JUNÍN,TARMA,,downloaded,
provincial,110600,JUNÍN,YAULI,,downloaded,
provincial,110700,JUNÍN,SATIPO,,downloaded,
provincial,110800,JUNÍN,CHANCHAMAYO,,downloaded,
provincial,110900,JUNÍN,CHUPACA,,downloaded,
provincial,120100,LA LIBERTAD,TRUJILLO,,downloaded,
provincial,120200,LA LIBERTAD,BOLÍVAR,,downloaded,
provincial,120300,LA LIBERTAD,SÁNCHEZ CARRIÓN,,downloaded,
provincial,120400,LA LIBERTAD,OTUZCO,,downloaded,
provincial,120500,LA LIBERTAD,PACASMAYO,,downloaded,
provincial,120600,LA LIBERTAD,PATAZ,,downloaded,
provincial,120700,LA LIBERTAD,SANTIAGO DE CHUCO,,downloaded,
provincial,120800,LA LIBERTAD,ASCOPE,,downloaded,
provincial,120900,LA LIBERTAD,CHEPÉN,,downloaded,
provincial,121000,LA LIBERTAD,JULCÁN,,downloaded,
provincial,121100,LA LIBERTAD,GRAN CHIMÚ,,downloaded,
provincial,121200,LA LIBERTAD,VIRÚ,,downloaded,
provincial,130100,LAMBAYEQUE,CHICLAYO,,downloaded,
provincial,130200,LAMBAYEQUE,FERREÑAFE,,downloaded,
provincial,130300,LAMBAYEQUE,LAMBAYEQUE,,downloaded,
provincial,140100,LIMA,LIMA,,downloaded,
provincial,140200,LIMA,CAJATAMBO,,downloaded,
provincial,140300,LIMA,CANTA,,downloaded,
provincial,140400,LIMA,CAÑETE,,downloaded,
provincial,140500,LIMA,HUAURA,,downloaded,
provincial,140600,LIMA,HUAROCHIRÍ,,downloaded,
provincial,140700,LIMA,YAUYOS,,downloaded,
provincial,140800,LIMA,HUARAL,,downloaded,
provincial,140900,LIMA,BARRANCA,,downloaded,
provincial,141000,LIMA,OYÓN,,downloaded,
provincial,150100,LORETO,MAYNAS,,downloaded,
provincial,150200,LORETO,ALTO AMAZONAS,,downloaded,
provincial,150300,LORETO,LORETO,,downloaded,
provincial,150400,LORETO,REQUENA,,downloaded,
provincial,150500,LORETO,UCAYALI,,downloaded,
provincial,150600,LORETO,MARISCAL RAMÓN CASTILLA,,downloaded,
provincial,150700,LORETO,DATEM DEL MARAÑÓN,,downloaded,
provincial,150900,LORETO,PUTUMAYO,,downloaded,
provincial,160100,MADRE DE DIOS,TAMBOPATA,,downloaded,
provincial,160200,MADRE DE DIOS,MANÚ,,downloaded,
provincial,160300,MADRE DE DIOS,TAHUAMANÚ,,downloaded,
provincial,170100,MOQUEGUA,MARISCAL NIETO,,downloaded,
provincial,170200,MOQUEGUA,GENERAL SÁNCHEZ CERRO,,downloaded,
provincial,170300,MOQUEGUA,ILO,,downloaded,
provincial,180100,PASCO,PASCO,,downloaded,
provincial,180200,PASCO,DANIEL ALCIDES CARRIÓN,,downloaded,
provincial,180300,PASCO,OXAPAMPA,,downloaded,
provincial,190100,PIURA,PIURA,,downloaded,
provincial,190200,PIURA,AYABACA,,downloaded,
provincial,190300,PIURA,HUANCABAMBA,,downloaded,
provincial,190400,PIURA,MORROPÓN,,downloaded,
provincial,190500,PIURA,PAITA,,downloaded,
provincial,190600,PIURA,SULLANA,,downloaded,
provincial,190700,PIURA,TALARA,,downloaded,
provincial,190800,PIURA,SECHURA,,downloaded,
provincial,200100,PUNO,PUNO,,downloaded,
provincial,200200,PUNO,AZÁNGARO,,downloaded,
provincial,200300,PUNO,CARABAYA,,downloaded,
provincial,200400,PUNO,CHUCUITO,,downloaded,
provincial,200500,PUNO,HUANCANÉ,,downloaded,
provincial,200600,PUNO,LAMPA,,downloaded,
provincial,200700,PUNO,MELGAR,,downloaded,
provincial,200800,PUNO,SANDIA,,downloaded,
provincial,200900,PUNO,SAN ROMÁN,,downloaded,
provincial,201000,PUNO,YUNGUYO,,downloaded,
provincial,201100,PUNO,SAN ANTONIO DE PUTINA,,downloaded,
provincial,201200,PUNO,EL COLLAO,,downloaded,
provincial,201300,PUNO,MOHO,,downloaded,
provincial,210100,SAN MARTÍN,MOYOBAMBA,,downloaded,
provincial,210200,SAN MARTÍN,HUALLAGA,,downloaded,
provincial,210300,SAN MARTÍN,LAMAS,,downloaded,
provincial,210400,SAN MARTÍN,MARISCAL CÁCERES,,downloaded,
provincial,210500,SAN MARTÍN,RIOJA,,downloaded,
provincial,210600,SAN MARTÍN,SAN MARTÍN,,downloaded,
provincial,210700,SAN MARTÍN,BELLAVISTA,,downloaded,
provincial,210800,SAN MARTÍN,TOCACHE,,downloaded,
provincial,210900,SAN MARTÍN,PICOTA,,downloaded,
provincial,211000,SAN MARTÍN,EL DORADO,,downloaded,
provincial,220100,TACNA,TACNA,,downloaded,
provincial,220200,TACNA,TARATA,,downloaded,
provincial,220300,TACNA,JORGE BASADRE,,downloaded,
provincial,220400,TACNA,CANDARAVE,,downloaded,
provincial,230100,TUMBES,TUMBES,,downloaded,
provincial,230200,TUMBES,CONTRALMIRANTE VILLAR,,downloaded,
provincial,230300,TUMBES,ZARUMILLA,,downloaded,
provincial,240100,CALLAO,CALLAO,,downloaded,
provincial,250100,UCAYALI,CORONEL PORTILLO,,downloaded,
provincial,250200,UCAYALI,PADRE ABAD,,downloaded,
provincial,250300,UCAYALI,ATALAYA,,downloaded,
provincial,250400,UCAYALI,PURÚS,,downloaded,
